run_id,network,line,direction,load_profile,sequence_source,stops,paths_from,E_dem_wh,E_planar_wh,climb_m,friction_wh,km,stop_energy_wh,kendall_tau_vs_as_found,heavy_first_index,heavy_first_index_load,mean_leg_climb_m,eta_regen,sequence,search_seconds,drawn_as,speed_kmh
2026-10-R1,distance_opt,Line 1,forward,constant_7pax,as_found,25,distance,2954.2,2139.3,142.6,11.5,8.379,1187.4,1.0,5.48,5.48,5.48,0.5,,,,
2026-10-R1,distance_opt,Line 1,forward,decreasing_equal,as_found,25,distance,2903.5,2138.7,142.6,11.1,8.379,1187.4,1.0,5.39,4.63,5.48,0.5,,,,
2026-10-R1,distance_opt,Line 1,forward,decreasing_demand,as_found,25,distance,2908.7,2142.1,142.6,11.6,8.379,1190.4,1.0,5.38,4.58,5.48,0.5,,,,
2026-10-R1,distance_opt,Line 1,reverse,constant_7pax,as_found,25,distance,2937.1,2139.3,143.0,13.8,8.379,1187.4,-1.0,5.5,5.5,5.5,0.5,,,,
2026-10-R1,distance_opt,Line 1,reverse,decreasing_equal,as_found,25,distance,2979.6,2138.7,143.0,12.8,8.379,1187.4,-1.0,5.56,6.06,5.5,0.5,,,,
2026-10-R1,distance_opt,Line 1,reverse,decreasing_demand,as_found,25,distance,2977.1,2135.3,143.0,12.4,8.379,1184.3,-1.0,5.58,6.2,5.5,0.5,,,,
2026-10-R1,distance_opt,Line 1,forward,constant_7pax,load_aware_dem,25,dem,2906.0,2178.7,136.0,13.4,8.52,1187.4,-0.9866666666666667,5.23,5.23,5.23,0.5,33 58 57 56 55 54 53 52 51 48 47 45 46 43 42 41 40 38 39 49 50 37 36 34 35,1.9,,
2026-10-R1,distance_opt,Line 1,reverse,constant_7pax,load_aware_dem,25,dem,2946.9,2178.7,137.7,9.7,8.52,1187.4,0.9866666666666667,5.3,5.3,5.3,0.5,33 58 57 56 55 54 53 52 51 48 47 45 46 43 42 41 40 38 39 49 50 37 36 34 35,1.9,,
2026-10-R1,distance_opt,Line 1,forward,decreasing_equal,load_aware_dem,25,dem,2855.4,2238.5,129.6,14.2,8.763,1187.4,0.9533333333333334,4.9,4.26,4.98,0.5,34 35 36 37 50 49 39 38 40 41 42 43 48 47 46 45 52 51 53 54 55 56 57 58 33,1.9,,
2026-10-R1,distance_opt,Line 1,reverse,decreasing_equal,load_aware_dem,25,dem,3040.1,2238.5,132.3,12.8,8.763,1187.4,-0.9533333333333334,5.16,5.75,5.09,0.5,34 35 36 37 50 49 39 38 40 41 42 43 48 47 46 45 52 51 53 54 55 56 57 58 33,1.9,,
2026-10-R1,distance_opt,Line 1,forward,decreasing_demand,load_aware_dem,25,dem,2850.2,2233.8,130.4,13.6,8.777,1183.5,0.7933333333333333,4.92,4.15,5.02,0.5,33 34 35 36 37 50 49 39 38 40 41 42 43 48 47 46 45 52 51 53 54 55 56 57 58,1.7,,
2026-10-R1,distance_opt,Line 1,reverse,decreasing_demand,load_aware_dem,25,dem,3044.7,2239.4,133.1,12.7,8.777,1191.2,-0.7933333333333333,5.16,5.46,5.12,0.5,33 34 35 36 37 50 49 39 38 40 41 42 43 48 47 46 45 52 51 53 54 55 56 57 58,1.7,,
2026-10-R1,distance_opt,Line 1,forward,constant_7pax,load_aware_planar,25,planar,2953.0,2137.6,142.5,8.7,8.384,1187.4,1.0,5.48,5.48,5.48,0.5,34 35 36 37 50 49 39 38 40 41 42 43 45 46 47 48 51 52 53 54 55 56 57 58 33,2.3,,
2026-10-R1,distance_opt,Line 1,reverse,constant_7pax,load_aware_planar,25,planar,2935.4,2137.6,143.2,13.8,8.384,1187.4,-1.0,5.51,5.51,5.51,0.5,34 35 36 37 50 49 39 38 40 41 42 43 45 46 47 48 51 52 53 54 55 56 57 58 33,2.3,,
2026-10-R1,distance_opt,Line 1,forward,decreasing_equal,load_aware_planar,25,planar,2907.8,2132.1,144.2,7.2,8.393,1187.4,0.82,5.42,4.41,5.55,0.5,33 34 35 36 37 50 49 39 38 40 41 42 43 47 45 46 48 52 51 53 54 55 56 57 58,3.4,,
2026-10-R1,distance_opt,Line 1,reverse,decreasing_equal,load_aware_planar,25,planar,2987.4,2132.1,145.4,12.4,8.393,1187.4,-0.82,5.62,5.86,5.59,0.5,33 34 35 36 37 50 49 39 38 40 41 42 43 47 45 46 48 52 51 53 54 55 56 57 58,3.4,,
2026-10-R1,distance_opt,Line 1,forward,decreasing_demand,load_aware_planar,25,planar,2900.0,2128.3,144.2,7.0,8.393,1182.6,0.82,5.43,4.49,5.55,0.5,33 34 35 36 37 50 49 39 38 40 41 42 43 47 45 46 48 52 51 53 54 55 56 57 58,2.1,,
2026-10-R1,distance_opt,Line 1,reverse,decreasing_demand,load_aware_planar,25,planar,2992.8,2135.0,145.4,12.6,8.393,1192.1,-0.82,5.6,5.68,5.59,0.5,33 34 35 36 37 50 49 39 38 40 41 42 43 47 45 46 48 52 51 53 54 55 56 57 58,2.1,,
2026-10-R1,distance_opt,Line 2,forward,constant_7pax,as_found,22,distance,3341.3,2262.9,176.4,47.2,8.719,1050.4,1.0,7.67,7.67,7.67,0.5,,,,
2026-10-R1,distance_opt,Line 2,forward,decreasing_equal,as_found,22,distance,3284.2,2235.0,176.4,31.0,8.719,1050.4,1.0,7.42,5.43,7.67,0.5,,,,
2026-10-R1,distance_opt,Line 2,forward,decreasing_demand,as_found,22,distance,3285.9,2236.1,176.4,31.3,8.719,1051.5,1.0,7.42,5.41,7.67,0.5,,,,
2026-10-R1,distance_opt,Line 2,reverse,constant_7pax,as_found,22,distance,3370.8,2262.9,176.1,37.0,8.719,1050.4,-1.0,7.66,7.66,7.66,0.5,,,,
2026-10-R1,distance_opt,Line 2,reverse,decreasing_equal,as_found,22,distance,3263.3,2235.0,176.1,31.0,8.719,1050.4,-1.0,7.3,4.42,7.66,0.5,,,,
2026-10-R1,distance_opt,Line 2,reverse,decreasing_demand,as_found,22,distance,3259.8,2233.6,176.1,30.6,8.719,1049.2,-1.0,7.3,4.38,7.66,0.5,,,,
2026-10-R1,distance_opt,Line 2,forward,constant_7pax,load_aware_dem,22,dem,3336.6,2271.9,172.0,52.8,8.804,1050.4,1.0,7.48,7.48,7.48,0.5,100 115 114 113 101 102 103 112 104 105 106 111 107 108 109 110 82 116 14 99 118 117,1.6,,
2026-10-R1,distance_opt,Line 2,reverse,constant_7pax,load_aware_dem,22,dem,3363.1,2271.9,171.8,37.5,8.804,1050.4,-1.0,7.47,7.47,7.47,0.5,100 115 114 113 101 102 103 112 104 105 106 111 107 108 109 110 82 116 14 99 118 117,1.6,,
2026-10-R1,distance_opt,Line 2,forward,decreasing_equal,load_aware_dem,22,dem,3272.1,2240.3,172.0,34.0,8.804,1050.4,0.974025974025974,7.22,5.16,7.48,0.5,100 115 114 113 101 102 103 112 104 105 106 111 107 108 109 110 82 116 118 99 14 117,1.3,,
2026-10-R1,distance_opt,Line 2,reverse,decreasing_equal,load_aware_dem,22,dem,3249.4,2240.3,171.8,30.1,8.804,1050.4,-0.974025974025974,7.1,4.15,7.47,0.5,100 115 114 113 101 102 103 112 104 105 106 111 107 108 109 110 82 116 118 99 14 117,1.3,,
2026-10-R1,distance_opt,Line 2,forward,decreasing_demand,load_aware_dem,22,dem,3272.8,2241.2,172.0,34.2,8.804,1051.3,0.974025974025974,7.21,5.12,7.48,0.5,100 115 114 113 101 102 103 112 104 105 106 111 107 108 109 110 82 116 118 99 14 117,1.4,,
2026-10-R1,distance_opt,Line 2,reverse,decreasing_demand,load_aware_dem,22,dem,3245.0,2238.8,171.8,29.8,8.804,1049.4,-0.974025974025974,7.1,4.07,7.47,0.5,100 115 114 113 101 102 103 112 104 105 106 111 107 108 109 110 82 116 118 99 14 117,1.4,,
2026-10-R1,distance_opt,Line 2,forward,constant_7pax,load_aware_planar,22,planar,3441.6,2262.5,188.7,40.5,8.775,1050.4,0.8787878787878788,8.2,8.2,8.2,0.5,100 115 114 101 102 103 112 104 105 106 111 107 108 109 110 82 116 113 14 99 118 117,1.5,,
2026-10-R1,distance_opt,Line 2,reverse,constant_7pax,load_aware_planar,22,planar,3469.0,2262.5,188.4,40.8,8.775,1050.4,-0.8787878787878788,8.19,8.19,8.19,0.5,100 115 114 101 102 103 112 104 105 106 111 107 108 109 110 82 116 113 14 99 118 117,1.5,,
2026-10-R1,distance_opt,Line 2,forward,decreasing_equal,load_aware_planar,22,planar,3276.6,2232.7,176.4,30.2,8.719,1050.4,0.974025974025974,7.39,5.16,7.67,0.5,100 115 114 113 101 102 103 112 104 105 106 111 107 108 109 110 82 116 118 99 14 117,1.4,,
2026-10-R1,distance_opt,Line 2,reverse,decreasing_equal,load_aware_planar,22,planar,3255.6,2232.7,176.1,30.1,8.719,1050.4,-0.974025974025974,7.27,4.15,7.66,0.5,100 115 114 113 101 102 103 112 104 105 106 111 107 108 109 110 82 116 118 99 14 117,1.4,,
2026-10-R1,distance_opt,Line 2,forward,decreasing_demand,load_aware_planar,22,planar,3277.3,2233.5,176.4,30.4,8.719,1051.3,0.974025974025974,7.38,5.12,7.67,0.5,100 115 114 113 101 102 103 112 104 105 106 111 107 108 109 110 82 116 118 99 14 117,1.1,,
2026-10-R1,distance_opt,Line 2,reverse,decreasing_demand,load_aware_planar,22,planar,3251.2,2231.2,176.1,29.7,8.719,1049.4,-0.974025974025974,7.26,4.07,7.66,0.5,100 115 114 113 101 102 103 112 104 105 106 111 107 108 109 110 82 116 118 99 14 117,1.2,,
2026-10-R1,distance_opt,Line 3,forward,constant_7pax,as_found,20,distance,4323.7,2782.8,225.1,111.0,10.548,959.0,1.0,10.72,10.72,10.72,0.5,,,,
2026-10-R1,distance_opt,Line 3,forward,decreasing_equal,as_found,20,distance,4397.5,2763.0,225.1,65.9,10.548,959.0,1.0,10.84,11.78,10.72,0.5,,,,
2026-10-R1,distance_opt,Line 3,forward,decreasing_demand,as_found,20,distance,4382.6,2759.5,225.1,65.5,10.548,956.0,1.0,10.84,11.89,10.72,0.5,,,,
2026-10-R1,distance_opt,Line 3,reverse,constant_7pax,as_found,20,distance,4078.7,2782.8,216.0,72.1,10.548,959.0,-1.0,10.29,10.29,10.29,0.5,,,,
2026-10-R1,distance_opt,Line 3,reverse,decreasing_equal,as_found,20,distance,3894.7,2763.0,216.0,84.5,10.548,959.0,-1.0,9.8,5.87,10.29,0.5,,,,
2026-10-R1,distance_opt,Line 3,reverse,decreasing_demand,as_found,20,distance,3897.6,2766.3,216.0,85.9,10.548,962.0,-1.0,9.77,5.78,10.29,0.5,,,,
2026-10-R1,distance_opt,Line 3,forward,constant_7pax,load_aware_dem,20,dem,4255.4,2815.9,221.4,111.8,10.674,959.0,1.0,10.54,10.54,10.54,0.5,81 95 94 96 97 98 83 84 93 92 91 90 89 88 87 86 85 78 79 80,1.6,,
2026-10-R1,distance_opt,Line 3,reverse,constant_7pax,load_aware_dem,20,dem,4201.8,2815.9,220.8,73.9,10.674,959.0,-1.0,10.51,10.51,10.51,0.5,81 95 94 96 97 98 83 84 93 92 91 90 89 88 87 86 85 78 79 80,1.6,,
2026-10-R1,distance_opt,Line 3,forward,decreasing_equal,load_aware_dem,20,dem,4338.3,2794.6,221.4,73.4,10.674,959.0,1.0,10.67,11.71,10.54,0.5,81 95 94 96 97 98 83 84 93 92 91 90 89 88 87 86 85 78 79 80,1.0,,
2026-10-R1,distance_opt,Line 3,reverse,decreasing_equal,load_aware_dem,20,dem,4009.3,2794.6,220.8,85.9,10.674,959.0,-1.0,10.0,5.93,10.51,0.5,81 95 94 96 97 98 83 84 93 92 91 90 89 88 87 86 85 78 79 80,1.0,,
2026-10-R1,distance_opt,Line 3,forward,decreasing_demand,load_aware_dem,20,dem,4323.6,2791.0,221.4,73.2,10.674,956.0,1.0,10.68,11.82,10.54,0.5,81 95 94 96 97 98 83 84 93 92 91 90 89 88 87 86 85 78 79 80,1.2,,
2026-10-R1,distance_opt,Line 3,reverse,decreasing_demand,load_aware_dem,20,dem,4012.3,2797.9,220.8,87.3,10.674,962.0,-1.0,9.97,5.84,10.51,0.5,81 95 94 96 97 98 83 84 93 92 91 90 89 88 87 86 85 78 79 80,1.2,,
2026-10-R1,distance_opt,Line 3,forward,constant_7pax,load_aware_planar,20,planar,4323.7,2782.8,225.1,111.0,10.548,959.0,1.0,10.72,10.72,10.72,0.5,81 95 94 96 97 98 83 84 93 92 91 90 89 88 87 86 85 78 79 80,1.3,,
2026-10-R1,distance_opt,Line 3,reverse,constant_7pax,load_aware_planar,20,planar,4078.7,2782.8,216.0,72.1,10.548,959.0,-1.0,10.29,10.29,10.29,0.5,81 95 94 96 97 98 83 84 93 92 91 90 89 88 87 86 85 78 79 80,1.3,,
2026-10-R1,distance_opt,Line 3,forward,decreasing_equal,load_aware_planar,20,planar,4397.5,2763.0,225.1,65.9,10.548,959.0,1.0,10.84,11.78,10.72,0.5,81 95 94 96 97 98 83 84 93 92 91 90 89 88 87 86 85 78 79 80,0.8,,
2026-10-R1,distance_opt,Line 3,reverse,decreasing_equal,load_aware_planar,20,planar,3894.7,2763.0,216.0,84.5,10.548,959.0,-1.0,9.8,5.87,10.29,0.5,81 95 94 96 97 98 83 84 93 92 91 90 89 88 87 86 85 78 79 80,0.8,,
2026-10-R1,distance_opt,Line 3,forward,decreasing_demand,load_aware_planar,20,planar,4382.6,2759.5,225.1,65.5,10.548,956.0,1.0,10.84,11.89,10.72,0.5,81 95 94 96 97 98 83 84 93 92 91 90 89 88 87 86 85 78 79 80,0.7,,
2026-10-R1,distance_opt,Line 3,reverse,decreasing_demand,load_aware_planar,20,planar,3897.6,2766.3,216.0,85.9,10.548,962.0,-1.0,9.77,5.78,10.29,0.5,81 95 94 96 97 98 83 84 93 92 91 90 89 88 87 86 85 78 79 80,0.7,,
2026-10-R1,distance_opt,Line 4,forward,constant_7pax,as_found,20,distance,4103.4,2910.3,198.3,136.8,9.996,959.0,1.0,9.44,9.44,9.44,0.5,,,,
2026-10-R1,distance_opt,Line 4,forward,decreasing_equal,as_found,20,distance,3949.2,2870.3,198.3,98.6,9.996,959.0,1.0,8.99,5.37,9.44,0.5,,,,
2026-10-R1,distance_opt,Line 4,forward,decreasing_demand,as_found,20,distance,3951.4,2872.5,198.3,98.6,9.996,961.0,1.0,8.97,5.28,9.44,0.5,,,,
2026-10-R1,distance_opt,Line 4,reverse,constant_7pax,as_found,20,distance,3915.1,2910.3,194.4,100.0,9.996,959.0,-1.0,9.26,9.26,9.26,0.5,,,,
2026-10-R1,distance_opt,Line 4,reverse,decreasing_equal,as_found,20,distance,3853.6,2870.3,194.4,67.6,9.996,959.0,-1.0,8.99,6.83,9.26,0.5,,,,
2026-10-R1,distance_opt,Line 4,reverse,decreasing_demand,as_found,20,distance,3847.4,2868.4,194.4,67.7,9.996,957.0,-1.0,9.0,6.9,9.26,0.5,,,,
2026-10-R1,distance_opt,Line 4,forward,constant_7pax,load_aware_dem,20,dem,4081.8,2921.4,196.4,136.1,10.055,959.0,0.968421052631579,9.35,9.35,9.35,0.5,124 30 15 16 17 18 19 20 21 22 23 31 25 26 24 32 27 28 29 12,1.1,,
2026-10-R1,distance_opt,Line 4,reverse,constant_7pax,load_aware_dem,20,dem,3922.6,2921.4,192.8,100.0,10.055,959.0,-0.968421052631579,9.18,9.18,9.18,0.5,124 30 15 16 17 18 19 20 21 22 23 31 25 26 24 32 27 28 29 12,1.1,,
2026-10-R1,distance_opt,Line 4,forward,decreasing_equal,load_aware_dem,20,dem,3925.6,2875.4,196.1,97.5,10.003,959.0,1.0,8.87,5.16,9.34,0.5,124 30 15 16 17 18 19 20 21 22 23 24 31 25 26 32 27 28 29 12,1.2,,
2026-10-R1,distance_opt,Line 4,reverse,decreasing_equal,load_aware_dem,20,dem,3848.6,2875.4,192.6,67.6,10.003,959.0,-1.0,8.89,6.65,9.17,0.5,124 30 15 16 17 18 19 20 21 22 23 24 31 25 26 32 27 28 29 12,1.2,,
2026-10-R1,distance_opt,Line 4,forward,decreasing_demand,load_aware_dem,20,dem,3927.8,2877.6,196.1,97.5,10.003,961.0,1.0,8.85,5.07,9.34,0.5,124 30 15 16 17 18 19 20 21 22 23 24 31 25 26 32 27 28 29 12,1.1,,
2026-10-R1,distance_opt,Line 4,reverse,decreasing_demand,load_aware_dem,20,dem,3842.5,2873.4,192.6,67.7,10.003,957.0,-1.0,8.9,6.71,9.17,0.5,124 30 15 16 17 18 19 20 21 22 23 24 31 25 26 32 27 28 29 12,1.1,,
2026-10-R1,distance_opt,Line 4,forward,constant_7pax,load_aware_planar,20,planar,4102.2,2908.6,198.3,133.9,10.001,959.0,1.0,9.44,9.44,9.44,0.5,124 30 15 16 17 18 19 20 21 22 23 24 31 25 26 32 27 28 29 12,1.3,,
2026-10-R1,distance_opt,Line 4,reverse,constant_7pax,load_aware_planar,20,planar,3913.5,2908.6,194.6,100.0,10.001,959.0,-1.0,9.27,9.27,9.27,0.5,124 30 15 16 17 18 19 20 21 22 23 24 31 25 26 32 27 28 29 12,1.3,,
2026-10-R1,distance_opt,Line 4,forward,decreasing_equal,load_aware_planar,20,planar,3947.0,2868.7,198.3,94.6,10.001,959.0,1.0,8.99,5.36,9.44,0.5,124 30 15 16 17 18 19 20 21 22 23 24 31 25 26 32 27 28 29 12,0.9,,
2026-10-R1,distance_opt,Line 4,reverse,decreasing_equal,load_aware_planar,20,planar,3852.1,2868.7,194.6,67.6,10.001,959.0,-1.0,9.0,6.84,9.27,0.5,124 30 15 16 17 18 19 20 21 22 23 24 31 25 26 32 27 28 29 12,0.9,,
2026-10-R1,distance_opt,Line 4,forward,decreasing_demand,load_aware_planar,20,planar,3949.2,2871.0,198.3,94.6,10.001,961.0,1.0,8.97,5.27,9.44,0.5,124 30 15 16 17 18 19 20 21 22 23 24 31 25 26 32 27 28 29 12,0.8,,
2026-10-R1,distance_opt,Line 4,reverse,decreasing_demand,load_aware_planar,20,planar,3846.0,2866.8,194.6,67.7,10.001,957.0,-1.0,9.01,6.91,9.27,0.5,124 30 15 16 17 18 19 20 21 22 23 24 31 25 26 32 27 28 29 12,0.8,,
2026-10-R1,distance_opt,Line 5,forward,constant_7pax,as_found,19,distance,4637.1,3336.3,228.4,28.0,12.446,913.4,1.0,11.42,11.42,11.42,0.5,,,,
2026-10-R1,distance_opt,Line 5,forward,decreasing_equal,as_found,19,distance,4591.5,3343.6,228.4,23.1,12.446,913.4,1.0,11.29,10.3,11.42,0.5,,,,
2026-10-R1,distance_opt,Line 5,forward,decreasing_demand,as_found,19,distance,4592.1,3343.8,228.4,23.5,12.446,914.4,1.0,11.28,10.18,11.42,0.5,,,,
2026-10-R1,distance_opt,Line 5,reverse,constant_7pax,as_found,19,distance,4765.3,3336.3,232.9,38.0,12.446,913.4,-1.0,11.64,11.64,11.64,0.5,,,,
2026-10-R1,distance_opt,Line 5,reverse,decreasing_equal,as_found,19,distance,4806.3,3343.6,232.9,44.7,12.446,913.4,-1.0,11.68,12.01,11.64,0.5,,,,
2026-10-R1,distance_opt,Line 5,reverse,decreasing_demand,as_found,19,distance,4804.8,3343.0,232.9,44.5,12.446,912.3,-1.0,11.7,12.16,11.64,0.5,,,,
2026-10-R1,distance_opt,Line 5,forward,constant_7pax,load_aware_dem,19,dem,4578.3,3461.3,213.6,31.5,12.906,913.4,0.7543859649122807,10.68,10.68,10.68,0.5,59 62 63 64 65 66 67 68 69 70 71 72 73 74 75 76 77 61 60,1.1,,
2026-10-R1,distance_opt,Line 5,reverse,constant_7pax,load_aware_dem,19,dem,4837.5,3461.3,223.4,52.4,12.906,913.4,-0.7543859649122807,11.17,11.17,11.17,0.5,59 62 63 64 65 66 67 68 69 70 71 72 73 74 75 76 77 61 60,1.2,,
2026-10-R1,distance_opt,Line 5,forward,decreasing_equal,load_aware_dem,19,dem,4537.3,3466.5,213.6,28.7,12.906,913.4,0.7543859649122807,10.6,9.95,10.68,0.5,59 62 63 64 65 66 67 68 69 70 71 72 73 74 75 76 77 61 60,0.8,,
2026-10-R1,distance_opt,Line 5,reverse,decreasing_equal,load_aware_dem,19,dem,4889.3,3466.5,223.4,66.2,12.906,913.4,-0.7543859649122807,11.27,12.08,11.17,0.5,59 62 63 64 65 66 67 68 69 70 71 72 73 74 75 76 77 61 60,0.8,,
2026-10-R1,distance_opt,Line 5,forward,decreasing_demand,load_aware_dem,19,dem,4533.3,3465.0,213.6,28.4,12.906,912.5,0.7543859649122807,10.6,9.96,10.68,0.5,59 62 63 64 65 66 67 68 69 70 71 72 73 74 75 76 77 61 60,1.1,,
2026-10-R1,distance_opt,Line 5,reverse,decreasing_demand,load_aware_dem,19,dem,4892.2,3467.2,223.4,65.5,12.906,914.2,-0.7543859649122807,11.26,11.99,11.17,0.5,59 62 63 64 65 66 67 68 69 70 71 72 73 74 75 76 77 61 60,1.1,,
2026-10-R1,distance_opt,Line 5,forward,constant_7pax,load_aware_planar,19,planar,4635.9,3334.6,228.3,25.2,12.451,913.4,1.0,11.42,11.42,11.42,0.5,59 62 63 70 69 68 67 66 65 64 71 72 73 74 75 76 77 61 60,1.0,,
2026-10-R1,distance_opt,Line 5,reverse,constant_7pax,load_aware_planar,19,planar,4763.6,3334.6,233.0,38.0,12.451,913.4,-1.0,11.65,11.65,11.65,0.5,59 62 63 70 69 68 67 66 65 64 71 72 73 74 75 76 77 61 60,1.0,,
2026-10-R1,distance_opt,Line 5,forward,decreasing_equal,load_aware_planar,19,planar,4589.3,3342.0,228.3,19.1,12.451,913.4,1.0,11.29,10.29,11.42,0.5,59 62 63 70 69 68 67 66 65 64 71 72 73 74 75 76 77 61 60,0.6,,
2026-10-R1,distance_opt,Line 5,reverse,decreasing_equal,load_aware_planar,19,planar,4804.9,3342.0,233.0,44.7,12.451,913.4,-1.0,11.69,12.03,11.65,0.5,59 62 63 70 69 68 67 66 65 64 71 72 73 74 75 76 77 61 60,0.6,,
2026-10-R1,distance_opt,Line 5,forward,decreasing_demand,load_aware_planar,19,planar,4629.7,3340.9,230.3,21.8,12.451,912.5,0.7543859649122807,11.42,10.68,11.51,0.5,59 62 63 64 65 66 67 68 69 70 71 72 73 74 75 76 77 61 60,0.7,,
2026-10-R1,distance_opt,Line 5,reverse,decreasing_demand,load_aware_planar,19,planar,4775.0,3343.1,231.1,43.8,12.451,914.2,-0.7543859649122807,11.61,12.07,11.55,0.5,59 62 63 64 65 66 67 68 69 70 71 72 73 74 75 76 77 61 60,0.7,,
2026-10-R1,distance_opt,Line 6,forward,constant_7pax,as_found,13,distance,12065.3,6801.4,737.4,871.4,25.638,639.3,1.0,52.67,52.67,52.67,0.5,,,,
2026-10-R1,distance_opt,Line 6,forward,decreasing_equal,as_found,13,distance,12527.1,6809.4,737.4,628.7,25.638,639.3,1.0,54.21,66.56,52.67,0.5,,,,
2026-10-R1,distance_opt,Line 6,forward,decreasing_demand,as_found,13,distance,12527.1,6809.4,737.4,628.7,25.638,639.3,1.0,54.21,66.56,52.67,0.5,,,,
2026-10-R1,distance_opt,Line 6,reverse,constant_7pax,as_found,13,distance,11574.6,6801.4,732.8,474.5,25.638,639.3,-1.0,52.34,52.34,52.34,0.5,,,,
2026-10-R1,distance_opt,Line 6,reverse,decreasing_equal,as_found,13,distance,10934.5,6809.4,732.8,580.3,25.638,639.3,-1.0,49.71,28.6,52.34,0.5,,,,
2026-10-R1,distance_opt,Line 6,reverse,decreasing_demand,as_found,13,distance,10934.5,6809.4,732.8,580.3,25.638,639.3,-1.0,49.71,28.6,52.34,0.5,,,,
2026-10-R1,distance_opt,Line 6,forward,constant_7pax,load_aware_dem,13,dem,11506.1,6940.8,720.2,478.4,26.14,639.3,-1.0,51.45,51.45,51.45,0.5,0 1 2 5 6 7 8 9 129 4 3 130 13,0.5,,
2026-10-R1,distance_opt,Line 6,reverse,constant_7pax,load_aware_dem,13,dem,12289.8,6940.8,735.6,923.8,26.14,639.3,1.0,52.54,52.54,52.54,0.5,0 1 2 5 6 7 8 9 129 4 3 130 13,0.5,,
2026-10-R1,distance_opt,Line 6,forward,decreasing_equal,load_aware_dem,13,dem,12144.1,6919.2,720.4,394.2,26.143,639.3,-0.6666666666666666,54.03,74.66,51.45,0.5,0 1 2 3 4 5 6 7 8 9 129 130 13,0.5,,
2026-10-R1,distance_opt,Line 6,reverse,decreasing_equal,load_aware_dem,13,dem,11820.9,6919.2,735.7,1216.6,26.143,639.3,0.6666666666666666,50.9,37.75,52.55,0.5,0 1 2 3 4 5 6 7 8 9 129 130 13,0.5,,
2026-10-R1,distance_opt,Line 6,forward,decreasing_demand,load_aware_dem,13,dem,12144.1,6919.2,720.4,394.2,26.143,639.3,-0.6666666666666666,54.03,74.66,51.45,0.5,0 1 2 3 4 5 6 7 8 9 129 130 13,0.5,,
2026-10-R1,distance_opt,Line 6,reverse,decreasing_demand,load_aware_dem,13,dem,11820.9,6919.2,735.7,1216.6,26.143,639.3,0.6666666666666666,50.9,37.75,52.55,0.5,0 1 2 3 4 5 6 7 8 9 129 130 13,0.5,,
2026-10-R1,distance_opt,Line 6,forward,constant_7pax,load_aware_planar,13,planar,12064.1,6799.7,737.3,868.6,25.643,639.3,1.0,52.67,52.67,52.67,0.5,13 130 3 4 129 9 8 7 6 5 2 1 0,0.5,,
2026-10-R1,distance_opt,Line 6,reverse,constant_7pax,load_aware_planar,13,planar,11573.0,6799.7,733.0,474.5,25.643,639.3,-1.0,52.36,52.36,52.36,0.5,13 130 3 4 129 9 8 7 6 5 2 1 0,0.6,,
2026-10-R1,distance_opt,Line 6,forward,decreasing_equal,load_aware_planar,13,planar,12422.7,6778.2,737.3,588.9,25.643,639.3,-0.07692307692307693,53.67,61.71,52.67,0.5,13 130 0 1 2 3 4 5 6 7 8 9 129,0.9,,
2026-10-R1,distance_opt,Line 6,reverse,decreasing_equal,load_aware_planar,13,planar,10832.1,6778.2,733.0,547.1,25.643,639.3,0.07692307692307693,49.18,23.78,52.36,0.5,13 130 0 1 2 3 4 5 6 7 8 9 129,0.9,,
2026-10-R1,distance_opt,Line 6,forward,decreasing_demand,load_aware_planar,13,planar,12422.7,6778.2,737.3,588.9,25.643,639.3,-0.07692307692307693,53.67,61.71,52.67,0.5,13 130 0 1 2 3 4 5 6 7 8 9 129,0.7,,
2026-10-R1,distance_opt,Line 6,reverse,decreasing_demand,load_aware_planar,13,planar,10832.1,6778.2,733.0,547.1,25.643,639.3,0.07692307692307693,49.18,23.78,52.36,0.5,13 130 0 1 2 3 4 5 6 7 8 9 129,0.7,,
2026-10-R1,distance_opt,Line 7,forward,constant_7pax,as_found,5,distance,1647.5,948.5,102.2,38.7,3.603,274.0,1.0,17.04,17.04,17.04,0.5,,,,
2026-10-R1,distance_opt,Line 7,forward,decreasing_equal,as_found,5,distance,1795.6,981.0,102.2,60.5,3.603,274.0,1.0,18.72,32.18,17.04,0.5,,,,
2026-10-R1,distance_opt,Line 7,forward,decreasing_demand,as_found,5,distance,1795.6,981.0,102.2,60.5,3.603,274.0,1.0,18.72,32.18,17.04,0.5,,,,
2026-10-R1,distance_opt,Line 7,reverse,constant_7pax,as_found,5,distance,1660.2,948.5,101.2,39.5,3.603,274.0,-1.0,16.87,16.87,16.87,0.5,,,,
2026-10-R1,distance_opt,Line 7,reverse,decreasing_equal,as_found,5,distance,1723.4,981.0,101.2,70.0,3.603,274.0,-1.0,17.87,25.85,16.87,0.5,,,,
2026-10-R1,distance_opt,Line 7,reverse,decreasing_demand,as_found,5,distance,1723.4,981.0,101.2,70.0,3.603,274.0,-1.0,17.87,25.85,16.87,0.5,,,,
2026-10-R1,distance_opt,Line 7,forward,constant_7pax,load_aware_dem,5,dem,1531.7,1104.0,88.8,38.3,4.192,274.0,1.0,14.81,14.81,14.81,0.5,11 127 121 10 128,0.0,,
2026-10-R1,distance_opt,Line 7,reverse,constant_7pax,load_aware_dem,5,dem,2018.4,1104.0,108.2,102.3,4.192,274.0,-1.0,18.03,18.03,18.03,0.5,11 127 121 10 128,0.0,,
2026-10-R1,distance_opt,Line 7,forward,decreasing_equal,load_aware_dem,5,dem,1659.2,1145.9,88.8,58.4,4.192,274.0,1.0,16.24,27.73,14.81,0.5,11 127 121 10 128,0.0,,
2026-10-R1,distance_opt,Line 7,reverse,decreasing_equal,load_aware_dem,5,dem,2119.5,1145.9,108.2,150.5,4.192,274.0,-1.0,19.16,28.19,18.03,0.5,11 127 121 10 128,0.0,,
2026-10-R1,distance_opt,Line 7,forward,decreasing_demand,load_aware_dem,5,dem,1659.2,1145.9,88.8,58.4,4.192,274.0,1.0,16.24,27.73,14.81,0.5,11 127 121 10 128,0.0,,
2026-10-R1,distance_opt,Line 7,reverse,decreasing_demand,load_aware_dem,5,dem,2119.5,1145.9,108.2,150.5,4.192,274.0,-1.0,19.16,28.19,18.03,0.5,11 127 121 10 128,0.0,,
2026-10-R1,distance_opt,Line 7,forward,constant_7pax,load_aware_planar,5,planar,1669.4,948.4,103.6,36.4,3.61,274.0,1.0,17.26,17.26,17.26,0.5,11 127 121 10 128,0.1,,
2026-10-R1,distance_opt,Line 7,reverse,constant_7pax,load_aware_planar,5,planar,1665.4,948.4,102.6,39.5,3.61,274.0,-1.0,17.1,17.1,17.1,0.5,11 127 121 10 128,0.1,,
2026-10-R1,distance_opt,Line 7,forward,decreasing_equal,load_aware_planar,5,planar,1817.9,981.0,103.6,53.7,3.61,274.0,1.0,18.97,32.63,17.26,0.5,11 127 121 10 128,0.0,,
2026-10-R1,distance_opt,Line 7,reverse,decreasing_equal,load_aware_planar,5,planar,1729.4,981.0,102.6,70.0,3.61,274.0,-1.0,18.13,26.32,17.1,0.5,11 127 121 10 128,0.0,,
2026-10-R1,distance_opt,Line 7,forward,decreasing_demand,load_aware_planar,5,planar,1817.9,981.0,103.6,53.7,3.61,274.0,1.0,18.97,32.63,17.26,0.5,11 127 121 10 128,0.0,,
2026-10-R1,distance_opt,Line 7,reverse,decreasing_demand,load_aware_planar,5,planar,1729.4,981.0,102.6,70.0,3.61,274.0,-1.0,18.13,26.32,17.1,0.5,11 127 121 10 128,0.0,,
2026-10-R1,distance_opt,Line 8,forward,constant_7pax,as_found,5,distance,867.5,681.0,35.5,10.4,2.51,274.0,1.0,5.92,5.92,5.92,0.5,,,,
2026-10-R1,distance_opt,Line 8,forward,decreasing_equal,as_found,5,distance,856.8,670.8,35.5,13.2,2.51,274.0,1.0,5.78,4.62,5.92,0.5,,,,
2026-10-R1,distance_opt,Line 8,forward,decreasing_demand,as_found,5,distance,856.8,670.8,35.5,13.2,2.51,274.0,1.0,5.78,4.62,5.92,0.5,,,,
2026-10-R1,distance_opt,Line 8,reverse,constant_7pax,as_found,5,distance,847.2,681.0,35.0,7.5,2.51,274.0,-1.0,5.83,5.83,5.83,0.5,,,,
2026-10-R1,distance_opt,Line 8,reverse,decreasing_equal,as_found,5,distance,826.9,670.8,35.0,6.8,2.51,274.0,-1.0,5.65,4.16,5.83,0.5,,,,
2026-10-R1,distance_opt,Line 8,reverse,decreasing_demand,as_found,5,distance,826.9,670.8,35.0,6.8,2.51,274.0,-1.0,5.65,4.16,5.83,0.5,,,,
2026-10-R1,distance_opt,Line 8,forward,constant_7pax,load_aware_dem,5,dem,867.5,681.0,35.5,10.4,2.51,274.0,1.0,5.92,5.92,5.92,0.5,122 120 123 125 126,0.0,,
2026-10-R1,distance_opt,Line 8,reverse,constant_7pax,load_aware_dem,5,dem,847.2,681.0,35.0,7.5,2.51,274.0,-1.0,5.83,5.83,5.83,0.5,122 120 123 125 126,0.0,,
2026-10-R1,distance_opt,Line 8,forward,decreasing_equal,load_aware_dem,5,dem,856.8,670.8,35.5,13.2,2.51,274.0,1.0,5.78,4.62,5.92,0.5,122 120 123 125 126,0.0,,
2026-10-R1,distance_opt,Line 8,reverse,decreasing_equal,load_aware_dem,5,dem,826.9,670.8,35.0,6.8,2.51,274.0,-1.0,5.65,4.16,5.83,0.5,122 120 123 125 126,0.0,,
2026-10-R1,distance_opt,Line 8,forward,decreasing_demand,load_aware_dem,5,dem,856.8,670.8,35.5,13.2,2.51,274.0,1.0,5.78,4.62,5.92,0.5,122 120 123 125 126,0.0,,
2026-10-R1,distance_opt,Line 8,reverse,decreasing_demand,load_aware_dem,5,dem,826.9,670.8,35.0,6.8,2.51,274.0,-1.0,5.65,4.16,5.83,0.5,122 120 123 125 126,0.0,,
2026-10-R1,distance_opt,Line 8,forward,constant_7pax,load_aware_planar,5,planar,969.0,677.5,47.5,13.5,2.565,274.0,1.0,7.92,7.92,7.92,0.5,122 120 123 125 126,0.0,,
2026-10-R1,distance_opt,Line 8,reverse,constant_7pax,load_aware_planar,5,planar,956.8,677.5,47.4,10.8,2.565,274.0,-1.0,7.9,7.9,7.9,0.5,122 120 123 125 126,0.0,,
2026-10-R1,distance_opt,Line 8,forward,decreasing_equal,load_aware_planar,5,planar,944.6,666.4,47.5,12.7,2.565,274.0,1.0,7.56,4.62,7.92,0.5,122 120 123 125 126,0.0,,
2026-10-R1,distance_opt,Line 8,reverse,decreasing_equal,load_aware_planar,5,planar,922.4,666.4,47.4,8.9,2.565,274.0,-1.0,7.49,4.16,7.9,0.5,122 120 123 125 126,0.0,,
2026-10-R1,distance_opt,Line 8,forward,decreasing_demand,load_aware_planar,5,planar,944.6,666.4,47.5,12.7,2.565,274.0,1.0,7.56,4.62,7.92,0.5,122 120 123 125 126,0.0,,
2026-10-R1,distance_opt,Line 8,reverse,decreasing_demand,load_aware_planar,5,planar,922.4,666.4,47.4,8.9,2.565,274.0,-1.0,7.49,4.16,7.9,0.5,122 120 123 125 126,0.0,,
2026-10-R1,planar_opt,Line 1,forward,constant_7pax,as_found,25,planar,2953.0,2137.6,142.5,8.7,8.384,1187.4,1.0,5.48,5.48,5.48,0.5,,,,
2026-10-R1,planar_opt,Line 1,forward,decreasing_equal,as_found,25,planar,2900.8,2136.8,142.5,7.1,8.384,1187.4,1.0,5.38,4.6,5.48,0.5,,,,
2026-10-R1,planar_opt,Line 1,forward,decreasing_demand,as_found,25,planar,2905.6,2140.1,142.5,7.6,8.384,1190.3,1.0,5.38,4.55,5.48,0.5,,,,
2026-10-R1,planar_opt,Line 1,reverse,constant_7pax,as_found,25,planar,2935.4,2137.6,143.2,13.8,8.384,1187.4,-1.0,5.51,5.51,5.51,0.5,,,,
2026-10-R1,planar_opt,Line 1,reverse,decreasing_equal,as_found,25,planar,2977.6,2136.8,143.2,12.8,8.384,1187.4,-1.0,5.57,6.06,5.51,0.5,,,,
2026-10-R1,planar_opt,Line 1,reverse,decreasing_demand,as_found,25,planar,2975.8,2133.6,143.2,12.4,8.384,1184.4,-1.0,5.58,6.21,5.51,0.5,,,,
2026-10-R1,planar_opt,Line 1,forward,constant_7pax,load_aware_dem,25,dem,2906.0,2178.7,136.0,13.4,8.52,1187.4,-0.9866666666666667,5.23,5.23,5.23,0.5,33 58 57 56 55 54 53 51 52 48 47 45 46 43 42 41 40 38 39 49 50 37 36 34 35,1.1,,
2026-10-R1,planar_opt,Line 1,reverse,constant_7pax,load_aware_dem,25,dem,2946.9,2178.7,137.7,9.7,8.52,1187.4,0.9866666666666667,5.3,5.3,5.3,0.5,33 58 57 56 55 54 53 51 52 48 47 45 46 43 42 41 40 38 39 49 50 37 36 34 35,1.1,,
2026-10-R1,planar_opt,Line 1,forward,decreasing_equal,load_aware_dem,25,dem,2855.4,2238.5,129.6,14.2,8.763,1187.4,0.96,4.9,4.26,4.98,0.5,34 35 36 37 50 49 39 38 40 41 42 43 48 47 46 45 52 51 53 54 55 56 57 58 33,1.3,,
2026-10-R1,planar_opt,Line 1,reverse,decreasing_equal,load_aware_dem,25,dem,3040.1,2238.5,132.3,12.8,8.763,1187.4,-0.96,5.16,5.75,5.09,0.5,34 35 36 37 50 49 39 38 40 41 42 43 48 47 46 45 52 51 53 54 55 56 57 58 33,1.3,,
2026-10-R1,planar_opt,Line 1,forward,decreasing_demand,load_aware_dem,25,dem,2850.2,2233.8,130.4,13.6,8.777,1183.5,0.8,4.92,4.15,5.02,0.5,33 34 35 36 37 50 49 39 38 40 41 42 43 48 47 46 45 52 51 53 54 55 56 57 58,1.4,,
2026-10-R1,planar_opt,Line 1,reverse,decreasing_demand,load_aware_dem,25,dem,3044.7,2239.4,133.1,12.7,8.777,1191.2,-0.8,5.16,5.46,5.12,0.5,33 34 35 36 37 50 49 39 38 40 41 42 43 48 47 46 45 52 51 53 54 55 56 57 58,1.4,,
2026-10-R1,planar_opt,Line 1,forward,constant_7pax,load_aware_planar,25,planar,2953.0,2137.6,142.5,8.7,8.384,1187.4,1.0,5.48,5.48,5.48,0.5,34 35 36 37 50 49 39 38 40 41 42 43 45 46 47 48 52 51 53 54 55 56 57 58 33,1.1,,
2026-10-R1,planar_opt,Line 1,reverse,constant_7pax,load_aware_planar,25,planar,2935.4,2137.6,143.2,13.8,8.384,1187.4,-1.0,5.51,5.51,5.51,0.5,34 35 36 37 50 49 39 38 40 41 42 43 45 46 47 48 52 51 53 54 55 56 57 58 33,1.1,,
2026-10-R1,planar_opt,Line 1,forward,decreasing_equal,load_aware_planar,25,planar,2907.8,2132.1,144.2,7.2,8.393,1187.4,0.8266666666666667,5.42,4.41,5.55,0.5,33 34 35 36 37 50 49 39 38 40 41 42 43 47 45 46 48 52 51 53 54 55 56 57 58,2.0,,
2026-10-R1,planar_opt,Line 1,reverse,decreasing_equal,load_aware_planar,25,planar,2987.4,2132.1,145.4,12.4,8.393,1187.4,-0.8266666666666667,5.62,5.86,5.59,0.5,33 34 35 36 37 50 49 39 38 40 41 42 43 47 45 46 48 52 51 53 54 55 56 57 58,2.0,,
2026-10-R1,planar_opt,Line 1,forward,decreasing_demand,load_aware_planar,25,planar,2900.0,2128.3,144.2,7.0,8.393,1182.6,0.8266666666666667,5.43,4.49,5.55,0.5,33 34 35 36 37 50 49 39 38 40 41 42 43 47 45 46 48 52 51 53 54 55 56 57 58,2.3,,
2026-10-R1,planar_opt,Line 1,reverse,decreasing_demand,load_aware_planar,25,planar,2992.8,2135.0,145.4,12.6,8.393,1192.1,-0.8266666666666667,5.6,5.68,5.59,0.5,33 34 35 36 37 50 49 39 38 40 41 42 43 47 45 46 48 52 51 53 54 55 56 57 58,2.3,,
2026-10-R1,planar_opt,Line 2,forward,constant_7pax,as_found,22,planar,3441.6,2262.5,188.7,40.5,8.775,1050.4,1.0,8.2,8.2,8.2,0.5,,,,
2026-10-R1,planar_opt,Line 2,forward,decreasing_equal,as_found,22,planar,3381.2,2235.4,188.7,25.5,8.775,1050.4,1.0,7.93,5.72,8.2,0.5,,,,
2026-10-R1,planar_opt,Line 2,forward,decreasing_demand,as_found,22,planar,3383.8,2237.1,188.7,25.8,8.775,1051.9,1.0,7.92,5.69,8.2,0.5,,,,
2026-10-R1,planar_opt,Line 2,reverse,constant_7pax,as_found,22,planar,3469.0,2262.5,188.4,40.8,8.775,1050.4,-1.0,8.19,8.19,8.19,0.5,,,,
2026-10-R1,planar_opt,Line 2,reverse,decreasing_equal,as_found,22,planar,3355.9,2235.4,188.4,32.6,8.775,1050.4,-1.0,7.8,4.71,8.19,0.5,,,,
2026-10-R1,planar_opt,Line 2,reverse,decreasing_demand,as_found,22,planar,3351.3,2233.4,188.4,31.9,8.775,1048.8,-1.0,7.81,4.68,8.19,0.5,,,,
2026-10-R1,planar_opt,Line 2,forward,constant_7pax,load_aware_dem,22,dem,3336.6,2271.9,172.0,52.8,8.804,1050.4,0.8787878787878788,7.48,7.48,7.48,0.5,100 115 114 113 101 102 103 112 104 105 106 111 107 108 109 110 82 116 14 99 118 117,0.9,,
2026-10-R1,planar_opt,Line 2,reverse,constant_7pax,load_aware_dem,22,dem,3363.1,2271.9,171.8,37.5,8.804,1050.4,-0.8787878787878788,7.47,7.47,7.47,0.5,100 115 114 113 101 102 103 112 104 105 106 111 107 108 109 110 82 116 14 99 118 117,0.9,,
2026-10-R1,planar_opt,Line 2,forward,decreasing_equal,load_aware_dem,22,dem,3272.1,2240.3,172.0,34.0,8.804,1050.4,0.8528138528138528,7.22,5.16,7.48,0.5,100 115 114 113 101 102 103 112 104 105 106 111 107 108 109 110 82 116 118 99 14 117,1.0,,
2026-10-R1,planar_opt,Line 2,reverse,decreasing_equal,load_aware_dem,22,dem,3249.4,2240.3,171.8,30.1,8.804,1050.4,-0.8528138528138528,7.1,4.15,7.47,0.5,100 115 114 113 101 102 103 112 104 105 106 111 107 108 109 110 82 116 118 99 14 117,1.0,,
2026-10-R1,planar_opt,Line 2,forward,decreasing_demand,load_aware_dem,22,dem,3272.8,2241.2,172.0,34.2,8.804,1051.3,0.8528138528138528,7.21,5.12,7.48,0.5,100 115 114 113 101 102 103 112 104 105 106 111 107 108 109 110 82 116 118 99 14 117,1.1,,
2026-10-R1,planar_opt,Line 2,reverse,decreasing_demand,load_aware_dem,22,dem,3245.0,2238.8,171.8,29.8,8.804,1049.4,-0.8528138528138528,7.1,4.07,7.47,0.5,100 115 114 113 101 102 103 112 104 105 106 111 107 108 109 110 82 116 118 99 14 117,1.1,,
2026-10-R1,planar_opt,Line 2,forward,constant_7pax,load_aware_planar,22,planar,3441.6,2262.5,188.7,40.5,8.775,1050.4,1.0,8.2,8.2,8.2,0.5,100 115 114 101 102 103 112 104 105 106 111 107 108 109 110 82 116 113 14 99 118 117,1.1,,
2026-10-R1,planar_opt,Line 2,reverse,constant_7pax,load_aware_planar,22,planar,3469.0,2262.5,188.4,40.8,8.775,1050.4,-1.0,8.19,8.19,8.19,0.5,100 115 114 101 102 103 112 104 105 106 111 107 108 109 110 82 116 113 14 99 118 117,1.1,,
2026-10-R1,planar_opt,Line 2,forward,decreasing_equal,load_aware_planar,22,planar,3276.6,2232.7,176.4,30.2,8.719,1050.4,0.8528138528138528,7.39,5.16,7.67,0.5,100 115 114 113 101 102 103 112 104 105 106 111 107 108 109 110 82 116 118 99 14 117,1.0,,
2026-10-R1,planar_opt,Line 2,reverse,decreasing_equal,load_aware_planar,22,planar,3255.6,2232.7,176.1,30.1,8.719,1050.4,-0.8528138528138528,7.27,4.15,7.66,0.5,100 115 114 113 101 102 103 112 104 105 106 111 107 108 109 110 82 116 118 99 14 117,1.0,,
2026-10-R1,planar_opt,Line 2,forward,decreasing_demand,load_aware_planar,22,planar,3277.3,2233.5,176.4,30.4,8.719,1051.3,0.8528138528138528,7.38,5.12,7.67,0.5,100 115 114 113 101 102 103 112 104 105 106 111 107 108 109 110 82 116 118 99 14 117,1.2,,
2026-10-R1,planar_opt,Line 2,reverse,decreasing_demand,load_aware_planar,22,planar,3251.2,2231.2,176.1,29.7,8.719,1049.4,-0.8528138528138528,7.26,4.07,7.66,0.5,100 115 114 113 101 102 103 112 104 105 106 111 107 108 109 110 82 116 118 99 14 117,1.2,,
2026-10-R1,planar_opt,Line 3,forward,constant_7pax,as_found,20,planar,4323.7,2782.8,225.1,111.0,10.548,959.0,1.0,10.72,10.72,10.72,0.5,,,,
2026-10-R1,planar_opt,Line 3,forward,decreasing_equal,as_found,20,planar,4397.5,2763.0,225.1,65.9,10.548,959.0,1.0,10.84,11.78,10.72,0.5,,,,
2026-10-R1,planar_opt,Line 3,forward,decreasing_demand,as_found,20,planar,4382.6,2759.5,225.1,65.5,10.548,956.0,1.0,10.84,11.89,10.72,0.5,,,,
2026-10-R1,planar_opt,Line 3,reverse,constant_7pax,as_found,20,planar,4078.7,2782.8,216.0,72.1,10.548,959.0,-1.0,10.29,10.29,10.29,0.5,,,,
2026-10-R1,planar_opt,Line 3,reverse,decreasing_equal,as_found,20,planar,3894.7,2763.0,216.0,84.5,10.548,959.0,-1.0,9.8,5.87,10.29,0.5,,,,
2026-10-R1,planar_opt,Line 3,reverse,decreasing_demand,as_found,20,planar,3897.6,2766.3,216.0,85.9,10.548,962.0,-1.0,9.77,5.78,10.29,0.5,,,,
2026-10-R1,planar_opt,Line 3,forward,constant_7pax,load_aware_dem,20,dem,4255.4,2815.9,221.4,111.8,10.674,959.0,1.0,10.54,10.54,10.54,0.5,81 95 94 96 97 98 83 84 93 92 91 90 89 88 87 86 85 78 79 80,0.9,,
2026-10-R1,planar_opt,Line 3,reverse,constant_7pax,load_aware_dem,20,dem,4201.8,2815.9,220.8,73.9,10.674,959.0,-1.0,10.51,10.51,10.51,0.5,81 95 94 96 97 98 83 84 93 92 91 90 89 88 87 86 85 78 79 80,0.9,,
2026-10-R1,planar_opt,Line 3,forward,decreasing_equal,load_aware_dem,20,dem,4338.3,2794.6,221.4,73.4,10.674,959.0,1.0,10.67,11.71,10.54,0.5,81 95 94 96 97 98 83 84 93 92 91 90 89 88 87 86 85 78 79 80,0.7,,
2026-10-R1,planar_opt,Line 3,reverse,decreasing_equal,load_aware_dem,20,dem,4009.3,2794.6,220.8,85.9,10.674,959.0,-1.0,10.0,5.93,10.51,0.5,81 95 94 96 97 98 83 84 93 92 91 90 89 88 87 86 85 78 79 80,0.7,,
2026-10-R1,planar_opt,Line 3,forward,decreasing_demand,load_aware_dem,20,dem,4323.6,2791.0,221.4,73.2,10.674,956.0,1.0,10.68,11.82,10.54,0.5,81 95 94 96 97 98 83 84 93 92 91 90 89 88 87 86 85 78 79 80,0.7,,
2026-10-R1,planar_opt,Line 3,reverse,decreasing_demand,load_aware_dem,20,dem,4012.3,2797.9,220.8,87.3,10.674,962.0,-1.0,9.97,5.84,10.51,0.5,81 95 94 96 97 98 83 84 93 92 91 90 89 88 87 86 85 78 79 80,0.7,,
2026-10-R1,planar_opt,Line 3,forward,constant_7pax,load_aware_planar,20,planar,4323.7,2782.8,225.1,111.0,10.548,959.0,1.0,10.72,10.72,10.72,0.5,81 95 94 96 97 98 83 84 93 92 91 90 89 88 87 86 85 78 79 80,0.7,,
2026-10-R1,planar_opt,Line 3,reverse,constant_7pax,load_aware_planar,20,planar,4078.7,2782.8,216.0,72.1,10.548,959.0,-1.0,10.29,10.29,10.29,0.5,81 95 94 96 97 98 83 84 93 92 91 90 89 88 87 86 85 78 79 80,0.7,,
2026-10-R1,planar_opt,Line 3,forward,decreasing_equal,load_aware_planar,20,planar,4397.5,2763.0,225.1,65.9,10.548,959.0,1.0,10.84,11.78,10.72,0.5,81 95 94 96 97 98 83 84 93 92 91 90 89 88 87 86 85 78 79 80,0.7,,
2026-10-R1,planar_opt,Line 3,reverse,decreasing_equal,load_aware_planar,20,planar,3894.7,2763.0,216.0,84.5,10.548,959.0,-1.0,9.8,5.87,10.29,0.5,81 95 94 96 97 98 83 84 93 92 91 90 89 88 87 86 85 78 79 80,0.7,,
2026-10-R1,planar_opt,Line 3,forward,decreasing_demand,load_aware_planar,20,planar,4382.6,2759.5,225.1,65.5,10.548,956.0,1.0,10.84,11.89,10.72,0.5,81 95 94 96 97 98 83 84 93 92 91 90 89 88 87 86 85 78 79 80,0.8,,
2026-10-R1,planar_opt,Line 3,reverse,decreasing_demand,load_aware_planar,20,planar,3897.6,2766.3,216.0,85.9,10.548,962.0,-1.0,9.77,5.78,10.29,0.5,81 95 94 96 97 98 83 84 93 92 91 90 89 88 87 86 85 78 79 80,0.8,,
2026-10-R1,planar_opt,Line 4,forward,constant_7pax,as_found,20,planar,4102.2,2908.6,198.3,133.9,10.001,959.0,1.0,9.44,9.44,9.44,0.5,,,,
2026-10-R1,planar_opt,Line 4,forward,decreasing_equal,as_found,20,planar,3947.0,2868.7,198.3,94.6,10.001,959.0,1.0,8.99,5.36,9.44,0.5,,,,
2026-10-R1,planar_opt,Line 4,forward,decreasing_demand,as_found,20,planar,3949.2,2871.0,198.3,94.6,10.001,961.0,1.0,8.97,5.27,9.44,0.5,,,,
2026-10-R1,planar_opt,Line 4,reverse,constant_7pax,as_found,20,planar,3913.5,2908.6,194.6,100.0,10.001,959.0,-1.0,9.27,9.27,9.27,0.5,,,,
2026-10-R1,planar_opt,Line 4,reverse,decreasing_equal,as_found,20,planar,3852.1,2868.7,194.6,67.6,10.001,959.0,-1.0,9.0,6.84,9.27,0.5,,,,
2026-10-R1,planar_opt,Line 4,reverse,decreasing_demand,as_found,20,planar,3846.0,2866.8,194.6,67.7,10.001,957.0,-1.0,9.01,6.91,9.27,0.5,,,,
2026-10-R1,planar_opt,Line 4,forward,constant_7pax,load_aware_dem,20,dem,4081.8,2921.4,196.4,136.1,10.055,959.0,0.968421052631579,9.35,9.35,9.35,0.5,124 30 15 16 17 18 19 20 21 22 23 31 25 26 24 32 27 28 29 12,0.8,,
2026-10-R1,planar_opt,Line 4,reverse,constant_7pax,load_aware_dem,20,dem,3922.6,2921.4,192.8,100.0,10.055,959.0,-0.968421052631579,9.18,9.18,9.18,0.5,124 30 15 16 17 18 19 20 21 22 23 31 25 26 24 32 27 28 29 12,0.8,,
2026-10-R1,planar_opt,Line 4,forward,decreasing_equal,load_aware_dem,20,dem,3925.6,2875.4,196.1,97.5,10.003,959.0,1.0,8.87,5.16,9.34,0.5,124 30 15 16 17 18 19 20 21 22 23 24 31 25 26 32 27 28 29 12,0.7,,
2026-10-R1,planar_opt,Line 4,reverse,decreasing_equal,load_aware_dem,20,dem,3848.6,2875.4,192.6,67.6,10.003,959.0,-1.0,8.89,6.65,9.17,0.5,124 30 15 16 17 18 19 20 21 22 23 24 31 25 26 32 27 28 29 12,0.7,,
2026-10-R1,planar_opt,Line 4,forward,decreasing_demand,load_aware_dem,20,dem,3927.8,2877.6,196.1,97.5,10.003,961.0,1.0,8.85,5.07,9.34,0.5,124 30 15 16 17 18 19 20 21 22 23 24 31 25 26 32 27 28 29 12,0.7,,
2026-10-R1,planar_opt,Line 4,reverse,decreasing_demand,load_aware_dem,20,dem,3842.5,2873.4,192.6,67.7,10.003,957.0,-1.0,8.9,6.71,9.17,0.5,124 30 15 16 17 18 19 20 21 22 23 24 31 25 26 32 27 28 29 12,0.7,,
2026-10-R1,planar_opt,Line 4,forward,constant_7pax,load_aware_planar,20,planar,4102.2,2908.6,198.3,133.9,10.001,959.0,1.0,9.44,9.44,9.44,0.5,124 30 15 16 17 18 19 20 21 22 23 24 31 25 26 32 27 28 29 12,0.6,,
2026-10-R1,planar_opt,Line 4,reverse,constant_7pax,load_aware_planar,20,planar,3913.5,2908.6,194.6,100.0,10.001,959.0,-1.0,9.27,9.27,9.27,0.5,124 30 15 16 17 18 19 20 21 22 23 24 31 25 26 32 27 28 29 12,0.6,,
2026-10-R1,planar_opt,Line 4,forward,decreasing_equal,load_aware_planar,20,planar,3947.0,2868.7,198.3,94.6,10.001,959.0,1.0,8.99,5.36,9.44,0.5,124 30 15 16 17 18 19 20 21 22 23 24 31 25 26 32 27 28 29 12,0.8,,
2026-10-R1,planar_opt,Line 4,reverse,decreasing_equal,load_aware_planar,20,planar,3852.1,2868.7,194.6,67.6,10.001,959.0,-1.0,9.0,6.84,9.27,0.5,124 30 15 16 17 18 19 20 21 22 23 24 31 25 26 32 27 28 29 12,0.8,,
2026-10-R1,planar_opt,Line 4,forward,decreasing_demand,load_aware_planar,20,planar,3949.2,2871.0,198.3,94.6,10.001,961.0,1.0,8.97,5.27,9.44,0.5,124 30 15 16 17 18 19 20 21 22 23 24 31 25 26 32 27 28 29 12,0.6,,
2026-10-R1,planar_opt,Line 4,reverse,decreasing_demand,load_aware_planar,20,planar,3846.0,2866.8,194.6,67.7,10.001,957.0,-1.0,9.01,6.91,9.27,0.5,124 30 15 16 17 18 19 20 21 22 23 24 31 25 26 32 27 28 29 12,0.6,,
2026-10-R1,planar_opt,Line 5,forward,constant_7pax,as_found,19,planar,4635.9,3334.6,228.3,25.2,12.451,913.4,1.0,11.42,11.42,11.42,0.5,,,,
2026-10-R1,planar_opt,Line 5,forward,decreasing_equal,as_found,19,planar,4589.3,3342.0,228.3,19.1,12.451,913.4,1.0,11.29,10.29,11.42,0.5,,,,
2026-10-R1,planar_opt,Line 5,forward,decreasing_demand,as_found,19,planar,4590.0,3342.2,228.3,19.5,12.451,914.4,1.0,11.28,10.18,11.42,0.5,,,,
2026-10-R1,planar_opt,Line 5,reverse,constant_7pax,as_found,19,planar,4763.6,3334.6,233.0,38.0,12.451,913.4,-1.0,11.65,11.65,11.65,0.5,,,,
2026-10-R1,planar_opt,Line 5,reverse,decreasing_equal,as_found,19,planar,4804.9,3342.0,233.0,44.7,12.451,913.4,-1.0,11.69,12.03,11.65,0.5,,,,
2026-10-R1,planar_opt,Line 5,reverse,decreasing_demand,as_found,19,planar,4803.4,3341.4,233.0,44.5,12.451,912.3,-1.0,11.71,12.18,11.65,0.5,,,,
2026-10-R1,planar_opt,Line 5,forward,constant_7pax,load_aware_dem,19,dem,4578.3,3461.3,213.6,31.5,12.906,913.4,0.7543859649122807,10.68,10.68,10.68,0.5,59 62 63 64 65 66 67 68 69 70 71 72 73 74 75 76 77 61 60,1.0,,
2026-10-R1,planar_opt,Line 5,reverse,constant_7pax,load_aware_dem,19,dem,4837.5,3461.3,223.4,52.4,12.906,913.4,-0.7543859649122807,11.17,11.17,11.17,0.5,59 62 63 64 65 66 67 68 69 70 71 72 73 74 75 76 77 61 60,1.0,,
2026-10-R1,planar_opt,Line 5,forward,decreasing_equal,load_aware_dem,19,dem,4537.3,3466.5,213.6,28.7,12.906,913.4,0.7543859649122807,10.6,9.95,10.68,0.5,59 62 63 64 65 66 67 68 69 70 71 72 73 74 75 76 77 61 60,0.6,,
2026-10-R1,planar_opt,Line 5,reverse,decreasing_equal,load_aware_dem,19,dem,4889.3,3466.5,223.4,66.2,12.906,913.4,-0.7543859649122807,11.27,12.08,11.17,0.5,59 62 63 64 65 66 67 68 69 70 71 72 73 74 75 76 77 61 60,0.6,,
2026-10-R1,planar_opt,Line 5,forward,decreasing_demand,load_aware_dem,19,dem,4533.3,3465.0,213.6,28.4,12.906,912.5,0.7543859649122807,10.6,9.96,10.68,0.5,59 62 63 64 65 66 67 68 69 70 71 72 73 74 75 76 77 61 60,0.9,,
2026-10-R1,planar_opt,Line 5,reverse,decreasing_demand,load_aware_dem,19,dem,4892.2,3467.2,223.4,65.5,12.906,914.2,-0.7543859649122807,11.26,11.99,11.17,0.5,59 62 63 64 65 66 67 68 69 70 71 72 73 74 75 76 77 61 60,0.9,,
2026-10-R1,planar_opt,Line 5,forward,constant_7pax,load_aware_planar,19,planar,4635.9,3334.6,228.3,25.2,12.451,913.4,1.0,11.42,11.42,11.42,0.5,59 62 63 70 69 68 67 66 65 64 71 72 73 74 75 76 77 61 60,0.7,,
2026-10-R1,planar_opt,Line 5,reverse,constant_7pax,load_aware_planar,19,planar,4763.6,3334.6,233.0,38.0,12.451,913.4,-1.0,11.65,11.65,11.65,0.5,59 62 63 70 69 68 67 66 65 64 71 72 73 74 75 76 77 61 60,0.7,,
2026-10-R1,planar_opt,Line 5,forward,decreasing_equal,load_aware_planar,19,planar,4589.3,3342.0,228.3,19.1,12.451,913.4,1.0,11.29,10.29,11.42,0.5,59 62 63 70 69 68 67 66 65 64 71 72 73 74 75 76 77 61 60,0.7,,
2026-10-R1,planar_opt,Line 5,reverse,decreasing_equal,load_aware_planar,19,planar,4804.9,3342.0,233.0,44.7,12.451,913.4,-1.0,11.69,12.03,11.65,0.5,59 62 63 70 69 68 67 66 65 64 71 72 73 74 75 76 77 61 60,0.7,,
2026-10-R1,planar_opt,Line 5,forward,decreasing_demand,load_aware_planar,19,planar,4629.7,3340.9,230.3,21.8,12.451,912.5,0.7543859649122807,11.42,10.68,11.51,0.5,59 62 63 64 65 66 67 68 69 70 71 72 73 74 75 76 77 61 60,0.9,,
2026-10-R1,planar_opt,Line 5,reverse,decreasing_demand,load_aware_planar,19,planar,4775.0,3343.1,231.1,43.8,12.451,914.2,-0.7543859649122807,11.61,12.07,11.55,0.5,59 62 63 64 65 66 67 68 69 70 71 72 73 74 75 76 77 61 60,0.9,,
2026-10-R1,planar_opt,Line 6,forward,constant_7pax,as_found,13,planar,12064.1,6799.7,737.3,868.6,25.643,639.3,1.0,52.67,52.67,52.67,0.5,,,,
2026-10-R1,planar_opt,Line 6,forward,decreasing_equal,as_found,13,planar,12466.6,6792.3,737.3,602.7,25.643,639.3,1.0,53.9,63.76,52.67,0.5,,,,
2026-10-R1,planar_opt,Line 6,forward,decreasing_demand,as_found,13,planar,12466.6,6792.3,737.3,602.7,25.643,639.3,1.0,53.9,63.76,52.67,0.5,,,,
2026-10-R1,planar_opt,Line 6,reverse,constant_7pax,as_found,13,planar,11573.0,6799.7,733.0,474.5,25.643,639.3,-1.0,52.36,52.36,52.36,0.5,,,,
2026-10-R1,planar_opt,Line 6,reverse,decreasing_equal,as_found,13,planar,10875.4,6792.3,733.0,559.8,25.643,639.3,-1.0,49.41,25.83,52.36,0.5,,,,
2026-10-R1,planar_opt,Line 6,reverse,decreasing_demand,as_found,13,planar,10875.4,6792.3,733.0,559.8,25.643,639.3,-1.0,49.41,25.83,52.36,0.5,,,,
2026-10-R1,planar_opt,Line 6,forward,constant_7pax,load_aware_dem,13,dem,11506.1,6940.8,720.2,478.4,26.14,639.3,0.15384615384615385,51.45,51.45,51.45,0.5,2 5 6 7 8 9 129 4 3 1 0 130 13,0.3,,
2026-10-R1,planar_opt,Line 6,reverse,constant_7pax,load_aware_dem,13,dem,12289.8,6940.8,735.6,923.8,26.14,639.3,-0.15384615384615385,52.54,52.54,52.54,0.5,2 5 6 7 8 9 129 4 3 1 0 130 13,0.3,,
2026-10-R1,planar_opt,Line 6,forward,decreasing_equal,load_aware_dem,13,dem,12144.1,6919.2,720.4,394.2,26.143,639.3,-0.15384615384615385,54.03,74.66,51.45,0.5,0 1 2 3 4 5 6 7 8 9 129 130 13,0.6,,
2026-10-R1,planar_opt,Line 6,reverse,decreasing_equal,load_aware_dem,13,dem,11820.9,6919.2,735.7,1216.6,26.143,639.3,0.15384615384615385,50.9,37.75,52.55,0.5,0 1 2 3 4 5 6 7 8 9 129 130 13,0.6,,
2026-10-R1,planar_opt,Line 6,forward,decreasing_demand,load_aware_dem,13,dem,12144.1,6919.2,720.4,394.2,26.143,639.3,-0.15384615384615385,54.03,74.66,51.45,0.5,0 1 2 3 4 5 6 7 8 9 129 130 13,0.7,,
2026-10-R1,planar_opt,Line 6,reverse,decreasing_demand,load_aware_dem,13,dem,11820.9,6919.2,735.7,1216.6,26.143,639.3,0.15384615384615385,50.9,37.75,52.55,0.5,0 1 2 3 4 5 6 7 8 9 129 130 13,0.7,,
2026-10-R1,planar_opt,Line 6,forward,constant_7pax,load_aware_planar,13,planar,12064.1,6799.7,737.3,868.6,25.643,639.3,1.0,52.67,52.67,52.67,0.5,13 130 0 2 5 6 7 8 9 129 4 3 1,0.3,,
2026-10-R1,planar_opt,Line 6,reverse,constant_7pax,load_aware_planar,13,planar,11573.0,6799.7,733.0,474.5,25.643,639.3,-1.0,52.36,52.36,52.36,0.5,13 130 0 2 5 6 7 8 9 129 4 3 1,0.3,,
2026-10-R1,planar_opt,Line 6,forward,decreasing_equal,load_aware_planar,13,planar,12422.7,6778.2,737.3,588.9,25.643,639.3,0.4358974358974359,53.67,61.71,52.67,0.5,13 130 0 1 2 3 4 5 6 7 8 9 129,0.6,,
2026-10-R1,planar_opt,Line 6,reverse,decreasing_equal,load_aware_planar,13,planar,10832.1,6778.2,733.0,547.1,25.643,639.3,-0.4358974358974359,49.18,23.78,52.36,0.5,13 130 0 1 2 3 4 5 6 7 8 9 129,0.6,,
2026-10-R1,planar_opt,Line 6,forward,decreasing_demand,load_aware_planar,13,planar,12422.7,6778.2,737.3,588.9,25.643,639.3,0.4358974358974359,53.67,61.71,52.67,0.5,13 130 0 1 2 3 4 5 6 7 8 9 129,0.7,,
2026-10-R1,planar_opt,Line 6,reverse,decreasing_demand,load_aware_planar,13,planar,10832.1,6778.2,733.0,547.1,25.643,639.3,-0.4358974358974359,49.18,23.78,52.36,0.5,13 130 0 1 2 3 4 5 6 7 8 9 129,0.7,,
2026-10-R1,planar_opt,Line 7,forward,constant_7pax,as_found,5,planar,1669.4,948.4,103.6,36.4,3.61,274.0,1.0,17.26,17.26,17.26,0.5,,,,
2026-10-R1,planar_opt,Line 7,forward,decreasing_equal,as_found,5,planar,1817.9,981.0,103.6,53.7,3.61,274.0,1.0,18.97,32.63,17.26,0.5,,,,
2026-10-R1,planar_opt,Line 7,forward,decreasing_demand,as_found,5,planar,1817.9,981.0,103.6,53.7,3.61,274.0,1.0,18.97,32.63,17.26,0.5,,,,
2026-10-R1,planar_opt,Line 7,reverse,constant_7pax,as_found,5,planar,1665.4,948.4,102.6,39.5,3.61,274.0,-1.0,17.1,17.1,17.1,0.5,,,,
2026-10-R1,planar_opt,Line 7,reverse,decreasing_equal,as_found,5,planar,1729.4,981.0,102.6,70.0,3.61,274.0,-1.0,18.13,26.32,17.1,0.5,,,,
2026-10-R1,planar_opt,Line 7,reverse,decreasing_demand,as_found,5,planar,1729.4,981.0,102.6,70.0,3.61,274.0,-1.0,18.13,26.32,17.1,0.5,,,,
2026-10-R1,planar_opt,Line 7,forward,constant_7pax,load_aware_dem,5,dem,1531.7,1104.0,88.8,38.3,4.192,274.0,1.0,14.81,14.81,14.81,0.5,11 127 121 10 128,0.0,,
2026-10-R1,planar_opt,Line 7,reverse,constant_7pax,load_aware_dem,5,dem,2018.4,1104.0,108.2,102.3,4.192,274.0,-1.0,18.03,18.03,18.03,0.5,11 127 121 10 128,0.0,,
2026-10-R1,planar_opt,Line 7,forward,decreasing_equal,load_aware_dem,5,dem,1659.2,1145.9,88.8,58.4,4.192,274.0,1.0,16.24,27.73,14.81,0.5,11 127 121 10 128,0.0,,
2026-10-R1,planar_opt,Line 7,reverse,decreasing_equal,load_aware_dem,5,dem,2119.5,1145.9,108.2,150.5,4.192,274.0,-1.0,19.16,28.19,18.03,0.5,11 127 121 10 128,0.0,,
2026-10-R1,planar_opt,Line 7,forward,decreasing_demand,load_aware_dem,5,dem,1659.2,1145.9,88.8,58.4,4.192,274.0,1.0,16.24,27.73,14.81,0.5,11 127 121 10 128,0.0,,
2026-10-R1,planar_opt,Line 7,reverse,decreasing_demand,load_aware_dem,5,dem,2119.5,1145.9,108.2,150.5,4.192,274.0,-1.0,19.16,28.19,18.03,0.5,11 127 121 10 128,0.0,,
2026-10-R1,planar_opt,Line 7,forward,constant_7pax,load_aware_planar,5,planar,1669.4,948.4,103.6,36.4,3.61,274.0,1.0,17.26,17.26,17.26,0.5,11 127 121 10 128,0.0,,
2026-10-R1,planar_opt,Line 7,reverse,constant_7pax,load_aware_planar,5,planar,1665.4,948.4,102.6,39.5,3.61,274.0,-1.0,17.1,17.1,17.1,0.5,11 127 121 10 128,0.0,,
2026-10-R1,planar_opt,Line 7,forward,decreasing_equal,load_aware_planar,5,planar,1817.9,981.0,103.6,53.7,3.61,274.0,1.0,18.97,32.63,17.26,0.5,11 127 121 10 128,0.0,,
2026-10-R1,planar_opt,Line 7,reverse,decreasing_equal,load_aware_planar,5,planar,1729.4,981.0,102.6,70.0,3.61,274.0,-1.0,18.13,26.32,17.1,0.5,11 127 121 10 128,0.0,,
2026-10-R1,planar_opt,Line 7,forward,decreasing_demand,load_aware_planar,5,planar,1817.9,981.0,103.6,53.7,3.61,274.0,1.0,18.97,32.63,17.26,0.5,11 127 121 10 128,0.0,,
2026-10-R1,planar_opt,Line 7,reverse,decreasing_demand,load_aware_planar,5,planar,1729.4,981.0,102.6,70.0,3.61,274.0,-1.0,18.13,26.32,17.1,0.5,11 127 121 10 128,0.0,,
2026-10-R1,planar_opt,Line 8,forward,constant_7pax,as_found,5,planar,969.0,677.5,47.5,13.5,2.565,274.0,1.0,7.92,7.92,7.92,0.5,,,,
2026-10-R1,planar_opt,Line 8,forward,decreasing_equal,as_found,5,planar,944.6,666.4,47.5,12.7,2.565,274.0,1.0,7.56,4.62,7.92,0.5,,,,
2026-10-R1,planar_opt,Line 8,forward,decreasing_demand,as_found,5,planar,944.6,666.4,47.5,12.7,2.565,274.0,1.0,7.56,4.62,7.92,0.5,,,,
2026-10-R1,planar_opt,Line 8,reverse,constant_7pax,as_found,5,planar,956.8,677.5,47.4,10.8,2.565,274.0,-1.0,7.9,7.9,7.9,0.5,,,,
2026-10-R1,planar_opt,Line 8,reverse,decreasing_equal,as_found,5,planar,922.4,666.4,47.4,8.9,2.565,274.0,-1.0,7.49,4.16,7.9,0.5,,,,
2026-10-R1,planar_opt,Line 8,reverse,decreasing_demand,as_found,5,planar,922.4,666.4,47.4,8.9,2.565,274.0,-1.0,7.49,4.16,7.9,0.5,,,,
2026-10-R1,planar_opt,Line 8,forward,constant_7pax,load_aware_dem,5,dem,867.5,681.0,35.5,10.4,2.51,274.0,1.0,5.92,5.92,5.92,0.5,122 120 123 125 126,0.0,,
2026-10-R1,planar_opt,Line 8,reverse,constant_7pax,load_aware_dem,5,dem,847.2,681.0,35.0,7.5,2.51,274.0,-1.0,5.83,5.83,5.83,0.5,122 120 123 125 126,0.0,,
2026-10-R1,planar_opt,Line 8,forward,decreasing_equal,load_aware_dem,5,dem,856.8,670.8,35.5,13.2,2.51,274.0,1.0,5.78,4.62,5.92,0.5,122 120 123 125 126,0.0,,
2026-10-R1,planar_opt,Line 8,reverse,decreasing_equal,load_aware_dem,5,dem,826.9,670.8,35.0,6.8,2.51,274.0,-1.0,5.65,4.16,5.83,0.5,122 120 123 125 126,0.0,,
2026-10-R1,planar_opt,Line 8,forward,decreasing_demand,load_aware_dem,5,dem,856.8,670.8,35.5,13.2,2.51,274.0,1.0,5.78,4.62,5.92,0.5,122 120 123 125 126,0.0,,
2026-10-R1,planar_opt,Line 8,reverse,decreasing_demand,load_aware_dem,5,dem,826.9,670.8,35.0,6.8,2.51,274.0,-1.0,5.65,4.16,5.83,0.5,122 120 123 125 126,0.0,,
2026-10-R1,planar_opt,Line 8,forward,constant_7pax,load_aware_planar,5,planar,969.0,677.5,47.5,13.5,2.565,274.0,1.0,7.92,7.92,7.92,0.5,122 120 123 125 126,0.0,,
2026-10-R1,planar_opt,Line 8,reverse,constant_7pax,load_aware_planar,5,planar,956.8,677.5,47.4,10.8,2.565,274.0,-1.0,7.9,7.9,7.9,0.5,122 120 123 125 126,0.0,,
2026-10-R1,planar_opt,Line 8,forward,decreasing_equal,load_aware_planar,5,planar,944.6,666.4,47.5,12.7,2.565,274.0,1.0,7.56,4.62,7.92,0.5,122 120 123 125 126,0.0,,
2026-10-R1,planar_opt,Line 8,reverse,decreasing_equal,load_aware_planar,5,planar,922.4,666.4,47.4,8.9,2.565,274.0,-1.0,7.49,4.16,7.9,0.5,122 120 123 125 126,0.0,,
2026-10-R1,planar_opt,Line 8,forward,decreasing_demand,load_aware_planar,5,planar,944.6,666.4,47.5,12.7,2.565,274.0,1.0,7.56,4.62,7.92,0.5,122 120 123 125 126,0.0,,
2026-10-R1,planar_opt,Line 8,reverse,decreasing_demand,load_aware_planar,5,planar,922.4,666.4,47.4,8.9,2.565,274.0,-1.0,7.49,4.16,7.9,0.5,122 120 123 125 126,0.0,,
2026-10-R1,dem_opt,Line 1,forward,constant_7pax,as_found,25,dem,2906.0,2178.7,136.0,13.4,8.52,1187.4,1.0,5.23,5.23,5.23,0.5,,,,
2026-10-R1,dem_opt,Line 1,forward,decreasing_equal,as_found,25,dem,2866.8,2178.4,136.0,18.2,8.52,1187.4,1.0,5.18,4.78,5.23,0.5,,,,
2026-10-R1,dem_opt,Line 1,forward,decreasing_demand,as_found,25,dem,2860.3,2174.9,136.0,17.9,8.52,1183.9,1.0,5.19,4.84,5.23,0.5,,,,
2026-10-R1,dem_opt,Line 1,reverse,constant_7pax,as_found,25,dem,2946.9,2178.7,137.7,9.7,8.52,1187.4,-1.0,5.3,5.3,5.3,0.5,,,,
2026-10-R1,dem_opt,Line 1,reverse,decreasing_equal,as_found,25,dem,3000.1,2178.4,137.7,13.0,8.52,1187.4,-1.0,5.4,6.25,5.3,0.5,,,,
2026-10-R1,dem_opt,Line 1,reverse,decreasing_demand,as_found,25,dem,3009.3,2182.4,137.7,13.2,8.52,1190.8,-1.0,5.4,6.18,5.3,0.5,,,,
2026-10-R1,dem_opt,Line 1,forward,constant_7pax,load_aware_dem,25,dem,2906.0,2178.7,136.0,13.4,8.52,1187.4,1.0,5.23,5.23,5.23,0.5,33 58 57 56 55 54 53 52 51 48 47 45 46 43 42 41 40 38 39 49 50 37 36 34 35,1.2,,
2026-10-R1,dem_opt,Line 1,reverse,constant_7pax,load_aware_dem,25,dem,2946.9,2178.7,137.7,9.7,8.52,1187.4,-1.0,5.3,5.3,5.3,0.5,33 58 57 56 55 54 53 52 51 48 47 45 46 43 42 41 40 38 39 49 50 37 36 34 35,1.2,,
2026-10-R1,dem_opt,Line 1,forward,decreasing_equal,load_aware_dem,25,dem,2866.8,2178.4,136.0,18.2,8.52,1187.4,1.0,5.18,4.78,5.23,0.5,33 58 57 56 55 54 53 52 51 48 47 45 46 43 42 41 40 38 39 49 50 37 36 34 35,1.1,,
2026-10-R1,dem_opt,Line 1,reverse,decreasing_equal,load_aware_dem,25,dem,3000.1,2178.4,137.7,13.0,8.52,1187.4,-1.0,5.4,6.25,5.3,0.5,33 58 57 56 55 54 53 52 51 48 47 45 46 43 42 41 40 38 39 49 50 37 36 34 35,1.1,,
2026-10-R1,dem_opt,Line 1,forward,decreasing_demand,load_aware_dem,25,dem,2860.3,2174.9,136.0,17.9,8.52,1183.9,1.0,5.19,4.84,5.23,0.5,33 58 57 56 55 54 53 52 51 48 47 45 46 43 42 41 40 38 39 49 50 37 36 34 35,1.5,,
2026-10-R1,dem_opt,Line 1,reverse,decreasing_demand,load_aware_dem,25,dem,3009.3,2182.4,137.7,13.2,8.52,1190.8,-1.0,5.4,6.18,5.3,0.5,33 58 57 56 55 54 53 52 51 48 47 45 46 43 42 41 40 38 39 49 50 37 36 34 35,1.5,,
2026-10-R1,dem_opt,Line 1,forward,constant_7pax,load_aware_planar,25,planar,2954.5,2137.6,142.7,12.0,8.384,1187.4,0.9933333333333333,5.49,5.49,5.49,0.5,33 58 57 56 55 54 53 52 51 48 47 45 46 43 42 41 40 38 39 49 50 37 36 35 34,1.2,,
2026-10-R1,dem_opt,Line 1,reverse,constant_7pax,load_aware_planar,25,planar,2934.0,2137.6,143.0,10.5,8.384,1187.4,-0.9933333333333333,5.5,5.5,5.5,0.5,33 58 57 56 55 54 53 52 51 48 47 45 46 43 42 41 40 38 39 49 50 37 36 35 34,1.2,,
2026-10-R1,dem_opt,Line 1,forward,decreasing_equal,load_aware_planar,25,planar,2907.8,2132.1,144.2,7.2,8.393,1187.4,-0.8066666666666666,5.42,4.41,5.55,0.5,33 34 35 36 37 50 49 39 38 40 41 42 43 47 45 46 48 52 51 53 54 55 56 57 58,2.0,,
2026-10-R1,dem_opt,Line 1,reverse,decreasing_equal,load_aware_planar,25,planar,2987.4,2132.1,145.4,12.4,8.393,1187.4,0.8066666666666666,5.62,5.86,5.59,0.5,33 34 35 36 37 50 49 39 38 40 41 42 43 47 45 46 48 52 51 53 54 55 56 57 58,2.0,,
2026-10-R1,dem_opt,Line 1,forward,decreasing_demand,load_aware_planar,25,planar,2900.0,2128.3,144.2,7.0,8.393,1182.6,-0.8066666666666666,5.43,4.49,5.55,0.5,33 34 35 36 37 50 49 39 38 40 41 42 43 47 45 46 48 52 51 53 54 55 56 57 58,1.7,,
2026-10-R1,dem_opt,Line 1,reverse,decreasing_demand,load_aware_planar,25,planar,2992.8,2135.0,145.4,12.6,8.393,1192.1,0.8066666666666666,5.6,5.68,5.59,0.5,33 34 35 36 37 50 49 39 38 40 41 42 43 47 45 46 48 52 51 53 54 55 56 57 58,1.7,,
2026-10-R1,dem_opt,Line 2,forward,constant_7pax,as_found,22,dem,3336.6,2271.9,172.0,52.8,8.804,1050.4,1.0,7.48,7.48,7.48,0.5,,,,
2026-10-R1,dem_opt,Line 2,forward,decreasing_equal,as_found,22,dem,3272.1,2240.3,172.0,34.0,8.804,1050.4,1.0,7.22,5.16,7.48,0.5,,,,
2026-10-R1,dem_opt,Line 2,forward,decreasing_demand,as_found,22,dem,3272.8,2241.2,172.0,34.2,8.804,1051.3,1.0,7.21,5.12,7.48,0.5,,,,
2026-10-R1,dem_opt,Line 2,reverse,constant_7pax,as_found,22,dem,3363.1,2271.9,171.8,37.5,8.804,1050.4,-1.0,7.47,7.47,7.47,0.5,,,,
2026-10-R1,dem_opt,Line 2,reverse,decreasing_equal,as_found,22,dem,3249.4,2240.3,171.8,30.1,8.804,1050.4,-1.0,7.1,4.15,7.47,0.5,,,,
2026-10-R1,dem_opt,Line 2,reverse,decreasing_demand,as_found,22,dem,3245.0,2238.8,171.8,29.8,8.804,1049.4,-1.0,7.1,4.07,7.47,0.5,,,,
2026-10-R1,dem_opt,Line 2,forward,constant_7pax,load_aware_dem,22,dem,3336.6,2271.9,172.0,52.8,8.804,1050.4,1.0,7.48,7.48,7.48,0.5,100 115 114 113 101 102 103 112 104 105 106 111 107 108 109 110 82 116 118 14 99 117,0.7,,
2026-10-R1,dem_opt,Line 2,reverse,constant_7pax,load_aware_dem,22,dem,3363.1,2271.9,171.8,37.5,8.804,1050.4,-1.0,7.47,7.47,7.47,0.5,100 115 114 113 101 102 103 112 104 105 106 111 107 108 109 110 82 116 118 14 99 117,0.7,,
2026-10-R1,dem_opt,Line 2,forward,decreasing_equal,load_aware_dem,22,dem,3272.1,2240.3,172.0,34.0,8.804,1050.4,1.0,7.22,5.16,7.48,0.5,100 115 114 113 101 102 103 112 104 105 106 111 107 108 109 110 82 116 118 14 99 117,0.7,,
2026-10-R1,dem_opt,Line 2,reverse,decreasing_equal,load_aware_dem,22,dem,3249.4,2240.3,171.8,30.1,8.804,1050.4,-1.0,7.1,4.15,7.47,0.5,100 115 114 113 101 102 103 112 104 105 106 111 107 108 109 110 82 116 118 14 99 117,0.7,,
2026-10-R1,dem_opt,Line 2,forward,decreasing_demand,load_aware_dem,22,dem,3272.8,2241.2,172.0,34.2,8.804,1051.3,1.0,7.21,5.12,7.48,0.5,100 115 114 113 101 102 103 112 104 105 106 111 107 108 109 110 82 116 118 14 99 117,0.7,,
2026-10-R1,dem_opt,Line 2,reverse,decreasing_demand,load_aware_dem,22,dem,3245.0,2238.8,171.8,29.8,8.804,1049.4,-1.0,7.1,4.07,7.47,0.5,100 115 114 113 101 102 103 112 104 105 106 111 107 108 109 110 82 116 118 14 99 117,0.7,,
2026-10-R1,dem_opt,Line 2,forward,constant_7pax,load_aware_planar,22,planar,3441.6,2262.5,188.7,40.5,8.775,1050.4,0.8787878787878788,8.2,8.2,8.2,0.5,100 115 114 101 102 103 112 104 105 106 111 107 108 109 110 82 116 113 118 14 99 117,1.1,,
2026-10-R1,dem_opt,Line 2,reverse,constant_7pax,load_aware_planar,22,planar,3469.0,2262.5,188.4,40.8,8.775,1050.4,-0.8787878787878788,8.19,8.19,8.19,0.5,100 115 114 101 102 103 112 104 105 106 111 107 108 109 110 82 116 113 118 14 99 117,1.1,,
2026-10-R1,dem_opt,Line 2,forward,decreasing_equal,load_aware_planar,22,planar,3276.6,2232.7,176.4,30.2,8.719,1050.4,1.0,7.39,5.16,7.67,0.5,100 115 114 113 101 102 103 112 104 105 106 111 107 108 109 110 82 116 118 14 99 117,0.7,,
2026-10-R1,dem_opt,Line 2,reverse,decreasing_equal,load_aware_planar,22,planar,3255.6,2232.7,176.1,30.1,8.719,1050.4,-1.0,7.27,4.15,7.66,0.5,100 115 114 113 101 102 103 112 104 105 106 111 107 108 109 110 82 116 118 14 99 117,0.7,,
2026-10-R1,dem_opt,Line 2,forward,decreasing_demand,load_aware_planar,22,planar,3277.3,2233.5,176.4,30.4,8.719,1051.3,1.0,7.38,5.12,7.67,0.5,100 115 114 113 101 102 103 112 104 105 106 111 107 108 109 110 82 116 118 14 99 117,0.7,,
2026-10-R1,dem_opt,Line 2,reverse,decreasing_demand,load_aware_planar,22,planar,3251.2,2231.2,176.1,29.7,8.719,1049.4,-1.0,7.26,4.07,7.66,0.5,100 115 114 113 101 102 103 112 104 105 106 111 107 108 109 110 82 116 118 14 99 117,0.7,,
2026-10-R1,dem_opt,Line 3,forward,constant_7pax,as_found,20,dem,4255.4,2815.9,221.4,111.8,10.674,959.0,1.0,10.54,10.54,10.54,0.5,,,,
2026-10-R1,dem_opt,Line 3,forward,decreasing_equal,as_found,20,dem,4338.3,2794.6,221.4,73.4,10.674,959.0,1.0,10.67,11.71,10.54,0.5,,,,
2026-10-R1,dem_opt,Line 3,forward,decreasing_demand,as_found,20,dem,4323.6,2791.0,221.4,73.2,10.674,956.0,1.0,10.68,11.82,10.54,0.5,,,,
2026-10-R1,dem_opt,Line 3,reverse,constant_7pax,as_found,20,dem,4201.8,2815.9,220.8,73.9,10.674,959.0,-1.0,10.51,10.51,10.51,0.5,,,,
2026-10-R1,dem_opt,Line 3,reverse,decreasing_equal,as_found,20,dem,4009.3,2794.6,220.8,85.9,10.674,959.0,-1.0,10.0,5.93,10.51,0.5,,,,
2026-10-R1,dem_opt,Line 3,reverse,decreasing_demand,as_found,20,dem,4012.3,2797.9,220.8,87.3,10.674,962.0,-1.0,9.97,5.84,10.51,0.5,,,,
2026-10-R1,dem_opt,Line 3,forward,constant_7pax,load_aware_dem,20,dem,4255.4,2815.9,221.4,111.8,10.674,959.0,1.0,10.54,10.54,10.54,0.5,81 95 94 96 97 98 83 84 93 92 91 90 89 88 87 86 85 78 79 80,0.7,,
2026-10-R1,dem_opt,Line 3,reverse,constant_7pax,load_aware_dem,20,dem,4201.8,2815.9,220.8,73.9,10.674,959.0,-1.0,10.51,10.51,10.51,0.5,81 95 94 96 97 98 83 84 93 92 91 90 89 88 87 86 85 78 79 80,0.7,,
2026-10-R1,dem_opt,Line 3,forward,decreasing_equal,load_aware_dem,20,dem,4338.3,2794.6,221.4,73.4,10.674,959.0,1.0,10.67,11.71,10.54,0.5,81 95 94 96 97 98 83 84 93 92 91 90 89 88 87 86 85 78 79 80,0.7,,
2026-10-R1,dem_opt,Line 3,reverse,decreasing_equal,load_aware_dem,20,dem,4009.3,2794.6,220.8,85.9,10.674,959.0,-1.0,10.0,5.93,10.51,0.5,81 95 94 96 97 98 83 84 93 92 91 90 89 88 87 86 85 78 79 80,0.7,,
2026-10-R1,dem_opt,Line 3,forward,decreasing_demand,load_aware_dem,20,dem,4323.6,2791.0,221.4,73.2,10.674,956.0,1.0,10.68,11.82,10.54,0.5,81 95 94 96 97 98 83 84 93 92 91 90 89 88 87 86 85 78 79 80,0.7,,
2026-10-R1,dem_opt,Line 3,reverse,decreasing_demand,load_aware_dem,20,dem,4012.3,2797.9,220.8,87.3,10.674,962.0,-1.0,9.97,5.84,10.51,0.5,81 95 94 96 97 98 83 84 93 92 91 90 89 88 87 86 85 78 79 80,0.8,,
2026-10-R1,dem_opt,Line 3,forward,constant_7pax,load_aware_planar,20,planar,4323.7,2782.8,225.1,111.0,10.548,959.0,1.0,10.72,10.72,10.72,0.5,81 95 94 96 97 98 83 84 93 92 91 90 89 88 87 86 85 78 79 80,0.7,,
2026-10-R1,dem_opt,Line 3,reverse,constant_7pax,load_aware_planar,20,planar,4078.7,2782.8,216.0,72.1,10.548,959.0,-1.0,10.29,10.29,10.29,0.5,81 95 94 96 97 98 83 84 93 92 91 90 89 88 87 86 85 78 79 80,0.7,,
2026-10-R1,dem_opt,Line 3,forward,decreasing_equal,load_aware_planar,20,planar,4397.5,2763.0,225.1,65.9,10.548,959.0,1.0,10.84,11.78,10.72,0.5,81 95 94 96 97 98 83 84 93 92 91 90 89 88 87 86 85 78 79 80,0.7,,
2026-10-R1,dem_opt,Line 3,reverse,decreasing_equal,load_aware_planar,20,planar,3894.7,2763.0,216.0,84.5,10.548,959.0,-1.0,9.8,5.87,10.29,0.5,81 95 94 96 97 98 83 84 93 92 91 90 89 88 87 86 85 78 79 80,0.7,,
2026-10-R1,dem_opt,Line 3,forward,decreasing_demand,load_aware_planar,20,planar,4382.6,2759.5,225.1,65.5,10.548,956.0,1.0,10.84,11.89,10.72,0.5,81 95 94 96 97 98 83 84 93 92 91 90 89 88 87 86 85 78 79 80,0.7,,
2026-10-R1,dem_opt,Line 3,reverse,decreasing_demand,load_aware_planar,20,planar,3897.6,2766.3,216.0,85.9,10.548,962.0,-1.0,9.77,5.78,10.29,0.5,81 95 94 96 97 98 83 84 93 92 91 90 89 88 87 86 85 78 79 80,0.7,,
2026-10-R1,dem_opt,Line 4,forward,constant_7pax,as_found,20,dem,4081.8,2921.4,196.4,136.1,10.055,959.0,1.0,9.35,9.35,9.35,0.5,,,,
2026-10-R1,dem_opt,Line 4,forward,decreasing_equal,as_found,20,dem,3926.7,2882.6,196.4,97.5,10.055,959.0,1.0,8.89,5.23,9.35,0.5,,,,
2026-10-R1,dem_opt,Line 4,forward,decreasing_demand,as_found,20,dem,3928.8,2884.9,196.4,97.5,10.055,960.9,1.0,8.87,5.16,9.35,0.5,,,,
2026-10-R1,dem_opt,Line 4,reverse,constant_7pax,as_found,20,dem,3922.6,2921.4,192.8,100.0,10.055,959.0,-1.0,9.18,9.18,9.18,0.5,,,,
2026-10-R1,dem_opt,Line 4,reverse,decreasing_equal,as_found,20,dem,3862.1,2882.6,192.8,67.6,10.055,959.0,-1.0,8.91,6.72,9.18,0.5,,,,
2026-10-R1,dem_opt,Line 4,reverse,decreasing_demand,as_found,20,dem,3855.7,2880.6,192.8,67.7,10.055,957.2,-1.0,8.92,6.76,9.18,0.5,,,,
2026-10-R1,dem_opt,Line 4,forward,constant_7pax,load_aware_dem,20,dem,4081.8,2921.4,196.4,136.1,10.055,959.0,1.0,9.35,9.35,9.35,0.5,124 30 15 16 17 18 19 20 21 22 23 31 25 26 24 32 27 28 29 12,0.8,,
2026-10-R1,dem_opt,Line 4,reverse,constant_7pax,load_aware_dem,20,dem,3922.6,2921.4,192.8,100.0,10.055,959.0,-1.0,9.18,9.18,9.18,0.5,124 30 15 16 17 18 19 20 21 22 23 31 25 26 24 32 27 28 29 12,0.8,,
2026-10-R1,dem_opt,Line 4,forward,decreasing_equal,load_aware_dem,20,dem,3925.6,2875.4,196.1,97.5,10.003,959.0,0.968421052631579,8.87,5.16,9.34,0.5,124 30 15 16 17 18 19 20 21 22 23 24 31 25 26 32 27 28 29 12,0.9,,
2026-10-R1,dem_opt,Line 4,reverse,decreasing_equal,load_aware_dem,20,dem,3848.6,2875.4,192.6,67.6,10.003,959.0,-0.968421052631579,8.89,6.65,9.17,0.5,124 30 15 16 17 18 19 20 21 22 23 24 31 25 26 32 27 28 29 12,0.9,,
2026-10-R1,dem_opt,Line 4,forward,decreasing_demand,load_aware_dem,20,dem,3927.8,2877.6,196.1,97.5,10.003,961.0,0.968421052631579,8.85,5.07,9.34,0.5,124 30 15 16 17 18 19 20 21 22 23 24 31 25 26 32 27 28 29 12,0.9,,
2026-10-R1,dem_opt,Line 4,reverse,decreasing_demand,load_aware_dem,20,dem,3842.5,2873.4,192.6,67.7,10.003,957.0,-0.968421052631579,8.9,6.71,9.17,0.5,124 30 15 16 17 18 19 20 21 22 23 24 31 25 26 32 27 28 29 12,0.9,,
2026-10-R1,dem_opt,Line 4,forward,constant_7pax,load_aware_planar,20,planar,4102.2,2908.6,198.3,133.9,10.001,959.0,0.968421052631579,9.44,9.44,9.44,0.5,124 30 15 16 17 18 19 20 21 22 23 24 31 25 26 32 27 28 29 12,0.8,,
2026-10-R1,dem_opt,Line 4,reverse,constant_7pax,load_aware_planar,20,planar,3913.5,2908.6,194.6,100.0,10.001,959.0,-0.968421052631579,9.27,9.27,9.27,0.5,124 30 15 16 17 18 19 20 21 22 23 24 31 25 26 32 27 28 29 12,0.8,,
2026-10-R1,dem_opt,Line 4,forward,decreasing_equal,load_aware_planar,20,planar,3947.0,2868.7,198.3,94.6,10.001,959.0,0.968421052631579,8.99,5.36,9.44,0.5,124 30 15 16 17 18 19 20 21 22 23 24 31 25 26 32 27 28 29 12,1.1,,
2026-10-R1,dem_opt,Line 4,reverse,decreasing_equal,load_aware_planar,20,planar,3852.1,2868.7,194.6,67.6,10.001,959.0,-0.968421052631579,9.0,6.84,9.27,0.5,124 30 15 16 17 18 19 20 21 22 23 24 31 25 26 32 27 28 29 12,1.1,,
2026-10-R1,dem_opt,Line 4,forward,decreasing_demand,load_aware_planar,20,planar,3949.2,2871.0,198.3,94.6,10.001,961.0,0.968421052631579,8.97,5.27,9.44,0.5,124 30 15 16 17 18 19 20 21 22 23 24 31 25 26 32 27 28 29 12,0.9,,
2026-10-R1,dem_opt,Line 4,reverse,decreasing_demand,load_aware_planar,20,planar,3846.0,2866.8,194.6,67.7,10.001,957.0,-0.968421052631579,9.01,6.91,9.27,0.5,124 30 15 16 17 18 19 20 21 22 23 24 31 25 26 32 27 28 29 12,0.9,,
2026-10-R1,dem_opt,Line 5,forward,constant_7pax,as_found,19,dem,4578.3,3461.3,213.6,31.5,12.906,913.4,1.0,10.68,10.68,10.68,0.5,,,,
2026-10-R1,dem_opt,Line 5,forward,decreasing_equal,as_found,19,dem,4537.3,3466.5,213.6,28.7,12.906,913.4,1.0,10.6,9.95,10.68,0.5,,,,
2026-10-R1,dem_opt,Line 5,forward,decreasing_demand,as_found,19,dem,4533.3,3465.0,213.6,28.4,12.906,912.5,1.0,10.6,9.96,10.68,0.5,,,,
2026-10-R1,dem_opt,Line 5,reverse,constant_7pax,as_found,19,dem,4837.5,3461.3,223.4,52.4,12.906,913.4,-1.0,11.17,11.17,11.17,0.5,,,,
2026-10-R1,dem_opt,Line 5,reverse,decreasing_equal,as_found,19,dem,4889.3,3466.5,223.4,66.2,12.906,913.4,-1.0,11.27,12.08,11.17,0.5,,,,
2026-10-R1,dem_opt,Line 5,reverse,decreasing_demand,as_found,19,dem,4892.2,3467.2,223.4,65.5,12.906,914.2,-1.0,11.26,11.99,11.17,0.5,,,,
2026-10-R1,dem_opt,Line 5,forward,constant_7pax,load_aware_dem,19,dem,4578.3,3461.3,213.6,31.5,12.906,913.4,1.0,10.68,10.68,10.68,0.5,59 62 63 64 65 66 67 68 69 70 71 72 73 74 75 76 77 61 60,0.6,,
2026-10-R1,dem_opt,Line 5,reverse,constant_7pax,load_aware_dem,19,dem,4837.5,3461.3,223.4,52.4,12.906,913.4,-1.0,11.17,11.17,11.17,0.5,59 62 63 64 65 66 67 68 69 70 71 72 73 74 75 76 77 61 60,0.6,,
2026-10-R1,dem_opt,Line 5,forward,decreasing_equal,load_aware_dem,19,dem,4537.3,3466.5,213.6,28.7,12.906,913.4,1.0,10.6,9.95,10.68,0.5,59 62 63 64 65 66 67 68 69 70 71 72 73 74 75 76 77 61 60,0.7,,
2026-10-R1,dem_opt,Line 5,reverse,decreasing_equal,load_aware_dem,19,dem,4889.3,3466.5,223.4,66.2,12.906,913.4,-1.0,11.27,12.08,11.17,0.5,59 62 63 64 65 66 67 68 69 70 71 72 73 74 75 76 77 61 60,0.7,,
2026-10-R1,dem_opt,Line 5,forward,decreasing_demand,load_aware_dem,19,dem,4533.3,3465.0,213.6,28.4,12.906,912.5,1.0,10.6,9.96,10.68,0.5,59 62 63 64 65 66 67 68 69 70 71 72 73 74 75 76 77 61 60,1.0,,
2026-10-R1,dem_opt,Line 5,reverse,decreasing_demand,load_aware_dem,19,dem,4892.2,3467.2,223.4,65.5,12.906,914.2,-1.0,11.26,11.99,11.17,0.5,59 62 63 64 65 66 67 68 69 70 71 72 73 74 75 76 77 61 60,1.0,,
2026-10-R1,dem_opt,Line 5,forward,constant_7pax,load_aware_planar,19,planar,4673.5,3334.6,230.3,26.7,12.451,913.4,1.0,11.51,11.51,11.51,0.5,59 62 63 64 65 66 67 68 69 70 71 72 73 74 75 76 77 61 60,0.6,,
2026-10-R1,dem_opt,Line 5,reverse,constant_7pax,load_aware_planar,19,planar,4726.0,3334.6,231.1,36.5,12.451,913.4,-1.0,11.55,11.55,11.55,0.5,59 62 63 64 65 66 67 68 69 70 71 72 73 74 75 76 77 61 60,0.6,,
2026-10-R1,dem_opt,Line 5,forward,decreasing_equal,load_aware_planar,19,planar,4589.3,3342.0,228.3,19.1,12.451,913.4,0.7543859649122807,11.29,10.29,11.42,0.5,59 62 63 70 69 68 67 66 65 64 71 72 73 74 75 76 77 61 60,0.8,,
2026-10-R1,dem_opt,Line 5,reverse,decreasing_equal,load_aware_planar,19,planar,4804.9,3342.0,233.0,44.7,12.451,913.4,-0.7543859649122807,11.69,12.03,11.65,0.5,59 62 63 70 69 68 67 66 65 64 71 72 73 74 75 76 77 61 60,0.8,,
2026-10-R1,dem_opt,Line 5,forward,decreasing_demand,load_aware_planar,19,planar,4629.7,3340.9,230.3,21.8,12.451,912.5,1.0,11.42,10.68,11.51,0.5,59 62 63 64 65 66 67 68 69 70 71 72 73 74 75 76 77 61 60,0.7,,
2026-10-R1,dem_opt,Line 5,reverse,decreasing_demand,load_aware_planar,19,planar,4775.0,3343.1,231.1,43.8,12.451,914.2,-1.0,11.61,12.07,11.55,0.5,59 62 63 64 65 66 67 68 69 70 71 72 73 74 75 76 77 61 60,0.7,,
2026-10-R1,dem_opt,Line 6,forward,constant_7pax,as_found,13,dem,11506.1,6940.8,720.2,478.4,26.14,639.3,1.0,51.45,51.45,51.45,0.5,,,,
2026-10-R1,dem_opt,Line 6,forward,decreasing_equal,as_found,13,dem,12167.9,6927.3,720.2,403.3,26.14,639.3,1.0,54.16,75.84,51.45,0.5,,,,
2026-10-R1,dem_opt,Line 6,forward,decreasing_demand,as_found,13,dem,12167.9,6927.3,720.2,403.3,26.14,639.3,1.0,54.16,75.84,51.45,0.5,,,,
2026-10-R1,dem_opt,Line 6,reverse,constant_7pax,as_found,13,dem,12289.8,6940.8,735.6,923.8,26.14,639.3,-1.0,52.54,52.54,52.54,0.5,,,,
2026-10-R1,dem_opt,Line 6,reverse,decreasing_equal,as_found,13,dem,11851.0,6927.3,735.6,1229.6,26.14,639.3,-1.0,51.04,39.06,52.54,0.5,,,,
2026-10-R1,dem_opt,Line 6,reverse,decreasing_demand,as_found,13,dem,11851.0,6927.3,735.6,1229.6,26.14,639.3,-1.0,51.04,39.06,52.54,0.5,,,,
2026-10-R1,dem_opt,Line 6,forward,constant_7pax,load_aware_dem,13,dem,11506.1,6940.8,720.2,478.4,26.14,639.3,1.0,51.45,51.45,51.45,0.5,0 1 2 5 6 7 8 9 129 4 3 130 13,0.3,,
2026-10-R1,dem_opt,Line 6,reverse,constant_7pax,load_aware_dem,13,dem,12289.8,6940.8,735.6,923.8,26.14,639.3,-1.0,52.54,52.54,52.54,0.5,0 1 2 5 6 7 8 9 129 4 3 130 13,0.3,,
2026-10-R1,dem_opt,Line 6,forward,decreasing_equal,load_aware_dem,13,dem,12144.1,6919.2,720.4,394.2,26.143,639.3,0.6666666666666666,54.03,74.66,51.45,0.5,0 1 2 3 4 5 6 7 8 9 129 130 13,0.5,,
2026-10-R1,dem_opt,Line 6,reverse,decreasing_equal,load_aware_dem,13,dem,11820.9,6919.2,735.7,1216.6,26.143,639.3,-0.6666666666666666,50.9,37.75,52.55,0.5,0 1 2 3 4 5 6 7 8 9 129 130 13,0.5,,
2026-10-R1,dem_opt,Line 6,forward,decreasing_demand,load_aware_dem,13,dem,12144.1,6919.2,720.4,394.2,26.143,639.3,0.6666666666666666,54.03,74.66,51.45,0.5,0 1 2 3 4 5 6 7 8 9 129 130 13,0.5,,
2026-10-R1,dem_opt,Line 6,reverse,decreasing_demand,load_aware_dem,13,dem,11820.9,6919.2,735.7,1216.6,26.143,639.3,-0.6666666666666666,50.9,37.75,52.55,0.5,0 1 2 3 4 5 6 7 8 9 129 130 13,0.5,,
2026-10-R1,dem_opt,Line 6,forward,constant_7pax,load_aware_planar,13,planar,12064.1,6799.7,737.3,868.6,25.643,639.3,-1.0,52.67,52.67,52.67,0.5,13 130 3 4 129 9 8 7 6 5 2 1 0,0.3,,
2026-10-R1,dem_opt,Line 6,reverse,constant_7pax,load_aware_planar,13,planar,11573.0,6799.7,733.0,474.5,25.643,639.3,1.0,52.36,52.36,52.36,0.5,13 130 3 4 129 9 8 7 6 5 2 1 0,0.3,,
2026-10-R1,dem_opt,Line 6,forward,decreasing_equal,load_aware_planar,13,planar,12422.7,6778.2,737.3,588.9,25.643,639.3,0.07692307692307693,53.67,61.71,52.67,0.5,13 130 0 1 2 3 4 5 6 7 8 9 129,0.7,,
2026-10-R1,dem_opt,Line 6,reverse,decreasing_equal,load_aware_planar,13,planar,10832.1,6778.2,733.0,547.1,25.643,639.3,-0.07692307692307693,49.18,23.78,52.36,0.5,13 130 0 1 2 3 4 5 6 7 8 9 129,0.7,,
2026-10-R1,dem_opt,Line 6,forward,decreasing_demand,load_aware_planar,13,planar,12422.7,6778.2,737.3,588.9,25.643,639.3,0.07692307692307693,53.67,61.71,52.67,0.5,13 130 0 1 2 3 4 5 6 7 8 9 129,0.7,,
2026-10-R1,dem_opt,Line 6,reverse,decreasing_demand,load_aware_planar,13,planar,10832.1,6778.2,733.0,547.1,25.643,639.3,-0.07692307692307693,49.18,23.78,52.36,0.5,13 130 0 1 2 3 4 5 6 7 8 9 129,0.7,,
2026-10-R1,dem_opt,Line 7,forward,constant_7pax,as_found,5,dem,1531.7,1104.0,88.8,38.3,4.192,274.0,1.0,14.81,14.81,14.81,0.5,,,,
2026-10-R1,dem_opt,Line 7,forward,decreasing_equal,as_found,5,dem,1659.2,1145.9,88.8,58.4,4.192,274.0,1.0,16.24,27.73,14.81,0.5,,,,
2026-10-R1,dem_opt,Line 7,forward,decreasing_demand,as_found,5,dem,1659.2,1145.9,88.8,58.4,4.192,274.0,1.0,16.24,27.73,14.81,0.5,,,,
2026-10-R1,dem_opt,Line 7,reverse,constant_7pax,as_found,5,dem,2018.4,1104.0,108.2,102.3,4.192,274.0,-1.0,18.03,18.03,18.03,0.5,,,,
2026-10-R1,dem_opt,Line 7,reverse,decreasing_equal,as_found,5,dem,2119.5,1145.9,108.2,150.5,4.192,274.0,-1.0,19.16,28.19,18.03,0.5,,,,
2026-10-R1,dem_opt,Line 7,reverse,decreasing_demand,as_found,5,dem,2119.5,1145.9,108.2,150.5,4.192,274.0,-1.0,19.16,28.19,18.03,0.5,,,,
2026-10-R1,dem_opt,Line 7,forward,constant_7pax,load_aware_dem,5,dem,1531.7,1104.0,88.8,38.3,4.192,274.0,1.0,14.81,14.81,14.81,0.5,11 127 121 10 128,0.0,,
2026-10-R1,dem_opt,Line 7,reverse,constant_7pax,load_aware_dem,5,dem,2018.4,1104.0,108.2,102.3,4.192,274.0,-1.0,18.03,18.03,18.03,0.5,11 127 121 10 128,0.0,,
2026-10-R1,dem_opt,Line 7,forward,decreasing_equal,load_aware_dem,5,dem,1659.2,1145.9,88.8,58.4,4.192,274.0,1.0,16.24,27.73,14.81,0.5,11 127 121 10 128,0.0,,
2026-10-R1,dem_opt,Line 7,reverse,decreasing_equal,load_aware_dem,5,dem,2119.5,1145.9,108.2,150.5,4.192,274.0,-1.0,19.16,28.19,18.03,0.5,11 127 121 10 128,0.0,,
2026-10-R1,dem_opt,Line 7,forward,decreasing_demand,load_aware_dem,5,dem,1659.2,1145.9,88.8,58.4,4.192,274.0,1.0,16.24,27.73,14.81,0.5,11 127 121 10 128,0.0,,
2026-10-R1,dem_opt,Line 7,reverse,decreasing_demand,load_aware_dem,5,dem,2119.5,1145.9,108.2,150.5,4.192,274.0,-1.0,19.16,28.19,18.03,0.5,11 127 121 10 128,0.0,,
2026-10-R1,dem_opt,Line 7,forward,constant_7pax,load_aware_planar,5,planar,1669.4,948.4,103.6,36.4,3.61,274.0,1.0,17.26,17.26,17.26,0.5,11 127 121 10 128,0.0,,
2026-10-R1,dem_opt,Line 7,reverse,constant_7pax,load_aware_planar,5,planar,1665.4,948.4,102.6,39.5,3.61,274.0,-1.0,17.1,17.1,17.1,0.5,11 127 121 10 128,0.0,,
2026-10-R1,dem_opt,Line 7,forward,decreasing_equal,load_aware_planar,5,planar,1817.9,981.0,103.6,53.7,3.61,274.0,1.0,18.97,32.63,17.26,0.5,11 127 121 10 128,0.0,,
2026-10-R1,dem_opt,Line 7,reverse,decreasing_equal,load_aware_planar,5,planar,1729.4,981.0,102.6,70.0,3.61,274.0,-1.0,18.13,26.32,17.1,0.5,11 127 121 10 128,0.0,,
2026-10-R1,dem_opt,Line 7,forward,decreasing_demand,load_aware_planar,5,planar,1817.9,981.0,103.6,53.7,3.61,274.0,1.0,18.97,32.63,17.26,0.5,11 127 121 10 128,0.0,,
2026-10-R1,dem_opt,Line 7,reverse,decreasing_demand,load_aware_planar,5,planar,1729.4,981.0,102.6,70.0,3.61,274.0,-1.0,18.13,26.32,17.1,0.5,11 127 121 10 128,0.0,,
2026-10-R1,dem_opt,Line 8,forward,constant_7pax,as_found,5,dem,867.5,681.0,35.5,10.4,2.51,274.0,1.0,5.92,5.92,5.92,0.5,,,,
2026-10-R1,dem_opt,Line 8,forward,decreasing_equal,as_found,5,dem,856.8,670.8,35.5,13.2,2.51,274.0,1.0,5.78,4.62,5.92,0.5,,,,
2026-10-R1,dem_opt,Line 8,forward,decreasing_demand,as_found,5,dem,856.8,670.8,35.5,13.2,2.51,274.0,1.0,5.78,4.62,5.92,0.5,,,,
2026-10-R1,dem_opt,Line 8,reverse,constant_7pax,as_found,5,dem,847.2,681.0,35.0,7.5,2.51,274.0,-1.0,5.83,5.83,5.83,0.5,,,,
2026-10-R1,dem_opt,Line 8,reverse,decreasing_equal,as_found,5,dem,826.9,670.8,35.0,6.8,2.51,274.0,-1.0,5.65,4.16,5.83,0.5,,,,
2026-10-R1,dem_opt,Line 8,reverse,decreasing_demand,as_found,5,dem,826.9,670.8,35.0,6.8,2.51,274.0,-1.0,5.65,4.16,5.83,0.5,,,,
2026-10-R1,dem_opt,Line 8,forward,constant_7pax,load_aware_dem,5,dem,867.5,681.0,35.5,10.4,2.51,274.0,1.0,5.92,5.92,5.92,0.5,122 120 123 125 126,0.0,,
2026-10-R1,dem_opt,Line 8,reverse,constant_7pax,load_aware_dem,5,dem,847.2,681.0,35.0,7.5,2.51,274.0,-1.0,5.83,5.83,5.83,0.5,122 120 123 125 126,0.0,,
2026-10-R1,dem_opt,Line 8,forward,decreasing_equal,load_aware_dem,5,dem,856.8,670.8,35.5,13.2,2.51,274.0,1.0,5.78,4.62,5.92,0.5,122 120 123 125 126,0.0,,
2026-10-R1,dem_opt,Line 8,reverse,decreasing_equal,load_aware_dem,5,dem,826.9,670.8,35.0,6.8,2.51,274.0,-1.0,5.65,4.16,5.83,0.5,122 120 123 125 126,0.0,,
2026-10-R1,dem_opt,Line 8,forward,decreasing_demand,load_aware_dem,5,dem,856.8,670.8,35.5,13.2,2.51,274.0,1.0,5.78,4.62,5.92,0.5,122 120 123 125 126,0.0,,
2026-10-R1,dem_opt,Line 8,reverse,decreasing_demand,load_aware_dem,5,dem,826.9,670.8,35.0,6.8,2.51,274.0,-1.0,5.65,4.16,5.83,0.5,122 120 123 125 126,0.0,,
2026-10-R1,dem_opt,Line 8,forward,constant_7pax,load_aware_planar,5,planar,969.0,677.5,47.5,13.5,2.565,274.0,1.0,7.92,7.92,7.92,0.5,122 120 123 125 126,0.0,,
2026-10-R1,dem_opt,Line 8,reverse,constant_7pax,load_aware_planar,5,planar,956.8,677.5,47.4,10.8,2.565,274.0,-1.0,7.9,7.9,7.9,0.5,122 120 123 125 126,0.0,,
2026-10-R1,dem_opt,Line 8,forward,decreasing_equal,load_aware_planar,5,planar,944.6,666.4,47.5,12.7,2.565,274.0,1.0,7.56,4.62,7.92,0.5,122 120 123 125 126,0.0,,
2026-10-R1,dem_opt,Line 8,reverse,decreasing_equal,load_aware_planar,5,planar,922.4,666.4,47.4,8.9,2.565,274.0,-1.0,7.49,4.16,7.9,0.5,122 120 123 125 126,0.0,,
2026-10-R1,dem_opt,Line 8,forward,decreasing_demand,load_aware_planar,5,planar,944.6,666.4,47.5,12.7,2.565,274.0,1.0,7.56,4.62,7.92,0.5,122 120 123 125 126,0.0,,
2026-10-R1,dem_opt,Line 8,reverse,decreasing_demand,load_aware_planar,5,planar,922.4,666.4,47.4,8.9,2.565,274.0,-1.0,7.49,4.16,7.9,0.5,122 120 123 125 126,0.0,,
2026-10-R1,municipal_on_graph,AKSALUR,forward,constant_7pax,as_found,12,dem,11498.8,6955.8,718.0,482.4,26.218,593.7,1.0,55.23,55.23,55.23,0.5,,,,
2026-10-R1,municipal_on_graph,AKSALUR,forward,decreasing_equal,as_found,12,dem,12187.6,6934.5,718.0,402.5,26.218,593.7,1.0,58.25,82.38,55.23,0.5,,,,
2026-10-R1,municipal_on_graph,AKSALUR,forward,decreasing_demand,as_found,12,dem,12187.6,6934.5,718.0,402.5,26.218,593.7,1.0,58.25,82.38,55.23,0.5,,,,
2026-10-R1,municipal_on_graph,AKSALUR,reverse,constant_7pax,as_found,12,dem,12269.7,6955.8,732.4,918.9,26.218,593.7,-1.0,56.34,56.34,56.34,0.5,,,,
2026-10-R1,municipal_on_graph,AKSALUR,reverse,decreasing_equal,as_found,12,dem,11793.7,6934.5,732.4,1241.0,26.218,593.7,-1.0,54.56,40.4,56.34,0.5,,,,
2026-10-R1,municipal_on_graph,AKSALUR,reverse,decreasing_demand,as_found,12,dem,11793.7,6934.5,732.4,1241.0,26.218,593.7,-1.0,54.56,40.4,56.34,0.5,,,,
2026-10-R1,municipal_on_graph,AKSALUR,forward,constant_7pax,load_aware_dem,12,dem,11492.9,6957.6,717.6,481.9,26.219,593.7,0.6666666666666666,55.2,55.2,55.2,0.5,2 5 6 7 9 129 8 4 3 1 0 130,0.4,,
2026-10-R1,municipal_on_graph,AKSALUR,reverse,constant_7pax,load_aware_dem,12,dem,12280.3,6957.6,732.4,923.8,26.219,593.7,-0.6666666666666666,56.34,56.34,56.34,0.5,2 5 6 7 9 129 8 4 3 1 0 130,0.4,,
2026-10-R1,municipal_on_graph,AKSALUR,forward,decreasing_equal,load_aware_dem,12,dem,12105.7,6910.0,717.8,373.2,26.222,593.7,0.0,57.79,78.43,55.21,0.5,0 1 2 3 4 5 6 7 8 9 129 130,0.7,,
2026-10-R1,municipal_on_graph,AKSALUR,reverse,decreasing_equal,load_aware_dem,12,dem,11709.0,6910.0,732.6,1208.1,26.222,593.7,0.0,54.1,36.05,56.35,0.5,0 1 2 3 4 5 6 7 8 9 129 130,0.7,,
2026-10-R1,municipal_on_graph,AKSALUR,forward,decreasing_demand,load_aware_dem,12,dem,12105.7,6910.0,717.8,373.2,26.222,593.7,0.0,57.79,78.43,55.21,0.5,0 1 2 3 4 5 6 7 8 9 129 130,0.7,,
2026-10-R1,municipal_on_graph,AKSALUR,reverse,decreasing_demand,load_aware_dem,12,dem,11709.0,6910.0,732.6,1208.1,26.222,593.7,0.0,54.1,36.05,56.35,0.5,0 1 2 3 4 5 6 7 8 9 129 130,0.7,,
2026-10-R1,municipal_on_graph,AKSALUR,forward,constant_7pax,load_aware_planar,12,planar,12064.1,6799.7,737.3,868.6,25.643,593.7,-1.0,56.72,56.72,56.72,0.5,130 0 1 3 5 8 129 9 7 6 4 2,0.2,,
2026-10-R1,municipal_on_graph,AKSALUR,reverse,constant_7pax,load_aware_planar,12,planar,11573.0,6799.7,733.0,474.5,25.643,593.7,1.0,56.38,56.38,56.38,0.5,130 0 1 3 5 8 129 9 7 6 4 2,0.2,,
2026-10-R1,municipal_on_graph,AKSALUR,forward,decreasing_equal,load_aware_planar,12,planar,12223.3,6760.8,736.1,368.4,25.647,593.7,0.0,59.12,79.08,56.62,0.5,0 1 2 3 4 5 6 7 8 9 129 130,0.4,,
2026-10-R1,municipal_on_graph,AKSALUR,reverse,decreasing_equal,load_aware_planar,12,planar,11489.7,6760.8,738.3,1160.5,25.647,593.7,0.0,54.48,36.0,56.79,0.5,0 1 2 3 4 5 6 7 8 9 129 130,0.4,,
2026-10-R1,municipal_on_graph,AKSALUR,forward,decreasing_demand,load_aware_planar,12,planar,12223.3,6760.8,736.1,368.4,25.647,593.7,0.0,59.12,79.08,56.62,0.5,0 1 2 3 4 5 6 7 8 9 129 130,0.4,,
2026-10-R1,municipal_on_graph,AKSALUR,reverse,decreasing_demand,load_aware_planar,12,planar,11489.7,6760.8,738.3,1160.5,25.647,593.7,0.0,54.48,36.0,56.79,0.5,0 1 2 3 4 5 6 7 8 9 129 130,0.4,,
2026-10-R1,municipal_on_graph,BAHÇELİEVLER,forward,constant_7pax,as_found,26,dem,4269.0,3314.9,187.5,21.7,12.939,1233.0,1.0,6.94,6.94,6.94,0.5,,,,
2026-10-R1,municipal_on_graph,BAHÇELİEVLER,forward,decreasing_equal,as_found,26,dem,4288.2,3356.2,187.5,25.3,12.939,1233.0,1.0,7.02,7.59,6.94,0.5,,,,
2026-10-R1,municipal_on_graph,BAHÇELİEVLER,forward,decreasing_demand,as_found,26,dem,4273.8,3348.3,187.5,24.7,12.939,1225.5,1.0,7.05,7.96,6.94,0.5,,,,
2026-10-R1,municipal_on_graph,BAHÇELİEVLER,reverse,constant_7pax,as_found,26,dem,4352.3,3314.9,190.9,16.2,12.939,1233.0,-1.0,7.07,7.07,7.07,0.5,,,,
2026-10-R1,municipal_on_graph,BAHÇELİEVLER,reverse,decreasing_equal,as_found,26,dem,4461.4,3356.2,190.9,13.8,12.939,1233.0,-1.0,7.3,9.12,7.07,0.5,,,,
2026-10-R1,municipal_on_graph,BAHÇELİEVLER,reverse,decreasing_demand,as_found,26,dem,4476.0,3366.2,190.9,14.9,12.939,1240.6,-1.0,7.27,8.7,7.07,0.5,,,,
2026-10-R1,municipal_on_graph,BAHÇELİEVLER,forward,constant_7pax,load_aware_dem,26,dem,2907.3,2246.0,129.6,13.1,8.763,1233.0,0.4461538461538462,4.8,4.8,4.8,0.5,34 35 36 37 50 49 39 38 40 41 42 43 48 47 46 45 51 52 53 54 55 56 57 58 33 117,3.3,,
2026-10-R1,municipal_on_graph,BAHÇELİEVLER,reverse,constant_7pax,load_aware_dem,26,dem,3002.8,2246.0,132.3,14.3,8.763,1233.0,-0.4461538461538462,4.9,4.9,4.9,0.5,34 35 36 37 50 49 39 38 40 41 42 43 48 47 46 45 51 52 53 54 55 56 57 58 33 117,3.3,,
2026-10-R1,municipal_on_graph,BAHÇELİEVLER,forward,decreasing_equal,load_aware_dem,26,dem,2861.9,2242.2,129.6,14.4,8.763,1233.0,0.44,4.74,4.25,4.8,0.5,34 35 36 37 50 49 39 38 40 41 42 43 48 47 46 45 52 51 53 54 55 56 57 58 33 117,3.6,,
2026-10-R1,municipal_on_graph,BAHÇELİEVLER,reverse,decreasing_equal,load_aware_dem,26,dem,3046.1,2242.2,132.3,13.0,8.763,1233.0,-0.44,4.98,5.67,4.9,0.5,34 35 36 37 50 49 39 38 40 41 42 43 48 47 46 45 52 51 53 54 55 56 57 58 33 117,3.6,,
2026-10-R1,municipal_on_graph,BAHÇELİEVLER,forward,decreasing_demand,load_aware_dem,26,dem,2859.7,2239.1,130.4,13.9,8.777,1230.5,0.563076923076923,4.76,4.15,4.83,0.5,33 34 35 36 37 50 49 39 38 40 41 42 43 48 47 46 45 52 51 53 54 55 56 57 58 117,3.1,,
2026-10-R1,municipal_on_graph,BAHÇELİEVLER,reverse,decreasing_demand,load_aware_dem,26,dem,3053.1,2242.9,133.1,12.9,8.777,1235.6,-0.563076923076923,4.99,5.49,4.93,0.5,33 34 35 36 37 50 49 39 38 40 41 42 43 48 47 46 45 52 51 53 54 55 56 57 58 117,3.1,,
2026-10-R1,municipal_on_graph,BAHÇELİEVLER,forward,constant_7pax,load_aware_planar,26,planar,2983.0,2200.9,142.0,15.0,8.58,1233.0,0.5938461538461538,5.26,5.26,5.26,0.5,33 34 35 36 37 50 49 39 38 40 41 42 43 45 46 47 48 51 52 53 54 55 56 57 58 117,2.7,,
2026-10-R1,municipal_on_graph,BAHÇELİEVLER,reverse,constant_7pax,load_aware_planar,26,planar,2994.3,2200.9,143.6,13.8,8.58,1233.0,-0.5938461538461538,5.32,5.32,5.32,0.5,33 34 35 36 37 50 49 39 38 40 41 42 43 45 46 47 48 51 52 53 54 55 56 57 58 117,2.7,,
2026-10-R1,municipal_on_graph,BAHÇELİEVLER,forward,decreasing_equal,load_aware_planar,26,planar,2926.5,2194.6,142.0,8.8,8.58,1233.0,0.5753846153846154,5.17,4.41,5.26,0.5,33 34 35 36 37 50 49 39 38 40 41 42 43 47 45 46 48 52 51 53 54 55 56 57 58 117,3.6,,
2026-10-R1,municipal_on_graph,BAHÇELİEVLER,reverse,decreasing_equal,load_aware_planar,26,planar,3030.2,2194.6,143.6,12.7,8.58,1233.0,-0.5753846153846154,5.37,5.79,5.32,0.5,33 34 35 36 37 50 49 39 38 40 41 42 43 47 45 46 48 52 51 53 54 55 56 57 58 117,3.6,,
2026-10-R1,municipal_on_graph,BAHÇELİEVLER,forward,decreasing_demand,load_aware_planar,26,planar,2921.6,2192.3,142.0,8.9,8.58,1229.6,0.5753846153846154,5.18,4.47,5.26,0.5,33 34 35 36 37 50 49 39 38 40 41 42 43 47 45 46 48 52 51 53 54 55 56 57 58 117,2.5,,
2026-10-R1,municipal_on_graph,BAHÇELİEVLER,reverse,decreasing_demand,load_aware_planar,26,planar,3036.2,2197.3,143.6,12.9,8.58,1236.4,-0.5753846153846154,5.36,5.7,5.32,0.5,33 34 35 36 37 50 49 39 38 40 41 42 43 47 45 46 48 52 51 53 54 55 56 57 58 117,2.6,,
2026-10-R1,municipal_on_graph,EVKA,forward,constant_7pax,as_found,19,dem,5648.7,3801.7,309.0,61.9,14.589,913.4,1.0,15.45,15.45,15.45,0.5,,,,
2026-10-R1,municipal_on_graph,EVKA,forward,decreasing_equal,as_found,19,dem,5688.3,3752.6,309.0,48.0,14.589,913.4,1.0,15.4,14.97,15.45,0.5,,,,
2026-10-R1,municipal_on_graph,EVKA,forward,decreasing_demand,as_found,19,dem,5689.0,3754.3,309.0,48.7,14.589,914.5,1.0,15.37,14.77,15.45,0.5,,,,
2026-10-R1,municipal_on_graph,EVKA,reverse,constant_7pax,as_found,19,dem,5869.0,3801.7,317.3,134.7,14.589,913.4,-1.0,15.87,15.87,15.87,0.5,,,,
2026-10-R1,municipal_on_graph,EVKA,reverse,decreasing_equal,as_found,19,dem,5635.5,3752.6,317.3,170.6,14.589,913.4,-1.0,15.16,9.5,15.87,0.5,,,,
2026-10-R1,municipal_on_graph,EVKA,reverse,decreasing_demand,as_found,19,dem,5632.2,3750.3,317.3,170.1,14.589,912.2,-1.0,15.17,9.53,15.87,0.5,,,,
2026-10-R1,municipal_on_graph,EVKA,forward,constant_7pax,load_aware_dem,19,dem,3756.3,2620.1,194.2,92.0,9.935,913.4,0.5087719298245614,9.71,9.71,9.71,0.5,82 98 83 84 91 90 89 88 87 86 85 92 93 94 95 96 97 116 118,1.7,,
2026-10-R1,municipal_on_graph,EVKA,reverse,constant_7pax,load_aware_dem,19,dem,3898.6,2620.1,201.6,63.7,9.935,913.4,-0.5087719298245614,10.08,10.08,10.08,0.5,82 98 83 84 91 90 89 88 87 86 85 92 93 94 95 96 97 116 118,1.7,,
2026-10-R1,municipal_on_graph,EVKA,forward,decreasing_equal,load_aware_dem,19,dem,3903.1,2627.3,194.2,72.6,9.935,913.4,0.5087719298245614,10.08,13.06,9.71,0.5,82 98 83 84 91 90 89 88 87 86 85 92 93 94 95 96 97 116 118,1.2,,
2026-10-R1,municipal_on_graph,EVKA,reverse,decreasing_equal,load_aware_dem,19,dem,3783.0,2627.3,201.6,99.3,9.935,913.4,-0.5087719298245614,9.8,7.6,10.08,0.5,82 98 83 84 91 90 89 88 87 86 85 92 93 94 95 96 97 116 118,1.2,,
2026-10-R1,municipal_on_graph,EVKA,forward,decreasing_demand,load_aware_dem,19,dem,3901.5,2627.5,194.2,73.4,9.935,913.5,0.5087719298245614,10.08,13.02,9.71,0.5,82 98 83 84 91 90 89 88 87 86 85 92 93 94 95 96 97 116 118,1.7,,
2026-10-R1,municipal_on_graph,EVKA,reverse,decreasing_demand,load_aware_dem,19,dem,3780.0,2626.3,201.6,99.0,9.935,913.2,-0.5087719298245614,9.8,7.53,10.08,0.5,82 98 83 84 91 90 89 88 87 86 85 92 93 94 95 96 97 116 118,1.7,,
2026-10-R1,municipal_on_graph,EVKA,forward,constant_7pax,load_aware_planar,19,planar,3904.7,2587.4,208.4,66.0,9.807,913.4,0.7192982456140351,10.42,10.42,10.42,0.5,82 98 83 84 85 86 87 88 89 90 91 92 93 95 94 96 97 116 118,2.1,,
2026-10-R1,municipal_on_graph,EVKA,reverse,constant_7pax,load_aware_planar,19,planar,3854.5,2587.4,208.7,72.4,9.807,913.4,-0.7192982456140351,10.43,10.43,10.43,0.5,82 98 83 84 85 86 87 88 89 90 91 92 93 95 94 96 97 116 118,2.1,,
2026-10-R1,municipal_on_graph,EVKA,forward,decreasing_equal,load_aware_planar,19,planar,4025.8,2595.5,208.3,72.9,9.807,913.4,0.49707602339181284,10.77,13.63,10.42,0.5,82 98 83 84 91 90 89 88 87 86 85 92 93 95 94 96 97 116 118,1.1,,
2026-10-R1,municipal_on_graph,EVKA,reverse,decreasing_equal,load_aware_planar,19,planar,3756.3,2595.5,208.7,63.5,9.807,913.4,-0.49707602339181284,10.13,7.66,10.44,0.5,82 98 83 84 91 90 89 88 87 86 85 92 93 95 94 96 97 116 118,1.1,,
2026-10-R1,municipal_on_graph,EVKA,forward,decreasing_demand,load_aware_planar,19,planar,4024.7,2595.8,208.3,73.9,9.807,913.7,0.49707602339181284,10.77,13.56,10.42,0.5,82 98 83 84 91 90 89 88 87 86 85 92 93 95 94 96 97 116 118,1.1,,
2026-10-R1,municipal_on_graph,EVKA,reverse,decreasing_demand,load_aware_planar,19,planar,3752.2,2594.1,208.7,63.1,9.807,913.0,-0.49707602339181284,10.12,7.59,10.44,0.5,82 98 83 84 91 90 89 88 87 86 85 92 93 95 94 96 97 116 118,1.1,,
2026-10-R1,municipal_on_graph,FATİH,forward,constant_7pax,as_found,20,dem,3835.1,2801.3,172.5,67.2,10.556,959.0,1.0,8.22,8.22,8.22,0.5,,,,
2026-10-R1,municipal_on_graph,FATİH,forward,decreasing_equal,as_found,20,dem,3752.2,2753.3,172.5,39.8,10.556,959.0,1.0,7.93,5.66,8.22,0.5,,,,
2026-10-R1,municipal_on_graph,FATİH,forward,decreasing_demand,as_found,20,dem,3769.6,2760.0,172.5,42.3,10.556,963.4,1.0,7.92,5.73,8.22,0.5,,,,
2026-10-R1,municipal_on_graph,FATİH,reverse,constant_7pax,as_found,20,dem,3836.3,2801.3,172.3,68.9,10.556,959.0,-1.0,8.2,8.2,8.2,0.5,,,,
2026-10-R1,municipal_on_graph,FATİH,reverse,decreasing_equal,as_found,20,dem,3704.3,2753.3,172.3,50.6,10.556,959.0,-1.0,7.81,4.62,8.2,0.5,,,,
2026-10-R1,municipal_on_graph,FATİH,reverse,decreasing_demand,as_found,20,dem,3694.0,2745.8,172.3,47.7,10.556,954.6,-1.0,7.83,4.61,8.2,0.5,,,,
2026-10-R1,municipal_on_graph,FATİH,forward,constant_7pax,load_aware_dem,20,dem,2908.4,2181.5,132.8,42.1,8.241,959.0,0.4842105263157895,6.33,6.33,6.33,0.5,101 102 103 112 104 105 106 111 107 108 109 110 81 80 79 78 113 114 115 100,1.7,,
2026-10-R1,municipal_on_graph,FATİH,reverse,constant_7pax,load_aware_dem,20,dem,3088.5,2181.5,138.8,68.4,8.241,959.0,-0.4842105263157895,6.61,6.61,6.61,0.5,101 102 103 112 104 105 106 111 107 108 109 110 81 80 79 78 113 114 115 100,1.7,,
2026-10-R1,municipal_on_graph,FATİH,forward,decreasing_equal,load_aware_dem,20,dem,2962.8,2180.5,135.8,37.5,8.349,959.0,0.25263157894736843,6.43,6.18,6.47,0.5,103 104 105 106 111 107 108 109 110 80 79 78 81 112 102 101 113 114 115 100,2.0,,
2026-10-R1,municipal_on_graph,FATİH,reverse,decreasing_equal,load_aware_dem,20,dem,3022.4,2180.5,138.5,65.0,8.349,959.0,-0.25263157894736843,6.45,5.31,6.59,0.5,103 104 105 106 111 107 108 109 110 80 79 78 81 112 102 101 113 114 115 100,2.0,,
2026-10-R1,municipal_on_graph,FATİH,forward,decreasing_demand,load_aware_dem,20,dem,2968.2,2181.4,135.8,37.7,8.349,960.2,0.25263157894736843,6.43,6.19,6.47,0.5,103 104 105 106 111 107 108 109 110 80 79 78 81 112 102 101 113 114 115 100,2.7,,
2026-10-R1,municipal_on_graph,FATİH,reverse,decreasing_demand,load_aware_dem,20,dem,3008.2,2176.9,138.5,63.8,8.349,957.9,-0.25263157894736843,6.43,5.05,6.59,0.5,103 104 105 106 111 107 108 109 110 80 79 78 81 112 102 101 113 114 115 100,2.7,,
2026-10-R1,municipal_on_graph,FATİH,forward,constant_7pax,load_aware_planar,20,planar,3097.1,2132.2,148.3,73.3,8.146,959.0,-0.6842105263157895,7.06,7.06,7.06,0.5,115 114 113 78 79 80 81 110 109 108 107 111 106 105 104 112 103 102 101 100,1.3,,
2026-10-R1,municipal_on_graph,FATİH,reverse,constant_7pax,load_aware_planar,20,planar,2979.5,2132.2,144.3,27.6,8.146,959.0,0.6842105263157895,6.87,6.87,6.87,0.5,115 114 113 78 79 80 81 110 109 108 107 111 106 105 104 112 103 102 101 100,1.3,,
2026-10-R1,municipal_on_graph,FATİH,forward,decreasing_equal,load_aware_planar,20,planar,3017.7,2160.8,138.5,39.0,8.349,959.0,0.47368421052631576,6.45,5.3,6.6,0.5,100 115 114 113 101 102 103 104 105 106 111 107 108 109 110 81 78 79 80 112,1.3,,
2026-10-R1,municipal_on_graph,FATİH,reverse,decreasing_equal,load_aware_planar,20,planar,2887.2,2160.8,135.7,41.1,8.349,959.0,-0.47368421052631576,6.21,4.18,6.46,0.5,100 115 114 113 101 102 103 104 105 106 111 107 108 109 110 81 78 79 80 112,1.3,,
2026-10-R1,municipal_on_graph,FATİH,forward,decreasing_demand,load_aware_planar,20,planar,2937.3,2131.6,141.6,23.2,8.178,961.7,0.6842105263157895,6.55,5.05,6.74,0.5,100 101 102 103 112 104 105 106 111 107 108 109 110 81 80 79 78 113 114 115,1.5,,
2026-10-R1,municipal_on_graph,FATİH,reverse,decreasing_demand,load_aware_planar,20,planar,2994.3,2126.5,145.7,52.8,8.178,956.3,-0.6842105263157895,6.63,4.08,6.94,0.5,100 101 102 103 112 104 105 106 111 107 108 109 110 81 80 79 78 113 114 115,1.5,,
2026-10-R1,municipal_on_graph,KAVAKLIÖNÜ,forward,constant_7pax,as_found,15,dem,3879.3,2720.6,188.8,133.9,9.324,730.7,1.0,11.8,11.8,11.8,0.5,,,,
2026-10-R1,municipal_on_graph,KAVAKLIÖNÜ,forward,decreasing_equal,as_found,15,dem,3728.3,2684.4,188.8,95.1,9.324,730.7,1.0,11.21,6.47,11.8,0.5,,,,
2026-10-R1,municipal_on_graph,KAVAKLIÖNÜ,forward,decreasing_demand,as_found,15,dem,3727.4,2683.9,188.8,94.8,9.324,730.4,1.0,11.21,6.46,11.8,0.5,,,,
2026-10-R1,municipal_on_graph,KAVAKLIÖNÜ,reverse,constant_7pax,as_found,15,dem,3706.7,2720.6,185.5,107.9,9.324,730.7,-1.0,11.59,11.59,11.59,0.5,,,,
2026-10-R1,municipal_on_graph,KAVAKLIÖNÜ,reverse,decreasing_equal,as_found,15,dem,3651.3,2684.4,185.5,77.2,9.324,730.7,-1.0,11.24,8.44,11.59,0.5,,,,
2026-10-R1,municipal_on_graph,KAVAKLIÖNÜ,reverse,decreasing_demand,as_found,15,dem,3652.6,2685.2,185.5,77.7,9.324,730.9,-1.0,11.24,8.43,11.59,0.5,,,,
2026-10-R1,municipal_on_graph,KAVAKLIÖNÜ,forward,constant_7pax,load_aware_dem,15,dem,3879.3,2720.6,188.8,133.9,9.324,730.7,1.0,11.8,11.8,11.8,0.5,15 16 17 18 19 20 21 22 23 24 25 26 27 28 29,0.3,,
2026-10-R1,municipal_on_graph,KAVAKLIÖNÜ,reverse,constant_7pax,load_aware_dem,15,dem,3706.7,2720.6,185.5,107.9,9.324,730.7,-1.0,11.59,11.59,11.59,0.5,15 16 17 18 19 20 21 22 23 24 25 26 27 28 29,0.3,,
2026-10-R1,municipal_on_graph,KAVAKLIÖNÜ,forward,decreasing_equal,load_aware_dem,15,dem,3728.3,2684.4,188.8,95.1,9.324,730.7,1.0,11.21,6.47,11.8,0.5,15 16 17 18 19 20 21 22 23 24 25 26 27 28 29,0.3,,
2026-10-R1,municipal_on_graph,KAVAKLIÖNÜ,reverse,decreasing_equal,load_aware_dem,15,dem,3651.3,2684.4,185.5,77.2,9.324,730.7,-1.0,11.24,8.44,11.59,0.5,15 16 17 18 19 20 21 22 23 24 25 26 27 28 29,0.3,,
2026-10-R1,municipal_on_graph,KAVAKLIÖNÜ,forward,decreasing_demand,load_aware_dem,15,dem,3727.4,2683.9,188.8,94.8,9.324,730.4,1.0,11.21,6.46,11.8,0.5,15 16 17 18 19 20 21 22 23 24 25 26 27 28 29,0.3,,
2026-10-R1,municipal_on_graph,KAVAKLIÖNÜ,reverse,decreasing_demand,load_aware_dem,15,dem,3652.6,2685.2,185.5,77.7,9.324,730.9,-1.0,11.24,8.43,11.59,0.5,15 16 17 18 19 20 21 22 23 24 25 26 27 28 29,0.3,,
2026-10-R1,municipal_on_graph,KAVAKLIÖNÜ,forward,constant_7pax,load_aware_planar,15,planar,3882.0,2720.6,189.5,133.9,9.324,730.7,1.0,11.84,11.84,11.84,0.5,15 16 17 18 19 20 21 22 23 24 25 26 27 28 29,0.3,,
2026-10-R1,municipal_on_graph,KAVAKLIÖNÜ,reverse,constant_7pax,load_aware_planar,15,planar,3709.2,2720.6,186.2,107.9,9.324,730.7,-1.0,11.64,11.64,11.64,0.5,15 16 17 18 19 20 21 22 23 24 25 26 27 28 29,0.3,,
2026-10-R1,municipal_on_graph,KAVAKLIÖNÜ,forward,decreasing_equal,load_aware_planar,15,planar,3731.5,2684.3,189.5,95.1,9.324,730.7,1.0,11.26,6.56,11.84,0.5,15 16 17 18 19 20 21 22 23 24 25 26 27 28 29,0.3,,
2026-10-R1,municipal_on_graph,KAVAKLIÖNÜ,reverse,decreasing_equal,load_aware_planar,15,planar,3654.1,2684.3,186.2,77.2,9.324,730.7,-1.0,11.29,8.53,11.64,0.5,15 16 17 18 19 20 21 22 23 24 25 26 27 28 29,0.3,,
2026-10-R1,municipal_on_graph,KAVAKLIÖNÜ,forward,decreasing_demand,load_aware_planar,15,planar,3730.5,2683.8,189.5,94.8,9.324,730.4,1.0,11.26,6.55,11.84,0.5,15 16 17 18 19 20 21 22 23 24 25 26 27 28 29,0.3,,
2026-10-R1,municipal_on_graph,KAVAKLIÖNÜ,reverse,decreasing_demand,load_aware_planar,15,planar,3655.3,2685.2,186.2,77.7,9.324,730.9,-1.0,11.29,8.52,11.64,0.5,15 16 17 18 19 20 21 22 23 24 25 26 27 28 29,0.3,,
2026-10-R1,municipal_on_graph,TOKİ,forward,constant_7pax,as_found,22,dem,6142.4,4735.9,281.5,46.0,16.84,1050.4,1.0,12.24,12.24,12.24,0.5,,,,
2026-10-R1,municipal_on_graph,TOKİ,forward,decreasing_equal,as_found,22,dem,6006.1,4687.6,281.5,39.6,16.84,1050.4,1.0,11.87,8.94,12.24,0.5,,,,
2026-10-R1,municipal_on_graph,TOKİ,forward,decreasing_demand,as_found,22,dem,6001.6,4686.4,281.5,39.3,16.84,1049.6,1.0,11.87,8.93,12.24,0.5,,,,
2026-10-R1,municipal_on_graph,TOKİ,reverse,constant_7pax,as_found,22,dem,6528.0,4735.9,292.3,78.6,16.84,1050.4,-1.0,12.71,12.71,12.71,0.5,,,,
2026-10-R1,municipal_on_graph,TOKİ,reverse,decreasing_equal,as_found,22,dem,6483.4,4687.6,292.3,92.7,16.84,1050.4,-1.0,12.49,10.75,12.71,0.5,,,,
2026-10-R1,municipal_on_graph,TOKİ,reverse,decreasing_demand,as_found,22,dem,6488.0,4687.9,292.3,91.8,16.84,1051.1,-1.0,12.49,10.73,12.71,0.5,,,,
2026-10-R1,municipal_on_graph,TOKİ,forward,constant_7pax,load_aware_dem,22,dem,4731.5,3639.1,215.6,39.8,13.244,1050.4,0.8614718614718615,9.37,9.37,9.37,0.5,30 31 32 59 62 63 64 65 66 67 68 69 70 71 72 73 74 75 76 77 61 60,2.0,,
2026-10-R1,municipal_on_graph,TOKİ,reverse,constant_7pax,load_aware_dem,22,dem,5039.2,3639.1,225.3,61.3,13.244,1050.4,-0.8614718614718615,9.79,9.79,9.79,0.5,30 31 32 59 62 63 64 65 66 67 68 69 70 71 72 73 74 75 76 77 61 60,2.0,,
2026-10-R1,municipal_on_graph,TOKİ,forward,decreasing_equal,load_aware_dem,22,dem,4661.2,3629.0,215.6,35.7,13.244,1050.4,0.8614718614718615,9.21,7.9,9.37,0.5,30 31 32 59 62 63 64 65 66 67 68 69 70 71 72 73 74 75 76 77 61 60,1.9,,
2026-10-R1,municipal_on_graph,TOKİ,reverse,decreasing_equal,load_aware_dem,22,dem,5062.7,3629.0,225.3,78.9,13.244,1050.4,-0.8614718614718615,9.78,9.66,9.79,0.5,30 31 32 59 62 63 64 65 66 67 68 69 70 71 72 73 74 75 76 77 61 60,1.9,,
2026-10-R1,municipal_on_graph,TOKİ,forward,decreasing_demand,load_aware_dem,22,dem,4652.6,3625.8,215.6,35.1,13.244,1048.5,0.8614718614718615,9.21,7.88,9.37,0.5,30 31 32 59 62 63 64 65 66 67 68 69 70 71 72 73 74 75 76 77 61 60,1.9,,
2026-10-R1,municipal_on_graph,TOKİ,reverse,decreasing_demand,load_aware_dem,22,dem,5066.9,3629.4,225.3,79.0,13.244,1052.2,-0.8614718614718615,9.76,9.51,9.79,0.5,30 31 32 59 62 63 64 65 66 67 68 69 70 71 72 73 74 75 76 77 61 60,1.9,,
2026-10-R1,municipal_on_graph,TOKİ,forward,constant_7pax,load_aware_planar,22,planar,4858.0,3511.0,233.6,30.8,12.941,1050.4,0.8614718614718615,10.16,10.16,10.16,0.5,30 31 32 59 62 63 64 65 66 67 68 69 70 71 72 73 74 75 76 77 61 60,1.7,,
2026-10-R1,municipal_on_graph,TOKİ,reverse,constant_7pax,load_aware_planar,22,planar,4934.4,3511.0,234.1,45.3,12.941,1050.4,-0.8614718614718615,10.18,10.18,10.18,0.5,30 31 32 59 62 63 64 65 66 67 68 69 70 71 72 73 74 75 76 77 61 60,1.7,,
2026-10-R1,municipal_on_graph,TOKİ,forward,decreasing_equal,load_aware_planar,22,planar,4747.1,3505.9,231.7,22.9,12.941,1050.4,0.6796536796536796,9.87,8.28,10.07,0.5,30 31 32 59 62 63 70 69 68 67 66 65 64 71 72 73 74 75 76 77 61 60,1.3,,
2026-10-R1,municipal_on_graph,TOKİ,reverse,decreasing_equal,load_aware_planar,22,planar,4990.2,3505.9,236.0,59.9,12.941,1050.4,-0.6796536796536796,10.2,9.73,10.26,0.5,30 31 32 59 62 63 70 69 68 67 66 65 64 71 72 73 74 75 76 77 61 60,1.3,,
2026-10-R1,municipal_on_graph,TOKİ,forward,decreasing_demand,load_aware_planar,22,planar,4781.3,3503.0,233.6,25.1,12.941,1048.5,0.8614718614718615,9.98,8.54,10.16,0.5,30 31 32 59 62 63 64 65 66 67 68 69 70 71 72 73 74 75 76 77 61 60,1.7,,
2026-10-R1,municipal_on_graph,TOKİ,reverse,decreasing_demand,load_aware_planar,22,planar,4960.9,3506.4,234.1,59.2,12.941,1052.2,-0.8614718614718615,10.12,9.67,10.18,0.5,30 31 32 59 62 63 64 65 66 67 68 69 70 71 72 73 74 75 76 77 61 60,1.7,,
2026-10-R1,municipal_as_drawn,AKSALUR,forward,constant_7pax,as_drawn,14,,11695.4,7049.8,719.2,100.8,28.11,685.0,1.0,47.95,47.95,,0.5,,,closed_loop,30
2026-10-R1,municipal_as_drawn,AKSALUR,forward,decreasing_equal,as_drawn,14,,12199.7,7017.5,719.2,46.7,28.11,685.0,1.0,49.39,60.94,,0.5,,,closed_loop,30
2026-10-R1,municipal_as_drawn,AKSALUR,forward,decreasing_demand,as_drawn,14,,12199.7,7017.5,719.2,46.7,28.11,685.0,1.0,49.39,60.94,,0.5,,,closed_loop,30
2026-10-R1,municipal_as_drawn,AKSALUR,reverse,constant_7pax,as_drawn,14,,11712.2,7049.8,721.8,102.8,28.11,685.0,-1.0,48.12,48.12,,0.5,,,closed_loop,30
2026-10-R1,municipal_as_drawn,AKSALUR,reverse,decreasing_equal,as_drawn,14,,12368.8,7082.1,721.8,68.4,28.11,685.0,-1.0,50.31,67.83,,0.5,,,closed_loop,30
2026-10-R1,municipal_as_drawn,AKSALUR,reverse,decreasing_demand,as_drawn,14,,12368.8,7082.1,721.8,68.4,28.11,685.0,-1.0,50.31,67.83,,0.5,,,closed_loop,30
2026-10-R1,municipal_as_drawn,BAHÇELİEVLER,forward,constant_7pax,as_drawn,27,,3302.9,2521.8,153.3,5.5,10.055,1278.7,1.0,5.48,5.48,,0.5,,,open_chain,30
2026-10-R1,municipal_as_drawn,BAHÇELİEVLER,forward,decreasing_equal,as_drawn,27,,3306.8,2545.9,153.3,6.2,10.055,1278.7,1.0,5.5,5.71,,0.5,,,open_chain,30
2026-10-R1,municipal_as_drawn,BAHÇELİEVLER,forward,decreasing_demand,as_drawn,27,,3297.0,2537.9,153.3,5.8,10.055,1271.2,1.0,5.53,5.98,,0.5,,,open_chain,30
2026-10-R1,municipal_as_drawn,BAHÇELİEVLER,reverse,constant_7pax,as_drawn,27,,3409.2,2521.8,155.6,8.5,10.055,1278.7,-1.0,5.56,5.56,,0.5,,,open_chain,30
2026-10-R1,municipal_as_drawn,BAHÇELİEVLER,reverse,decreasing_equal,as_drawn,27,,3343.8,2497.6,155.6,13.4,10.055,1278.7,-1.0,5.43,4.38,,0.5,,,open_chain,30
2026-10-R1,municipal_as_drawn,BAHÇELİEVLER,reverse,decreasing_demand,as_drawn,27,,3360.4,2505.6,155.6,14.1,10.055,1286.2,-1.0,5.41,4.34,,0.5,,,open_chain,30
2026-10-R1,municipal_as_drawn,EVKA,forward,constant_7pax,as_drawn,19,,4334.8,2852.1,238.1,8.3,11.372,913.4,1.0,11.9,11.9,,0.5,,,open_chain,30
2026-10-R1,municipal_as_drawn,EVKA,forward,decreasing_equal,as_drawn,19,,4500.1,2868.9,238.1,9.8,11.372,913.4,1.0,12.37,16.09,,0.5,,,open_chain,30
2026-10-R1,municipal_as_drawn,EVKA,forward,decreasing_demand,as_drawn,19,,4500.3,2870.5,238.1,9.9,11.372,914.5,1.0,12.35,15.86,,0.5,,,open_chain,30
2026-10-R1,municipal_as_drawn,EVKA,reverse,constant_7pax,as_drawn,19,,4153.5,2852.1,227.3,8.6,11.372,913.4,-1.0,11.37,11.37,,0.5,,,open_chain,30
2026-10-R1,municipal_as_drawn,EVKA,reverse,decreasing_equal,as_drawn,19,,4223.2,2835.2,227.3,2.6,11.372,913.4,-1.0,11.43,11.9,,0.5,,,open_chain,30
2026-10-R1,municipal_as_drawn,EVKA,reverse,decreasing_demand,as_drawn,19,,4216.8,2833.6,227.3,2.6,11.372,912.2,-1.0,11.43,11.94,,0.5,,,open_chain,30
2026-10-R1,municipal_as_drawn,FATİH,forward,constant_7pax,as_drawn,20,,3442.5,2575.2,164.7,11.8,10.268,959.0,1.0,7.84,7.84,,0.5,,,open_chain,30
2026-10-R1,municipal_as_drawn,FATİH,forward,decreasing_equal,as_drawn,20,,3418.1,2567.0,164.7,5.8,10.268,959.0,1.0,7.73,6.78,,0.5,,,open_chain,30
2026-10-R1,municipal_as_drawn,FATİH,forward,decreasing_demand,as_drawn,20,,3434.8,2575.6,164.7,6.6,10.268,963.4,1.0,7.72,6.8,,0.5,,,open_chain,30
2026-10-R1,municipal_as_drawn,FATİH,reverse,constant_7pax,as_drawn,20,,3588.6,2575.2,169.3,14.4,10.268,959.0,-1.0,8.06,8.06,,0.5,,,open_chain,30
2026-10-R1,municipal_as_drawn,FATİH,reverse,decreasing_equal,as_drawn,20,,3629.6,2583.5,169.3,21.2,10.268,959.0,-1.0,8.21,9.38,,0.5,,,open_chain,30
2026-10-R1,municipal_as_drawn,FATİH,reverse,decreasing_demand,as_drawn,20,,3615.3,2574.8,169.3,20.1,10.268,954.6,-1.0,8.22,9.59,,0.5,,,open_chain,30
2026-10-R1,municipal_as_drawn,HADOSAN,forward,constant_7pax,as_drawn,0,,2420.5,1706.4,125.9,8.1,6.804,45.7,1.0,125.94,125.94,,0.5,,,closed_loop,30
2026-10-R1,municipal_as_drawn,HADOSAN,reverse,constant_7pax,as_drawn,0,,2447.1,1706.4,126.2,2.1,6.804,45.7,,126.16,126.16,,0.5,,,closed_loop,30
2026-10-R1,municipal_as_drawn,KAVAKLIÖNÜ,forward,constant_7pax,as_drawn,15,,3181.1,2513.0,131.9,3.9,10.02,730.7,1.0,8.24,8.24,,0.5,,,closed_loop,30
2026-10-R1,municipal_as_drawn,KAVAKLIÖNÜ,forward,decreasing_equal,as_drawn,15,,3107.5,2484.4,131.9,3.0,10.02,730.7,1.0,8.07,6.68,,0.5,,,closed_loop,30
2026-10-R1,municipal_as_drawn,KAVAKLIÖNÜ,forward,decreasing_demand,as_drawn,15,,3107.8,2484.5,131.9,3.0,10.02,730.4,1.0,8.07,6.69,,0.5,,,closed_loop,30
2026-10-R1,municipal_as_drawn,KAVAKLIÖNÜ,reverse,constant_7pax,as_drawn,15,,3118.2,2513.0,130.0,1.4,10.02,730.7,-1.0,8.12,8.12,,0.5,,,closed_loop,30
2026-10-R1,municipal_as_drawn,KAVAKLIÖNÜ,reverse,decreasing_equal,as_drawn,15,,3105.0,2541.7,130.0,1.1,10.02,730.7,-1.0,8.08,7.72,,0.5,,,closed_loop,30
2026-10-R1,municipal_as_drawn,KAVAKLIÖNÜ,reverse,decreasing_demand,as_drawn,15,,3106.4,2541.5,130.0,1.1,10.02,730.9,-1.0,8.08,7.74,,0.5,,,closed_loop,30
2026-10-R1,municipal_as_drawn,TOKİ,forward,constant_7pax,as_drawn,22,,4820.6,3489.6,237.8,10.2,13.914,1050.4,1.0,10.34,10.34,,0.5,,,open_chain,30
2026-10-R1,municipal_as_drawn,TOKİ,forward,decreasing_equal,as_drawn,22,,4721.7,3480.3,237.8,17.3,13.914,1050.4,1.0,10.15,8.68,,0.5,,,open_chain,30
2026-10-R1,municipal_as_drawn,TOKİ,forward,decreasing_demand,as_drawn,22,,4716.9,3479.1,237.8,16.4,13.914,1049.6,1.0,10.15,8.63,,0.5,,,open_chain,30
2026-10-R1,municipal_as_drawn,TOKİ,reverse,constant_7pax,as_drawn,22,,4853.3,3489.6,236.0,19.0,13.914,1050.4,-1.0,10.26,10.26,,0.5,,,open_chain,30
2026-10-R1,municipal_as_drawn,TOKİ,reverse,decreasing_equal,as_drawn,22,,4773.6,3498.9,236.0,20.4,13.914,1050.4,-1.0,10.13,9.03,,0.5,,,open_chain,30
2026-10-R1,municipal_as_drawn,TOKİ,reverse,decreasing_demand,as_drawn,22,,4776.4,3500.1,236.0,20.8,13.914,1051.1,-1.0,10.13,9.04,,0.5,,,open_chain,30
2026-10-R1,municipal_as_drawn,ÜSET,forward,constant_7pax,as_drawn,0,,2902.0,1587.0,196.2,19.2,6.328,45.7,1.0,196.21,196.21,,0.5,,,closed_loop,30
2026-10-R1,municipal_as_drawn,ÜSET,reverse,constant_7pax,as_drawn,0,,2913.2,1587.0,196.2,16.3,6.328,45.7,,196.16,196.16,,0.5,,,closed_loop,30
