run_id,cell_id,experiment,cost_basis,surface_opt,eta_regen_opt,mass_opt,dem_scale_opt,noise_seed_opt,eta_regen_eval,mass_eval,dem_scale_eval,noise_seed_eval,route_id,route_name,direction,distance_m,slope_distance_m,climb_m,descent_m,energy_wh_planar,energy_wh_dem,traction_wh,regen_wh,aux_wh,lost_friction_wh,stop_energy_wh,stops,n_capped,n_nodata
2026-09-29-urgup,A-distance,A,distance,none,0.5,average,1.0,,0.0,empty,1.0,,opt-aad24bc2-1,Optimize Rota 1,forward,8379.2,8388.9,142.6,142.7,2003.1,3273.9,2752.2,0.0,521.7,3.6,1630.2,26,19,0
2026-09-29-urgup,A-distance,A,distance,none,0.5,average,1.0,,0.0,empty,1.0,,opt-aad24bc2-1,Optimize Rota 1,reverse,8379.2,8388.8,143.0,142.8,2003.1,3239.3,2717.7,0.0,521.6,4.6,1630.2,26,21,0
2026-09-29-urgup,A-distance,A,distance,none,0.5,average,1.0,,0.0,empty,1.0,,opt-aad24bc2-2,Optimize Rota 2,forward,8718.6,8733.7,176.4,174.8,2121.1,3759.8,3255.9,0.0,503.9,21.9,1442.1,23,11,0
2026-09-29-urgup,A-distance,A,distance,none,0.5,average,1.0,,0.0,empty,1.0,,opt-aad24bc2-2,Optimize Rota 2,reverse,8718.6,8733.6,176.1,171.7,2121.1,3787.4,3283.5,0.0,503.9,14.0,1442.1,23,15,0
2026-09-29-urgup,A-distance,A,distance,none,0.5,average,1.0,,0.0,empty,1.0,,opt-aad24bc2-3,Optimize Rota 3,forward,10547.6,10568.3,225.1,213.5,2611.3,4829.6,4214.7,0.0,614.9,41.9,1316.7,21,35,0
2026-09-29-urgup,A-distance,A,distance,none,0.5,average,1.0,,0.0,empty,1.0,,opt-aad24bc2-3,Optimize Rota 3,reverse,10547.6,10567.7,216.0,219.8,2611.3,4623.9,4009.0,0.0,614.9,37.9,1316.7,21,35,0
2026-09-29-urgup,A-distance,A,distance,none,0.5,average,1.0,,0.0,empty,1.0,,opt-aad24bc2-4,Optimize Rota 4,forward,9995.9,10010.4,198.3,195.5,2747.8,4473.7,4005.3,0.0,468.4,89.0,1316.7,21,17,0
2026-09-29-urgup,A-distance,A,distance,none,0.5,average,1.0,,0.0,empty,1.0,,opt-aad24bc2-4,Optimize Rota 4,reverse,9995.9,10010.4,194.4,198.5,2747.8,4252.6,3784.2,0.0,468.4,56.4,1316.7,21,14,0
2026-09-29-urgup,A-distance,A,distance,none,0.5,average,1.0,,0.0,empty,1.0,,opt-aad24bc2-5,Optimize Rota 5,forward,12446.3,12463.4,228.4,228.1,3133.9,5145.1,4418.5,0.0,726.6,8.0,1254.0,20,31,0
2026-09-29-urgup,A-distance,A,distance,none,0.5,average,1.0,,0.0,empty,1.0,,opt-aad24bc2-5,Optimize Rota 5,reverse,12446.3,12463.4,232.9,225.2,3133.9,5269.5,4542.9,0.0,726.6,16.3,1254.0,20,25,0
2026-09-29-urgup,A-distance,A,distance,none,0.5,average,1.0,,0.0,empty,1.0,,opt-aad24bc2-6,Optimize Rota 6,forward,25638.0,25711.6,737.4,730.5,6384.6,13895.6,12572.0,0.0,1323.6,553.3,877.8,14,75,0
2026-09-29-urgup,A-distance,A,distance,none,0.5,average,1.0,,0.0,empty,1.0,,opt-aad24bc2-6,Optimize Rota 6,reverse,25638.0,25712.2,732.8,740.2,6384.6,13573.3,12249.6,0.0,1323.7,251.0,877.8,14,69,0
2026-09-29-urgup,A-distance,A,distance,none,0.5,average,1.0,,0.0,empty,1.0,,opt-aad24bc2-7,Optimize Rota 7,forward,3602.8,3613.7,102.2,98.3,889.9,1918.2,1719.2,0.0,198.9,13.8,376.2,6,15,0
2026-09-29-urgup,A-distance,A,distance,none,0.5,average,1.0,,0.0,empty,1.0,,opt-aad24bc2-7,Optimize Rota 7,reverse,3602.8,3613.6,101.2,98.5,889.9,1952.0,1753.1,0.0,198.9,13.4,376.2,6,17,0
2026-09-29-urgup,A-distance,A,distance,none,0.5,average,1.0,,0.0,empty,1.0,,opt-aad24bc2-8,Optimize Rota 8,forward,2509.5,2511.6,35.5,33.9,640.2,905.0,783.4,0.0,121.6,3.8,376.2,6,8,0
2026-09-29-urgup,A-distance,A,distance,none,0.5,average,1.0,,0.0,empty,1.0,,opt-aad24bc2-8,Optimize Rota 8,reverse,2509.5,2511.7,35.0,35.9,640.2,900.5,778.9,0.0,121.6,5.0,376.2,6,8,0
2026-09-29-urgup,A-planar-empty,A,energy,planar,0.5,empty,1.0,,0.0,empty,1.0,,opt-29143a13-1,Optimize Rota 1,forward,8384.1,8393.9,142.5,144.3,2001.3,3292.6,2765.9,0.0,526.7,1.9,1630.2,26,17,0
2026-09-29-urgup,A-planar-empty,A,energy,planar,0.5,empty,1.0,,0.0,empty,1.0,,opt-29143a13-1,Optimize Rota 1,reverse,8384.1,8393.7,143.2,142.6,2001.3,3233.8,2707.2,0.0,526.7,4.6,1630.2,26,20,0
2026-09-29-urgup,A-planar-empty,A,energy,planar,0.5,empty,1.0,,0.0,empty,1.0,,opt-29143a13-2,Optimize Rota 2,forward,8774.7,8791.2,188.7,187.1,2119.8,3925.0,3404.7,0.0,520.3,16.2,1442.1,23,11,0
2026-09-29-urgup,A-planar-empty,A,energy,planar,0.5,empty,1.0,,0.0,empty,1.0,,opt-29143a13-2,Optimize Rota 2,reverse,8774.7,8791.4,188.4,183.9,2119.8,3937.8,3417.5,0.0,520.3,14.3,1442.1,23,17,0
2026-09-29-urgup,A-planar-empty,A,energy,planar,0.5,empty,1.0,,0.0,empty,1.0,,opt-29143a13-3,Optimize Rota 3,forward,10806.5,10829.8,238.8,230.1,2601.7,4971.9,4306.7,0.0,665.2,41.4,1316.7,21,37,0
2026-09-29-urgup,A-planar-empty,A,energy,planar,0.5,empty,1.0,,0.0,empty,1.0,,opt-29143a13-3,Optimize Rota 3,reverse,10806.5,10829.1,232.0,231.8,2601.7,4895.8,4230.6,0.0,665.2,28.8,1316.7,21,36,0
2026-09-29-urgup,A-planar-empty,A,energy,planar,0.5,empty,1.0,,0.0,empty,1.0,,opt-29143a13-4,Optimize Rota 4,forward,10000.7,10015.4,198.3,197.0,2746.0,4492.4,4018.9,0.0,473.4,87.3,1316.7,21,15,0
2026-09-29-urgup,A-planar-empty,A,energy,planar,0.5,empty,1.0,,0.0,empty,1.0,,opt-29143a13-4,Optimize Rota 4,reverse,10000.7,10015.3,194.6,198.3,2746.0,4247.1,3773.6,0.0,473.4,56.4,1316.7,21,13,0
2026-09-29-urgup,A-planar-empty,A,energy,planar,0.5,empty,1.0,,0.0,empty,1.0,,opt-29143a13-5,Optimize Rota 5,forward,12451.1,12468.4,228.3,229.7,3132.2,5163.8,4432.1,0.0,731.6,6.3,1254.0,20,29,0
2026-09-29-urgup,A-planar-empty,A,energy,planar,0.5,empty,1.0,,0.0,empty,1.0,,opt-29143a13-5,Optimize Rota 5,reverse,12451.1,12468.3,233.0,225.0,3132.2,5264.0,4532.4,0.0,731.6,16.3,1254.0,20,24,0
2026-09-29-urgup,A-planar-empty,A,energy,planar,0.5,empty,1.0,,0.0,empty,1.0,,opt-29143a13-6,Optimize Rota 6,forward,25662.9,25736.7,737.9,733.9,6382.7,13922.4,12586.1,0.0,1336.4,551.4,877.8,14,72,0
2026-09-29-urgup,A-planar-empty,A,energy,planar,0.5,empty,1.0,,0.0,empty,1.0,,opt-29143a13-6,Optimize Rota 6,reverse,25662.9,25737.4,733.5,740.5,6382.7,13571.2,12234.8,0.0,1336.4,251.0,877.8,14,68,0
2026-09-29-urgup,A-planar-empty,A,energy,planar,0.5,empty,1.0,,0.0,empty,1.0,,opt-29143a13-7,Optimize Rota 7,forward,3609.8,3620.7,103.6,98.4,889.7,1942.8,1741.0,0.0,201.8,13.6,376.2,6,15,0
2026-09-29-urgup,A-planar-empty,A,energy,planar,0.5,empty,1.0,,0.0,empty,1.0,,opt-29143a13-7,Optimize Rota 7,reverse,3609.8,3620.9,102.6,99.9,889.7,1960.1,1758.3,0.0,201.8,13.4,376.2,6,17,0
2026-09-29-urgup,A-planar-empty,A,energy,planar,0.5,empty,1.0,,0.0,empty,1.0,,opt-29143a13-8,Optimize Rota 8,forward,2564.7,2568.4,47.5,46.6,635.8,1072.5,933.1,0.0,139.4,3.3,376.2,6,9,0
2026-09-29-urgup,A-planar-empty,A,energy,planar,0.5,empty,1.0,,0.0,empty,1.0,,opt-29143a13-8,Optimize Rota 8,reverse,2564.7,2568.2,47.4,46.0,635.8,1048.7,909.3,0.0,139.4,7.0,376.2,6,8,0
2026-09-29-urgup,A-dem-eta0.0-empty,A,energy,dem,0.0,empty,1.0,,0.0,empty,1.0,,opt-5dc08bbf-1,Optimize Rota 1,forward,8878.3,8886.4,125.9,127.8,2129.7,3141.4,2598.3,0.0,543.1,6.6,1630.2,26,16,0
2026-09-29-urgup,A-dem-eta0.0-empty,A,energy,dem,0.0,empty,1.0,,0.0,empty,1.0,,opt-5dc08bbf-1,Optimize Rota 1,reverse,8878.3,8886.1,127.8,125.8,2129.7,3216.8,2673.7,0.0,543.1,4.4,1630.2,26,15,0
2026-09-29-urgup,A-dem-eta0.0-empty,A,energy,dem,0.0,empty,1.0,,0.0,empty,1.0,,opt-5dc08bbf-2,Optimize Rota 2,forward,8819.3,8834.4,172.0,169.8,2132.9,3735.2,3213.2,0.0,522.0,26.3,1442.1,23,12,0
2026-09-29-urgup,A-dem-eta0.0-empty,A,energy,dem,0.0,empty,1.0,,0.0,empty,1.0,,opt-5dc08bbf-2,Optimize Rota 2,reverse,8819.3,8834.2,171.8,167.6,2132.9,3776.7,3254.7,0.0,522.0,14.0,1442.1,23,14,0
2026-09-29-urgup,A-dem-eta0.0-empty,A,energy,dem,0.0,empty,1.0,,0.0,empty,1.0,,opt-5dc08bbf-3,Optimize Rota 3,forward,10654.4,10674.1,220.9,215.0,2642.5,4760.9,4144.4,0.0,616.5,49.4,1316.7,21,35,0
2026-09-29-urgup,A-dem-eta0.0-empty,A,energy,dem,0.0,empty,1.0,,0.0,empty,1.0,,opt-5dc08bbf-3,Optimize Rota 3,reverse,10654.4,10674.2,220.2,216.2,2642.5,4712.7,4096.1,0.0,616.5,38.6,1316.7,21,35,0
2026-09-29-urgup,A-dem-eta0.0-empty,A,energy,dem,0.0,empty,1.0,,0.0,empty,1.0,,opt-5dc08bbf-4,Optimize Rota 4,forward,10055.0,10069.5,196.4,194.9,2757.9,4446.6,3970.7,0.0,475.9,88.8,1316.7,21,16,0
2026-09-29-urgup,A-dem-eta0.0-empty,A,energy,dem,0.0,empty,1.0,,0.0,empty,1.0,,opt-5dc08bbf-4,Optimize Rota 4,reverse,10055.0,10069.4,192.8,196.6,2757.9,4253.7,3777.8,0.0,475.9,56.4,1316.7,21,13,0
2026-09-29-urgup,A-dem-eta0.0-empty,A,energy,dem,0.0,empty,1.0,,0.0,empty,1.0,,opt-5dc08bbf-5,Optimize Rota 5,forward,12906.1,12922.4,213.6,219.2,3251.5,5027.0,4281.7,0.0,745.3,11.7,1254.0,20,33,0
2026-09-29-urgup,A-dem-eta0.0-empty,A,energy,dem,0.0,empty,1.0,,0.0,empty,1.0,,opt-5dc08bbf-5,Optimize Rota 5,reverse,12906.1,12922.3,223.4,216.6,3251.5,5302.4,4557.1,0.0,745.3,20.0,1254.0,20,24,0
2026-09-29-urgup,A-dem-eta0.0-empty,A,energy,dem,0.0,empty,1.0,,0.0,empty,1.0,,opt-5dc08bbf-6,Optimize Rota 6,forward,26036.0,26110.3,720.9,735.3,6494.9,13471.5,12137.7,0.0,1333.8,254.1,877.8,14,70,0
2026-09-29-urgup,A-dem-eta0.0-empty,A,energy,dem,0.0,empty,1.0,,0.0,empty,1.0,,opt-5dc08bbf-6,Optimize Rota 6,reverse,26036.0,26109.8,733.1,722.2,6494.9,13982.0,12648.2,0.0,1333.8,567.3,877.8,14,72,0
2026-09-29-urgup,A-dem-eta0.0-empty,A,energy,dem,0.0,empty,1.0,,0.0,empty,1.0,,opt-5dc08bbf-7,Optimize Rota 7,forward,4038.6,4048.6,89.8,99.4,1001.1,1824.9,1603.3,0.0,221.7,9.7,376.2,6,16,0
2026-09-29-urgup,A-dem-eta0.0-empty,A,energy,dem,0.0,empty,1.0,,0.0,empty,1.0,,opt-5dc08bbf-7,Optimize Rota 7,reverse,4038.6,4049.1,100.5,90.8,1001.1,2060.8,1839.1,0.0,221.7,60.2,376.2,6,14,0
2026-09-29-urgup,A-dem-eta0.0-empty,A,energy,dem,0.0,empty,1.0,,0.0,empty,1.0,,opt-5dc08bbf-8,Optimize Rota 8,forward,2509.5,2511.6,35.5,33.9,640.2,905.0,783.4,0.0,121.6,3.8,376.2,6,8,0
2026-09-29-urgup,A-dem-eta0.0-empty,A,energy,dem,0.0,empty,1.0,,0.0,empty,1.0,,opt-5dc08bbf-8,Optimize Rota 8,reverse,2509.5,2511.7,35.0,35.9,640.2,900.5,778.9,0.0,121.6,5.0,376.2,6,8,0
2026-09-29-urgup,A-distance,A,distance,none,0.5,average,1.0,,0.0,average,1.0,,opt-aad24bc2-1,Optimize Rota 1,forward,8379.2,8388.9,142.6,142.7,2139.3,3585.3,3063.6,0.0,521.7,11.5,1779.8,26,19,0
2026-09-29-urgup,A-distance,A,distance,none,0.5,average,1.0,,0.0,average,1.0,,opt-aad24bc2-1,Optimize Rota 1,reverse,8379.2,8388.8,143.0,142.8,2139.3,3547.8,3026.1,0.0,521.6,13.8,1779.8,26,21,0
2026-09-29-urgup,A-distance,A,distance,none,0.5,average,1.0,,0.0,average,1.0,,opt-aad24bc2-2,Optimize Rota 2,forward,8718.6,8733.7,176.4,174.8,2262.9,4127.0,3623.1,0.0,503.9,47.2,1574.4,23,11,0
2026-09-29-urgup,A-distance,A,distance,none,0.5,average,1.0,,0.0,average,1.0,,opt-aad24bc2-2,Optimize Rota 2,reverse,8718.6,8733.6,176.1,171.7,2262.9,4156.6,3652.7,0.0,503.9,37.0,1574.4,23,15,0
2026-09-29-urgup,A-distance,A,distance,none,0.5,average,1.0,,0.0,average,1.0,,opt-aad24bc2-3,Optimize Rota 3,forward,10547.6,10568.3,225.1,213.5,2782.8,5300.9,4686.0,0.0,614.9,111.0,1437.5,21,35,0
2026-09-29-urgup,A-distance,A,distance,none,0.5,average,1.0,,0.0,average,1.0,,opt-aad24bc2-3,Optimize Rota 3,reverse,10547.6,10567.7,216.0,219.8,2782.8,5074.1,4459.3,0.0,614.9,72.1,1437.5,21,35,0
2026-09-29-urgup,A-distance,A,distance,none,0.5,average,1.0,,0.0,average,1.0,,opt-aad24bc2-4,Optimize Rota 4,forward,9995.9,10010.4,198.3,195.5,2910.3,4884.4,4416.0,0.0,468.4,136.8,1437.5,21,17,0
2026-09-29-urgup,A-distance,A,distance,none,0.5,average,1.0,,0.0,average,1.0,,opt-aad24bc2-4,Optimize Rota 4,reverse,9995.9,10010.4,194.4,198.5,2910.3,4660.3,4191.9,0.0,468.4,100.0,1437.5,21,14,0
2026-09-29-urgup,A-distance,A,distance,none,0.5,average,1.0,,0.0,average,1.0,,opt-aad24bc2-5,Optimize Rota 5,forward,12446.3,12463.4,228.4,228.1,3336.3,5629.7,4903.1,0.0,726.6,28.0,1369.1,20,31,0
2026-09-29-urgup,A-distance,A,distance,none,0.5,average,1.0,,0.0,average,1.0,,opt-aad24bc2-5,Optimize Rota 5,reverse,12446.3,12463.4,232.9,225.2,3336.3,5764.0,5037.4,0.0,726.6,38.0,1369.1,20,25,0
2026-09-29-urgup,A-distance,A,distance,none,0.5,average,1.0,,0.0,average,1.0,,opt-aad24bc2-6,Optimize Rota 6,forward,25638.0,25711.6,737.4,730.5,6801.4,15336.9,14013.3,0.0,1323.6,871.4,958.4,14,75,0
2026-09-29-urgup,A-distance,A,distance,none,0.5,average,1.0,,0.0,average,1.0,,opt-aad24bc2-6,Optimize Rota 6,reverse,25638.0,25712.2,732.8,740.2,6801.4,14978.5,13654.8,0.0,1323.7,474.5,958.4,14,69,0
2026-09-29-urgup,A-distance,A,distance,none,0.5,average,1.0,,0.0,average,1.0,,opt-aad24bc2-7,Optimize Rota 7,forward,3602.8,3613.7,102.2,98.3,948.5,2115.5,1916.6,0.0,198.9,38.7,410.7,6,15,0
2026-09-29-urgup,A-distance,A,distance,none,0.5,average,1.0,,0.0,average,1.0,,opt-aad24bc2-7,Optimize Rota 7,reverse,3602.8,3613.6,101.2,98.5,948.5,2152.2,1953.3,0.0,198.9,39.5,410.7,6,17,0
2026-09-29-urgup,A-distance,A,distance,none,0.5,average,1.0,,0.0,average,1.0,,opt-aad24bc2-8,Optimize Rota 8,forward,2509.5,2511.6,35.5,33.9,681.0,985.6,864.0,0.0,121.6,10.4,410.7,6,8,0
2026-09-29-urgup,A-distance,A,distance,none,0.5,average,1.0,,0.0,average,1.0,,opt-aad24bc2-8,Optimize Rota 8,reverse,2509.5,2511.7,35.0,35.9,681.0,980.9,859.4,0.0,121.6,7.5,410.7,6,8,0
2026-09-29-urgup,A-planar-average,A,energy,planar,0.5,average,1.0,,0.0,average,1.0,,opt-86af7188-1,Optimize Rota 1,forward,8384.1,8393.9,142.5,144.3,2137.6,3605.4,3078.7,0.0,526.7,8.7,1779.8,26,17,0
2026-09-29-urgup,A-planar-average,A,energy,planar,0.5,average,1.0,,0.0,average,1.0,,opt-86af7188-1,Optimize Rota 1,reverse,8384.1,8393.7,143.2,142.6,2137.6,3542.1,3015.5,0.0,526.7,13.8,1779.8,26,20,0
2026-09-29-urgup,A-planar-average,A,energy,planar,0.5,average,1.0,,0.0,average,1.0,,opt-86af7188-2,Optimize Rota 2,forward,8774.7,8791.2,188.7,187.1,2262.5,4312.7,3792.4,0.0,520.3,40.5,1574.4,23,11,0
2026-09-29-urgup,A-planar-average,A,energy,planar,0.5,average,1.0,,0.0,average,1.0,,opt-86af7188-2,Optimize Rota 2,reverse,8774.7,8791.4,188.4,183.9,2262.5,4327.4,3807.2,0.0,520.3,40.8,1574.4,23,17,0
2026-09-29-urgup,A-planar-average,A,energy,planar,0.5,average,1.0,,0.0,average,1.0,,opt-86af7188-3,Optimize Rota 3,forward,10547.6,10568.3,225.1,213.5,2782.8,5300.9,4686.0,0.0,614.9,111.0,1437.5,21,35,0
2026-09-29-urgup,A-planar-average,A,energy,planar,0.5,average,1.0,,0.0,average,1.0,,opt-86af7188-3,Optimize Rota 3,reverse,10547.6,10567.7,216.0,219.8,2782.8,5074.1,4459.3,0.0,614.9,72.1,1437.5,21,35,0
2026-09-29-urgup,A-planar-average,A,energy,planar,0.5,average,1.0,,0.0,average,1.0,,opt-86af7188-4,Optimize Rota 4,forward,10000.7,10015.4,198.3,197.0,2908.6,4904.5,4431.0,0.0,473.4,133.9,1437.5,21,15,0
2026-09-29-urgup,A-planar-average,A,energy,planar,0.5,average,1.0,,0.0,average,1.0,,opt-86af7188-4,Optimize Rota 4,reverse,10000.7,10015.3,194.6,198.3,2908.6,4654.7,4181.3,0.0,473.4,100.0,1437.5,21,13,0
2026-09-29-urgup,A-planar-average,A,energy,planar,0.5,average,1.0,,0.0,average,1.0,,opt-86af7188-5,Optimize Rota 5,forward,12451.1,12468.4,228.3,229.7,3334.6,5649.8,4918.1,0.0,731.6,25.2,1369.1,20,29,0
2026-09-29-urgup,A-planar-average,A,energy,planar,0.5,average,1.0,,0.0,average,1.0,,opt-86af7188-5,Optimize Rota 5,reverse,12451.1,12468.3,233.0,225.0,3334.6,5758.4,5026.8,0.0,731.6,38.0,1369.1,20,24,0
2026-09-29-urgup,A-planar-average,A,energy,planar,0.5,average,1.0,,0.0,average,1.0,,opt-86af7188-6,Optimize Rota 6,forward,25642.8,25716.6,737.3,732.0,6799.7,15357.0,14028.3,0.0,1328.7,868.6,958.4,14,73,0
2026-09-29-urgup,A-planar-average,A,energy,planar,0.5,average,1.0,,0.0,average,1.0,,opt-86af7188-6,Optimize Rota 6,reverse,25642.8,25717.1,733.0,740.0,6799.7,14972.9,13644.2,0.0,1328.7,474.5,958.4,14,68,0
2026-09-29-urgup,A-planar-average,A,energy,planar,0.5,average,1.0,,0.0,average,1.0,,opt-86af7188-7,Optimize Rota 7,forward,3609.8,3620.7,103.6,98.4,948.4,2143.2,1941.4,0.0,201.8,36.4,410.7,6,15,0
2026-09-29-urgup,A-planar-average,A,energy,planar,0.5,average,1.0,,0.0,average,1.0,,opt-86af7188-7,Optimize Rota 7,reverse,3609.8,3620.9,102.6,99.9,948.4,2161.6,1959.8,0.0,201.8,39.5,410.7,6,17,0
2026-09-29-urgup,A-planar-average,A,energy,planar,0.5,average,1.0,,0.0,average,1.0,,opt-86af7188-8,Optimize Rota 8,forward,2564.7,2568.4,47.5,46.6,677.5,1174.4,1035.0,0.0,139.4,13.5,410.7,6,9,0
2026-09-29-urgup,A-planar-average,A,energy,planar,0.5,average,1.0,,0.0,average,1.0,,opt-86af7188-8,Optimize Rota 8,reverse,2564.7,2568.2,47.4,46.0,677.5,1149.4,1010.0,0.0,139.4,10.8,410.7,6,8,0
2026-09-29-urgup,A-dem-eta0.0-average,A,energy,dem,0.0,average,1.0,,0.0,average,1.0,,opt-c6b630be-1,Optimize Rota 1,forward,8878.3,8886.4,125.9,127.8,2274.0,3429.6,2886.5,0.0,543.1,13.1,1779.8,26,16,0
2026-09-29-urgup,A-dem-eta0.0-average,A,energy,dem,0.0,average,1.0,,0.0,average,1.0,,opt-c6b630be-1,Optimize Rota 1,reverse,8878.3,8886.1,127.8,125.8,2274.0,3512.7,2969.7,0.0,543.1,13.4,1779.8,26,15,0
2026-09-29-urgup,A-dem-eta0.0-average,A,energy,dem,0.0,average,1.0,,0.0,average,1.0,,opt-c6b630be-2,Optimize Rota 2,forward,8819.3,8834.4,172.0,169.8,2276.3,4098.4,3576.4,0.0,522.0,55.0,1574.4,23,12,0
2026-09-29-urgup,A-dem-eta0.0-average,A,energy,dem,0.0,average,1.0,,0.0,average,1.0,,opt-c6b630be-2,Optimize Rota 2,reverse,8819.3,8834.2,171.8,167.6,2276.3,4142.2,3620.2,0.0,522.0,37.5,1574.4,23,14,0
2026-09-29-urgup,A-dem-eta0.0-average,A,energy,dem,0.0,average,1.0,,0.0,average,1.0,,opt-c6b630be-3,Optimize Rota 3,forward,10654.4,10674.1,220.9,215.0,2815.7,5223.7,4607.2,0.0,616.5,112.1,1437.5,21,35,0
2026-09-29-urgup,A-dem-eta0.0-average,A,energy,dem,0.0,average,1.0,,0.0,average,1.0,,opt-c6b630be-3,Optimize Rota 3,reverse,10654.4,10674.2,220.2,216.2,2815.7,5171.7,4555.2,0.0,616.5,73.9,1437.5,21,35,0
2026-09-29-urgup,A-dem-eta0.0-average,A,energy,dem,0.0,average,1.0,,0.0,average,1.0,,opt-c6b630be-4,Optimize Rota 4,forward,10055.0,10069.5,196.4,194.9,2921.4,4853.5,4377.6,0.0,475.9,136.1,1437.5,21,16,0
2026-09-29-urgup,A-dem-eta0.0-average,A,energy,dem,0.0,average,1.0,,0.0,average,1.0,,opt-c6b630be-4,Optimize Rota 4,reverse,10055.0,10069.4,192.8,196.6,2921.4,4661.0,4185.1,0.0,475.9,100.0,1437.5,21,13,0
2026-09-29-urgup,A-dem-eta0.0-average,A,energy,dem,0.0,average,1.0,,0.0,average,1.0,,opt-c6b630be-5,Optimize Rota 5,forward,12906.1,12922.4,213.6,219.2,3461.3,5491.3,4746.0,0.0,745.3,31.5,1369.1,20,33,0
2026-09-29-urgup,A-dem-eta0.0-average,A,energy,dem,0.0,average,1.0,,0.0,average,1.0,,opt-c6b630be-5,Optimize Rota 5,reverse,12906.1,12922.3,223.4,216.6,3461.3,5791.9,5046.6,0.0,745.3,52.4,1369.1,20,24,0
2026-09-29-urgup,A-dem-eta0.0-average,A,energy,dem,0.0,average,1.0,,0.0,average,1.0,,opt-c6b630be-6,Optimize Rota 6,forward,26036.0,26110.3,720.9,735.3,6918.2,14858.4,13524.5,0.0,1333.8,476.2,958.4,14,70,0
2026-09-29-urgup,A-dem-eta0.0-average,A,energy,dem,0.0,average,1.0,,0.0,average,1.0,,opt-c6b630be-6,Optimize Rota 6,reverse,26036.0,26109.8,733.1,722.2,6918.2,15424.7,14090.9,0.0,1333.8,916.6,958.4,14,72,0
2026-09-29-urgup,A-dem-eta0.0-average,A,energy,dem,0.0,average,1.0,,0.0,average,1.0,,opt-c6b630be-7,Optimize Rota 7,forward,4038.6,4048.6,89.8,99.4,1066.7,2004.4,1782.7,0.0,221.7,30.1,410.7,6,16,0
2026-09-29-urgup,A-dem-eta0.0-average,A,energy,dem,0.0,average,1.0,,0.0,average,1.0,,opt-c6b630be-7,Optimize Rota 7,reverse,4038.6,4049.1,100.5,90.8,1066.7,2268.0,2046.4,0.0,221.7,98.0,410.7,6,14,0
2026-09-29-urgup,A-dem-eta0.0-average,A,energy,dem,0.0,average,1.0,,0.0,average,1.0,,opt-c6b630be-8,Optimize Rota 8,forward,2509.5,2511.6,35.5,33.9,681.0,985.6,864.0,0.0,121.6,10.4,410.7,6,8,0
2026-09-29-urgup,A-dem-eta0.0-average,A,energy,dem,0.0,average,1.0,,0.0,average,1.0,,opt-c6b630be-8,Optimize Rota 8,reverse,2509.5,2511.7,35.0,35.9,681.0,980.9,859.4,0.0,121.6,7.5,410.7,6,8,0
2026-09-29-urgup,A-distance,A,distance,none,0.5,average,1.0,,0.0,full,1.0,,opt-aad24bc2-1,Optimize Rota 1,forward,8379.2,8388.9,142.6,142.7,2275.5,3896.9,3375.3,0.0,521.7,24.0,1929.4,26,19,0
2026-09-29-urgup,A-distance,A,distance,none,0.5,average,1.0,,0.0,full,1.0,,opt-aad24bc2-1,Optimize Rota 1,reverse,8379.2,8388.8,143.0,142.8,2275.5,3857.0,3335.3,0.0,521.6,26.0,1929.4,26,21,0
2026-09-29-urgup,A-distance,A,distance,none,0.5,average,1.0,,0.0,full,1.0,,opt-aad24bc2-2,Optimize Rota 2,forward,8718.6,8733.7,176.4,174.8,2404.6,4494.5,3990.6,0.0,503.9,78.6,1706.8,23,11,0
2026-09-29-urgup,A-distance,A,distance,none,0.5,average,1.0,,0.0,full,1.0,,opt-aad24bc2-2,Optimize Rota 2,reverse,8718.6,8733.6,176.1,171.7,2404.6,4525.9,4022.0,0.0,503.9,69.6,1706.8,23,15,0
2026-09-29-urgup,A-distance,A,distance,none,0.5,average,1.0,,0.0,full,1.0,,opt-aad24bc2-3,Optimize Rota 3,forward,10547.6,10568.3,225.1,213.5,2954.3,5772.2,5157.3,0.0,614.9,193.9,1558.4,21,35,0
2026-09-29-urgup,A-distance,A,distance,none,0.5,average,1.0,,0.0,full,1.0,,opt-aad24bc2-3,Optimize Rota 3,reverse,10547.6,10567.7,216.0,219.8,2954.3,5524.5,4909.6,0.0,614.9,122.1,1558.4,21,35,0
2026-09-29-urgup,A-distance,A,distance,none,0.5,average,1.0,,0.0,full,1.0,,opt-aad24bc2-4,Optimize Rota 4,forward,9995.9,10010.4,198.3,195.5,3072.8,5295.5,4827.1,0.0,468.4,192.2,1558.4,21,17,0
2026-09-29-urgup,A-distance,A,distance,none,0.5,average,1.0,,0.0,full,1.0,,opt-aad24bc2-4,Optimize Rota 4,reverse,9995.9,10010.4,194.4,198.5,3072.8,5069.1,4600.7,0.0,468.4,161.2,1558.4,21,14,0
2026-09-29-urgup,A-distance,A,distance,none,0.5,average,1.0,,0.0,full,1.0,,opt-aad24bc2-5,Optimize Rota 5,forward,12446.3,12463.4,228.4,228.1,3538.6,6114.6,5388.0,0.0,726.6,51.2,1484.2,20,31,0
2026-09-29-urgup,A-distance,A,distance,none,0.5,average,1.0,,0.0,full,1.0,,opt-aad24bc2-5,Optimize Rota 5,reverse,12446.3,12463.4,232.9,225.2,3538.6,6260.0,5533.4,0.0,726.6,65.4,1484.2,20,25,0
2026-09-29-urgup,A-distance,A,distance,none,0.5,average,1.0,,0.0,full,1.0,,opt-aad24bc2-6,Optimize Rota 6,forward,25638.0,25711.6,737.4,730.5,7218.2,16778.7,15455.1,0.0,1323.6,1245.5,1038.9,14,75,0
2026-09-29-urgup,A-distance,A,distance,none,0.5,average,1.0,,0.0,full,1.0,,opt-aad24bc2-6,Optimize Rota 6,reverse,25638.0,25712.2,732.8,740.2,7218.2,16384.4,15060.7,0.0,1323.7,743.7,1038.9,14,69,0
2026-09-29-urgup,A-distance,A,distance,none,0.5,average,1.0,,0.0,full,1.0,,opt-aad24bc2-7,Optimize Rota 7,forward,3602.8,3613.7,102.2,98.3,1007.0,2313.1,2114.2,0.0,198.9,72.2,445.2,6,15,0
2026-09-29-urgup,A-distance,A,distance,none,0.5,average,1.0,,0.0,full,1.0,,opt-aad24bc2-7,Optimize Rota 7,reverse,3602.8,3613.6,101.2,98.5,1007.0,2352.4,2153.5,0.0,198.9,70.6,445.2,6,17,0
2026-09-29-urgup,A-distance,A,distance,none,0.5,average,1.0,,0.0,full,1.0,,opt-aad24bc2-8,Optimize Rota 8,forward,2509.5,2511.6,35.5,33.9,721.7,1066.4,944.8,0.0,121.6,17.3,445.2,6,8,0
2026-09-29-urgup,A-distance,A,distance,none,0.5,average,1.0,,0.0,full,1.0,,opt-aad24bc2-8,Optimize Rota 8,reverse,2509.5,2511.7,35.0,35.9,721.7,1061.4,939.8,0.0,121.6,13.3,445.2,6,8,0
2026-09-29-urgup,A-planar-full,A,energy,planar,0.5,full,1.0,,0.0,full,1.0,,opt-c4669735-1,Optimize Rota 1,forward,8384.1,8393.9,142.5,144.3,2273.9,3918.3,3391.6,0.0,526.7,20.1,1929.4,26,17,0
2026-09-29-urgup,A-planar-full,A,energy,planar,0.5,full,1.0,,0.0,full,1.0,,opt-c4669735-1,Optimize Rota 1,reverse,8384.1,8393.7,143.2,142.6,2273.9,3851.2,3324.5,0.0,526.7,26.0,1929.4,26,20,0
2026-09-29-urgup,A-planar-full,A,energy,planar,0.5,full,1.0,,0.0,full,1.0,,opt-c4669735-2,Optimize Rota 2,forward,8718.6,8733.7,176.4,174.8,2404.6,4494.5,3990.6,0.0,503.9,78.6,1706.8,23,11,0
2026-09-29-urgup,A-planar-full,A,energy,planar,0.5,full,1.0,,0.0,full,1.0,,opt-c4669735-2,Optimize Rota 2,reverse,8718.6,8733.6,176.1,171.7,2404.6,4525.9,4022.0,0.0,503.9,69.6,1706.8,23,15,0
2026-09-29-urgup,A-planar-full,A,energy,planar,0.5,full,1.0,,0.0,full,1.0,,opt-c4669735-3,Optimize Rota 3,forward,10547.6,10568.3,225.1,213.5,2954.3,5772.2,5157.3,0.0,614.9,193.9,1558.4,21,35,0
2026-09-29-urgup,A-planar-full,A,energy,planar,0.5,full,1.0,,0.0,full,1.0,,opt-c4669735-3,Optimize Rota 3,reverse,10547.6,10567.7,216.0,219.8,2954.3,5524.5,4909.6,0.0,614.9,122.1,1558.4,21,35,0
2026-09-29-urgup,A-planar-full,A,energy,planar,0.5,full,1.0,,0.0,full,1.0,,opt-c4669735-4,Optimize Rota 4,forward,10000.7,10015.4,198.3,197.0,3071.2,5316.9,4843.5,0.0,473.4,188.3,1558.4,21,15,0
2026-09-29-urgup,A-planar-full,A,energy,planar,0.5,full,1.0,,0.0,full,1.0,,opt-c4669735-4,Optimize Rota 4,reverse,10000.7,10015.3,194.6,198.3,3071.2,5063.3,4589.8,0.0,473.4,161.2,1558.4,21,13,0
2026-09-29-urgup,A-planar-full,A,energy,planar,0.5,full,1.0,,0.0,full,1.0,,opt-c4669735-5,Optimize Rota 5,forward,12451.1,12468.4,228.3,229.7,3537.0,6136.0,5404.4,0.0,731.6,47.2,1484.2,20,29,0
2026-09-29-urgup,A-planar-full,A,energy,planar,0.5,full,1.0,,0.0,full,1.0,,opt-c4669735-5,Optimize Rota 5,reverse,12451.1,12468.3,233.0,225.0,3537.0,6254.2,5522.6,0.0,731.6,65.4,1484.2,20,24,0
2026-09-29-urgup,A-planar-full,A,energy,planar,0.5,full,1.0,,0.0,full,1.0,,opt-c4669735-6,Optimize Rota 6,forward,25642.8,25716.6,737.3,732.0,7216.6,16800.1,15471.4,0.0,1328.7,1241.5,1038.9,14,73,0
2026-09-29-urgup,A-planar-full,A,energy,planar,0.5,full,1.0,,0.0,full,1.0,,opt-c4669735-6,Optimize Rota 6,reverse,25642.8,25717.1,733.0,740.0,7216.6,16378.6,15049.9,0.0,1328.7,743.7,1038.9,14,68,0
2026-09-29-urgup,A-planar-full,A,energy,planar,0.5,full,1.0,,0.0,full,1.0,,opt-c4669735-7,Optimize Rota 7,forward,3602.8,3613.7,102.2,98.3,1007.0,2313.1,2114.2,0.0,198.9,72.2,445.2,6,15,0
2026-09-29-urgup,A-planar-full,A,energy,planar,0.5,full,1.0,,0.0,full,1.0,,opt-c4669735-7,Optimize Rota 7,reverse,3602.8,3613.6,101.2,98.5,1007.0,2352.4,2153.5,0.0,198.9,70.6,445.2,6,17,0
2026-09-29-urgup,A-planar-full,A,energy,planar,0.5,full,1.0,,0.0,full,1.0,,opt-c4669735-8,Optimize Rota 8,forward,2557.7,2561.1,46.1,45.2,719.2,1265.6,1129.1,0.0,136.5,24.0,445.2,6,9,0
2026-09-29-urgup,A-planar-full,A,energy,planar,0.5,full,1.0,,0.0,full,1.0,,opt-c4669735-8,Optimize Rota 8,reverse,2557.7,2561.2,46.1,45.8,719.2,1219.4,1082.9,0.0,136.5,25.5,445.2,6,8,0
2026-09-29-urgup,A-dem-eta0.0-full,A,energy,dem,0.0,full,1.0,,0.0,full,1.0,,opt-e193b42f-1,Optimize Rota 1,forward,8878.3,8886.4,125.9,127.8,2418.4,3717.9,3174.9,0.0,543.1,27.7,1929.4,26,16,0
2026-09-29-urgup,A-dem-eta0.0-full,A,energy,dem,0.0,full,1.0,,0.0,full,1.0,,opt-e193b42f-1,Optimize Rota 1,reverse,8878.3,8886.1,127.8,125.8,2418.4,3809.5,3266.4,0.0,543.1,26.9,1929.4,26,15,0
2026-09-29-urgup,A-dem-eta0.0-full,A,energy,dem,0.0,full,1.0,,0.0,full,1.0,,opt-e193b42f-2,Optimize Rota 2,forward,8819.3,8834.4,172.0,169.8,2419.6,4461.7,3939.8,0.0,522.0,92.1,1706.8,23,12,0
2026-09-29-urgup,A-dem-eta0.0-full,A,energy,dem,0.0,full,1.0,,0.0,full,1.0,,opt-e193b42f-2,Optimize Rota 2,reverse,8819.3,8834.2,171.8,167.6,2419.6,4507.7,3985.8,0.0,522.0,71.2,1706.8,23,14,0
2026-09-29-urgup,A-dem-eta0.0-full,A,energy,dem,0.0,full,1.0,,0.0,full,1.0,,opt-e193b42f-3,Optimize Rota 3,forward,10654.4,10674.1,220.9,215.0,2988.9,5686.6,5070.0,0.0,616.5,184.4,1558.4,21,35,0
2026-09-29-urgup,A-dem-eta0.0-full,A,energy,dem,0.0,full,1.0,,0.0,full,1.0,,opt-e193b42f-3,Optimize Rota 3,reverse,10654.4,10674.2,220.2,216.2,2988.9,5630.9,5014.4,0.0,616.5,123.0,1558.4,21,35,0
2026-09-29-urgup,A-dem-eta0.0-full,A,energy,dem,0.0,full,1.0,,0.0,full,1.0,,opt-e193b42f-4,Optimize Rota 4,forward,10055.0,10069.5,196.4,194.9,3084.8,5261.1,4785.2,0.0,475.9,191.1,1558.4,21,16,0
2026-09-29-urgup,A-dem-eta0.0-full,A,energy,dem,0.0,full,1.0,,0.0,full,1.0,,opt-e193b42f-4,Optimize Rota 4,reverse,10055.0,10069.4,192.8,196.6,3084.8,5069.2,4593.3,0.0,475.9,161.2,1558.4,21,13,0
2026-09-29-urgup,A-dem-eta0.0-full,A,energy,dem,0.0,full,1.0,,0.0,full,1.0,,opt-e193b42f-5,Optimize Rota 5,forward,12906.1,12922.4,213.6,219.2,3671.1,5955.8,5210.6,0.0,745.3,56.5,1484.2,20,33,0
2026-09-29-urgup,A-dem-eta0.0-full,A,energy,dem,0.0,full,1.0,,0.0,full,1.0,,opt-e193b42f-5,Optimize Rota 5,reverse,12906.1,12922.3,223.4,216.6,3671.1,6282.9,5537.6,0.0,745.3,92.3,1484.2,20,24,0
2026-09-29-urgup,A-dem-eta0.0-full,A,energy,dem,0.0,full,1.0,,0.0,full,1.0,,opt-e193b42f-6,Optimize Rota 6,forward,26036.0,26110.3,720.9,735.3,7341.4,16245.8,14912.0,0.0,1333.8,747.0,1038.9,14,70,0
2026-09-29-urgup,A-dem-eta0.0-full,A,energy,dem,0.0,full,1.0,,0.0,full,1.0,,opt-e193b42f-6,Optimize Rota 6,reverse,26036.0,26109.8,733.1,722.2,7341.4,16868.2,15534.4,0.0,1333.8,1323.4,1038.9,14,72,0
2026-09-29-urgup,A-dem-eta0.0-full,A,energy,dem,0.0,full,1.0,,0.0,full,1.0,,opt-e193b42f-7,Optimize Rota 7,forward,4038.6,4048.6,89.8,99.4,1132.4,2184.0,1962.4,0.0,221.7,55.9,445.2,6,16,0
2026-09-29-urgup,A-dem-eta0.0-full,A,energy,dem,0.0,full,1.0,,0.0,full,1.0,,opt-e193b42f-7,Optimize Rota 7,reverse,4038.6,4049.1,100.5,90.8,1132.4,2475.3,2253.6,0.0,221.7,149.1,445.2,6,14,0
2026-09-29-urgup,A-dem-eta0.0-full,A,energy,dem,0.0,full,1.0,,0.0,full,1.0,,opt-e193b42f-8,Optimize Rota 8,forward,2509.5,2511.6,35.5,33.9,721.7,1066.4,944.8,0.0,121.6,17.3,445.2,6,8,0
2026-09-29-urgup,A-dem-eta0.0-full,A,energy,dem,0.0,full,1.0,,0.0,full,1.0,,opt-e193b42f-8,Optimize Rota 8,reverse,2509.5,2511.7,35.0,35.9,721.7,1061.4,939.8,0.0,121.6,13.3,445.2,6,8,0
2026-09-29-urgup,A-distance,A,distance,none,0.5,average,1.0,,0.3,empty,1.0,,opt-aad24bc2-1,Optimize Rota 1,forward,8379.2,8388.9,142.6,142.7,2003.1,2939.1,2752.2,334.7,521.7,3.6,1314.2,26,19,0
2026-09-29-urgup,A-distance,A,distance,none,0.5,average,1.0,,0.3,empty,1.0,,opt-aad24bc2-1,Optimize Rota 1,reverse,8379.2,8388.8,143.0,142.8,2003.1,2915.5,2717.7,323.8,521.6,4.6,1314.2,26,21,0
2026-09-29-urgup,A-distance,A,distance,none,0.5,average,1.0,,0.3,empty,1.0,,opt-aad24bc2-2,Optimize Rota 2,forward,8718.6,8733.7,176.4,174.8,2121.1,3339.7,3255.9,420.2,503.9,21.9,1162.6,23,11,0
2026-09-29-urgup,A-distance,A,distance,none,0.5,average,1.0,,0.3,empty,1.0,,opt-aad24bc2-2,Optimize Rota 2,reverse,8718.6,8733.6,176.1,171.7,2121.1,3367.2,3283.5,420.2,503.9,14.0,1162.6,23,15,0
2026-09-29-urgup,A-distance,A,distance,none,0.5,average,1.0,,0.3,empty,1.0,,opt-aad24bc2-3,Optimize Rota 3,forward,10547.6,10568.3,225.1,213.5,2611.3,4296.8,4214.7,532.8,614.9,41.9,1061.5,21,35,0
2026-09-29-urgup,A-distance,A,distance,none,0.5,average,1.0,,0.3,empty,1.0,,opt-aad24bc2-3,Optimize Rota 3,reverse,10547.6,10567.7,216.0,219.8,2611.3,4091.5,4009.0,532.3,614.9,37.9,1061.5,21,35,0
2026-09-29-urgup,A-distance,A,distance,none,0.5,average,1.0,,0.3,empty,1.0,,opt-aad24bc2-4,Optimize Rota 4,forward,9995.9,10010.4,198.3,195.5,2747.8,4055.0,4005.3,418.6,468.4,89.0,1061.5,21,17,0
2026-09-29-urgup,A-distance,A,distance,none,0.5,average,1.0,,0.3,empty,1.0,,opt-aad24bc2-4,Optimize Rota 4,reverse,9995.9,10010.4,194.4,198.5,2747.8,3858.8,3784.2,393.7,468.4,56.4,1061.5,21,14,0
2026-09-29-urgup,A-distance,A,distance,none,0.5,average,1.0,,0.3,empty,1.0,,opt-aad24bc2-5,Optimize Rota 5,forward,12446.3,12463.4,228.4,228.1,3133.9,4617.9,4418.5,527.2,726.6,8.0,1010.9,20,31,0
2026-09-29-urgup,A-distance,A,distance,none,0.5,average,1.0,,0.3,empty,1.0,,opt-aad24bc2-5,Optimize Rota 5,reverse,12446.3,12463.4,232.9,225.2,3133.9,4737.5,4542.9,531.9,726.6,16.3,1010.9,20,25,0
2026-09-29-urgup,A-distance,A,distance,none,0.5,average,1.0,,0.3,empty,1.0,,opt-aad24bc2-6,Optimize Rota 6,forward,25638.0,25711.6,737.4,730.5,6384.6,12104.7,12572.0,1790.9,1323.6,553.3,707.7,14,75,0
2026-09-29-urgup,A-distance,A,distance,none,0.5,average,1.0,,0.3,empty,1.0,,opt-aad24bc2-6,Optimize Rota 6,reverse,25638.0,25712.2,732.8,740.2,6384.6,11728.0,12249.6,1845.3,1323.7,251.0,707.7,14,69,0
2026-09-29-urgup,A-distance,A,distance,none,0.5,average,1.0,,0.3,empty,1.0,,opt-aad24bc2-7,Optimize Rota 7,forward,3602.8,3613.7,102.2,98.3,889.9,1664.8,1719.2,253.4,198.9,13.8,303.3,6,15,0
2026-09-29-urgup,A-distance,A,distance,none,0.5,average,1.0,,0.3,empty,1.0,,opt-aad24bc2-7,Optimize Rota 7,reverse,3602.8,3613.6,101.2,98.5,889.9,1685.2,1753.1,266.8,198.9,13.4,303.3,6,17,0
2026-09-29-urgup,A-distance,A,distance,none,0.5,average,1.0,,0.3,empty,1.0,,opt-aad24bc2-8,Optimize Rota 8,forward,2509.5,2511.6,35.5,33.9,640.2,842.0,783.4,63.0,121.6,3.8,303.3,6,8,0
2026-09-29-urgup,A-distance,A,distance,none,0.5,average,1.0,,0.3,empty,1.0,,opt-aad24bc2-8,Optimize Rota 8,reverse,2509.5,2511.7,35.0,35.9,640.2,830.3,778.9,70.1,121.6,5.0,303.3,6,8,0
2026-09-29-urgup,A-planar-empty,A,energy,planar,0.5,empty,1.0,,0.3,empty,1.0,,opt-29143a13-1,Optimize Rota 1,forward,8384.1,8393.9,142.5,144.3,2001.3,2946.5,2765.9,346.1,526.7,1.9,1314.2,26,17,0
2026-09-29-urgup,A-planar-empty,A,energy,planar,0.5,empty,1.0,,0.3,empty,1.0,,opt-29143a13-1,Optimize Rota 1,reverse,8384.1,8393.7,143.2,142.6,2001.3,2912.2,2707.2,321.6,526.7,4.6,1314.2,26,20,0
2026-09-29-urgup,A-planar-empty,A,energy,planar,0.5,empty,1.0,,0.3,empty,1.0,,opt-29143a13-2,Optimize Rota 2,forward,8774.7,8791.2,188.7,187.1,2119.8,3459.1,3404.7,465.9,520.3,16.2,1162.6,23,11,0
2026-09-29-urgup,A-planar-empty,A,energy,planar,0.5,empty,1.0,,0.3,empty,1.0,,opt-29143a13-2,Optimize Rota 2,reverse,8774.7,8791.4,188.4,183.9,2119.8,3478.0,3417.5,459.7,520.3,14.3,1162.6,23,17,0
2026-09-29-urgup,A-planar-empty,A,energy,planar,0.5,empty,1.0,,0.3,empty,1.0,,opt-29143a13-3,Optimize Rota 3,forward,10806.5,10829.8,238.8,230.1,2601.7,4389.2,4306.7,582.7,665.2,41.4,1061.5,21,37,0
2026-09-29-urgup,A-planar-empty,A,energy,planar,0.5,empty,1.0,,0.3,empty,1.0,,opt-29143a13-3,Optimize Rota 3,reverse,10806.5,10829.1,232.0,231.8,2601.7,4299.9,4230.6,595.9,665.2,28.8,1061.5,21,36,0
2026-09-29-urgup,A-planar-empty,A,energy,planar,0.5,empty,1.0,,0.3,empty,1.0,,opt-29143a13-4,Optimize Rota 4,forward,10000.7,10015.4,198.3,197.0,2746.0,4062.4,4018.9,430.0,473.4,87.3,1061.5,21,15,0
2026-09-29-urgup,A-planar-empty,A,energy,planar,0.5,empty,1.0,,0.3,empty,1.0,,opt-29143a13-4,Optimize Rota 4,reverse,10000.7,10015.3,194.6,198.3,2746.0,3855.6,3773.6,391.5,473.4,56.4,1061.5,21,13,0
2026-09-29-urgup,A-planar-empty,A,energy,planar,0.5,empty,1.0,,0.3,empty,1.0,,opt-29143a13-5,Optimize Rota 5,forward,12451.1,12468.4,228.3,229.7,3132.2,4625.2,4432.1,538.5,731.6,6.3,1010.9,20,29,0
2026-09-29-urgup,A-planar-empty,A,energy,planar,0.5,empty,1.0,,0.3,empty,1.0,,opt-29143a13-5,Optimize Rota 5,reverse,12451.1,12468.3,233.0,225.0,3132.2,4734.2,4532.4,529.7,731.6,16.3,1010.9,20,24,0
2026-09-29-urgup,A-planar-empty,A,energy,planar,0.5,empty,1.0,,0.3,empty,1.0,,opt-29143a13-6,Optimize Rota 6,forward,25662.9,25736.7,737.9,733.9,6382.7,12113.5,12586.1,1808.9,1336.4,551.4,707.7,14,72,0
2026-09-29-urgup,A-planar-empty,A,energy,planar,0.5,empty,1.0,,0.3,empty,1.0,,opt-29143a13-6,Optimize Rota 6,reverse,25662.9,25737.4,733.5,740.5,6382.7,11727.2,12234.8,1844.0,1336.4,251.0,707.7,14,68,0
2026-09-29-urgup,A-planar-empty,A,energy,planar,0.5,empty,1.0,,0.3,empty,1.0,,opt-29143a13-7,Optimize Rota 7,forward,3609.8,3620.7,103.6,98.4,889.7,1686.8,1741.0,255.9,201.8,13.6,303.3,6,15,0
2026-09-29-urgup,A-planar-empty,A,energy,planar,0.5,empty,1.0,,0.3,empty,1.0,,opt-29143a13-7,Optimize Rota 7,reverse,3609.8,3620.9,102.6,99.9,889.7,1691.1,1758.3,269.0,201.8,13.4,303.3,6,17,0
2026-09-29-urgup,A-planar-empty,A,energy,planar,0.5,empty,1.0,,0.3,empty,1.0,,opt-29143a13-8,Optimize Rota 8,forward,2564.7,2568.4,47.5,46.6,635.8,961.7,933.1,110.8,139.4,3.3,303.3,6,9,0
2026-09-29-urgup,A-planar-empty,A,energy,planar,0.5,empty,1.0,,0.3,empty,1.0,,opt-29143a13-8,Optimize Rota 8,reverse,2564.7,2568.2,47.4,46.0,635.8,946.9,909.3,101.7,139.4,7.0,303.3,6,8,0
2026-09-29-urgup,A-dem-eta0.3-empty,A,energy,dem,0.3,empty,1.0,,0.3,empty,1.0,,opt-63f1aa43-1,Optimize Rota 1,forward,8872.9,8881.1,126.1,128.7,2128.4,2867.3,2598.7,274.1,542.7,6.4,1314.2,26,14,0
2026-09-29-urgup,A-dem-eta0.3-empty,A,energy,dem,0.3,empty,1.0,,0.3,empty,1.0,,opt-63f1aa43-1,Optimize Rota 1,reverse,8872.9,8880.6,128.0,126.1,2128.4,2934.7,2670.5,278.5,542.7,4.4,1314.2,26,13,0
2026-09-29-urgup,A-dem-eta0.3-empty,A,energy,dem,0.3,empty,1.0,,0.3,empty,1.0,,opt-63f1aa43-2,Optimize Rota 2,forward,8804.3,8819.4,172.0,169.8,2128.8,3327.3,3214.4,408.5,521.4,25.8,1162.6,23,12,0
2026-09-29-urgup,A-dem-eta0.3-empty,A,energy,dem,0.3,empty,1.0,,0.3,empty,1.0,,opt-63f1aa43-2,Optimize Rota 2,reverse,8804.3,8819.3,171.8,167.6,2128.8,3357.5,3251.2,415.0,521.4,14.0,1162.6,23,14,0
2026-09-29-urgup,A-dem-eta0.3-empty,A,energy,dem,0.3,empty,1.0,,0.3,empty,1.0,,opt-63f1aa43-3,Optimize Rota 3,forward,10654.4,10674.1,220.9,215.0,2642.5,4237.2,4144.4,523.7,616.5,49.4,1061.5,21,35,0
2026-09-29-urgup,A-dem-eta0.3-empty,A,energy,dem,0.3,empty,1.0,,0.3,empty,1.0,,opt-63f1aa43-3,Optimize Rota 3,reverse,10654.4,10674.2,220.2,216.2,2642.5,4192.3,4096.1,520.3,616.5,38.6,1061.5,21,35,0
2026-09-29-urgup,A-dem-eta0.3-empty,A,energy,dem,0.3,empty,1.0,,0.3,empty,1.0,,opt-63f1aa43-4,Optimize Rota 4,forward,10055.0,10069.5,196.4,194.9,2757.9,4033.0,3970.7,413.6,475.9,88.8,1061.5,21,16,0
2026-09-29-urgup,A-dem-eta0.3-empty,A,energy,dem,0.3,empty,1.0,,0.3,empty,1.0,,opt-63f1aa43-4,Optimize Rota 4,reverse,10055.0,10069.4,192.8,196.6,2757.9,3863.5,3777.8,390.1,475.9,56.4,1061.5,21,13,0
2026-09-29-urgup,A-dem-eta0.3-empty,A,energy,dem,0.3,empty,1.0,,0.3,empty,1.0,,opt-63f1aa43-5,Optimize Rota 5,forward,12906.1,12922.4,213.6,219.2,3251.5,4542.9,4281.7,484.1,745.3,11.7,1010.9,20,33,0
2026-09-29-urgup,A-dem-eta0.3-empty,A,energy,dem,0.3,empty,1.0,,0.3,empty,1.0,,opt-63f1aa43-5,Optimize Rota 5,reverse,12906.1,12922.3,223.4,216.6,3251.5,4790.9,4557.1,511.5,745.3,20.0,1010.9,20,24,0
2026-09-29-urgup,A-dem-eta0.3-empty,A,energy,dem,0.3,empty,1.0,,0.3,empty,1.0,,opt-63f1aa43-6,Optimize Rota 6,forward,26139.8,26214.4,720.2,737.8,6515.8,11655.7,12130.3,1818.4,1343.8,254.6,707.7,14,72,0
2026-09-29-urgup,A-dem-eta0.3-empty,A,energy,dem,0.3,empty,1.0,,0.3,empty,1.0,,opt-63f1aa43-6,Optimize Rota 6,reverse,26139.8,26213.9,735.6,721.4,6515.8,12281.5,12704.4,1766.7,1343.8,569.3,707.7,14,75,0
2026-09-29-urgup,A-dem-eta0.3-empty,A,energy,dem,0.3,empty,1.0,,0.3,empty,1.0,,opt-63f1aa43-7,Optimize Rota 7,forward,4038.6,4048.6,89.8,99.4,1001.1,1577.5,1603.3,247.4,221.7,9.7,303.3,6,16,0
2026-09-29-urgup,A-dem-eta0.3-empty,A,energy,dem,0.3,empty,1.0,,0.3,empty,1.0,,opt-63f1aa43-7,Optimize Rota 7,reverse,4038.6,4049.1,100.5,90.8,1001.1,1832.6,1839.1,228.1,221.7,60.2,303.3,6,14,0
2026-09-29-urgup,A-dem-eta0.3-empty,A,energy,dem,0.3,empty,1.0,,0.3,empty,1.0,,opt-63f1aa43-8,Optimize Rota 8,forward,2509.5,2511.6,35.5,33.9,640.2,842.0,783.4,63.0,121.6,3.8,303.3,6,8,0
2026-09-29-urgup,A-dem-eta0.3-empty,A,energy,dem,0.3,empty,1.0,,0.3,empty,1.0,,opt-63f1aa43-8,Optimize Rota 8,reverse,2509.5,2511.7,35.0,35.9,640.2,830.3,778.9,70.1,121.6,5.0,303.3,6,8,0
2026-09-29-urgup,A-distance,A,distance,none,0.5,average,1.0,,0.3,average,1.0,,opt-aad24bc2-1,Optimize Rota 1,forward,8379.2,8388.9,142.6,142.7,2139.3,3206.6,3063.6,378.7,521.7,11.5,1424.3,26,19,0
2026-09-29-urgup,A-distance,A,distance,none,0.5,average,1.0,,0.3,average,1.0,,opt-aad24bc2-1,Optimize Rota 1,reverse,8379.2,8388.8,143.0,142.8,2139.3,3181.3,3026.1,366.4,521.6,13.8,1424.3,26,21,0
2026-09-29-urgup,A-distance,A,distance,none,0.5,average,1.0,,0.3,average,1.0,,opt-aad24bc2-2,Optimize Rota 2,forward,8718.6,8733.7,176.4,174.8,2262.9,3655.6,3623.1,471.5,503.9,47.2,1260.0,23,11,0
2026-09-29-urgup,A-distance,A,distance,none,0.5,average,1.0,,0.3,average,1.0,,opt-aad24bc2-2,Optimize Rota 2,reverse,8718.6,8733.6,176.1,171.7,2262.9,3685.1,3652.7,471.5,503.9,37.0,1260.0,23,15,0
2026-09-29-urgup,A-distance,A,distance,none,0.5,average,1.0,,0.3,average,1.0,,opt-aad24bc2-3,Optimize Rota 3,forward,10547.6,10568.3,225.1,213.5,2782.8,4714.6,4686.0,586.3,614.9,111.0,1150.4,21,35,0
2026-09-29-urgup,A-distance,A,distance,none,0.5,average,1.0,,0.3,average,1.0,,opt-aad24bc2-3,Optimize Rota 3,reverse,10547.6,10567.7,216.0,219.8,2782.8,4476.9,4459.3,597.3,614.9,72.1,1150.4,21,35,0
2026-09-29-urgup,A-distance,A,distance,none,0.5,average,1.0,,0.3,average,1.0,,opt-aad24bc2-4,Optimize Rota 4,forward,9995.9,10010.4,198.3,195.5,2910.3,4415.8,4416.0,468.6,468.4,136.8,1150.4,21,17,0
2026-09-29-urgup,A-distance,A,distance,none,0.5,average,1.0,,0.3,average,1.0,,opt-aad24bc2-4,Optimize Rota 4,reverse,9995.9,10010.4,194.4,198.5,2910.3,4213.2,4191.9,447.1,468.4,100.0,1150.4,21,14,0
2026-09-29-urgup,A-distance,A,distance,none,0.5,average,1.0,,0.3,average,1.0,,opt-aad24bc2-5,Optimize Rota 5,forward,12446.3,12463.4,228.4,228.1,3336.3,5034.1,4903.1,595.6,726.6,28.0,1095.6,20,31,0
2026-09-29-urgup,A-distance,A,distance,none,0.5,average,1.0,,0.3,average,1.0,,opt-aad24bc2-5,Optimize Rota 5,reverse,12446.3,12463.4,232.9,225.2,3336.3,5164.8,5037.4,599.3,726.6,38.0,1095.6,20,25,0
2026-09-29-urgup,A-distance,A,distance,none,0.5,average,1.0,,0.3,average,1.0,,opt-aad24bc2-6,Optimize Rota 6,forward,25638.0,25711.6,737.4,730.5,6801.4,13374.0,14013.3,1963.0,1323.6,871.4,767.0,14,75,0
2026-09-29-urgup,A-distance,A,distance,none,0.5,average,1.0,,0.3,average,1.0,,opt-aad24bc2-6,Optimize Rota 6,reverse,25638.0,25712.2,732.8,740.2,6801.4,12936.2,13654.8,2042.3,1323.7,474.5,767.0,14,69,0
2026-09-29-urgup,A-distance,A,distance,none,0.5,average,1.0,,0.3,average,1.0,,opt-aad24bc2-7,Optimize Rota 7,forward,3602.8,3613.7,102.2,98.3,948.5,1834.7,1916.6,280.9,198.9,38.7,328.7,6,15,0
2026-09-29-urgup,A-distance,A,distance,none,0.5,average,1.0,,0.3,average,1.0,,opt-aad24bc2-7,Optimize Rota 7,reverse,3602.8,3613.6,101.2,98.5,948.5,1857.0,1953.3,295.2,198.9,39.5,328.7,6,17,0
2026-09-29-urgup,A-distance,A,distance,none,0.5,average,1.0,,0.3,average,1.0,,opt-aad24bc2-8,Optimize Rota 8,forward,2509.5,2511.6,35.5,33.9,681.0,914.8,864.0,70.8,121.6,10.4,328.7,6,8,0
2026-09-29-urgup,A-distance,A,distance,none,0.5,average,1.0,,0.3,average,1.0,,opt-aad24bc2-8,Optimize Rota 8,reverse,2509.5,2511.7,35.0,35.9,681.0,900.7,859.4,80.2,121.6,7.5,328.7,6,8,0
2026-09-29-urgup,A-planar-average,A,energy,planar,0.5,average,1.0,,0.3,average,1.0,,opt-86af7188-1,Optimize Rota 1,forward,8384.1,8393.9,142.5,144.3,2137.6,3213.9,3078.7,391.4,526.7,8.7,1424.3,26,17,0
2026-09-29-urgup,A-planar-average,A,energy,planar,0.5,average,1.0,,0.3,average,1.0,,opt-86af7188-1,Optimize Rota 1,reverse,8384.1,8393.7,143.2,142.6,2137.6,3178.1,3015.5,364.0,526.7,13.8,1424.3,26,20,0
2026-09-29-urgup,A-planar-average,A,energy,planar,0.5,average,1.0,,0.3,average,1.0,,opt-86af7188-2,Optimize Rota 2,forward,8774.7,8791.2,188.7,187.1,2262.5,3790.1,3792.4,522.6,520.3,40.5,1260.0,23,11,0
2026-09-29-urgup,A-planar-average,A,energy,planar,0.5,average,1.0,,0.3,average,1.0,,opt-86af7188-2,Optimize Rota 2,reverse,8774.7,8791.4,188.4,183.9,2262.5,3812.4,3807.2,515.0,520.3,40.8,1260.0,23,17,0
2026-09-29-urgup,A-planar-average,A,energy,planar,0.5,average,1.0,,0.3,average,1.0,,opt-86af7188-3,Optimize Rota 3,forward,10547.6,10568.3,225.1,213.5,2782.8,4714.6,4686.0,586.3,614.9,111.0,1150.4,21,35,0
2026-09-29-urgup,A-planar-average,A,energy,planar,0.5,average,1.0,,0.3,average,1.0,,opt-86af7188-3,Optimize Rota 3,reverse,10547.6,10567.7,216.0,219.8,2782.8,4476.9,4459.3,597.3,614.9,72.1,1150.4,21,35,0
2026-09-29-urgup,A-planar-average,A,energy,planar,0.5,average,1.0,,0.3,average,1.0,,opt-86af7188-4,Optimize Rota 4,forward,10000.7,10015.4,198.3,197.0,2908.6,4423.1,4431.0,481.4,473.4,133.9,1150.4,21,15,0
2026-09-29-urgup,A-planar-average,A,energy,planar,0.5,average,1.0,,0.3,average,1.0,,opt-86af7188-4,Optimize Rota 4,reverse,10000.7,10015.3,194.6,198.3,2908.6,4210.0,4181.3,444.7,473.4,100.0,1150.4,21,13,0
2026-09-29-urgup,A-planar-average,A,energy,planar,0.5,average,1.0,,0.3,average,1.0,,opt-86af7188-5,Optimize Rota 5,forward,12451.1,12468.4,228.3,229.7,3334.6,5041.4,4918.1,608.3,731.6,25.2,1095.6,20,29,0
2026-09-29-urgup,A-planar-average,A,energy,planar,0.5,average,1.0,,0.3,average,1.0,,opt-86af7188-5,Optimize Rota 5,reverse,12451.1,12468.3,233.0,225.0,3334.6,5161.5,5026.8,596.8,731.6,38.0,1095.6,20,24,0
2026-09-29-urgup,A-planar-average,A,energy,planar,0.5,average,1.0,,0.3,average,1.0,,opt-86af7188-6,Optimize Rota 6,forward,25642.8,25716.6,737.3,732.0,6799.7,13381.3,14028.3,1975.7,1328.7,868.6,767.0,14,73,0
2026-09-29-urgup,A-planar-average,A,energy,planar,0.5,average,1.0,,0.3,average,1.0,,opt-86af7188-6,Optimize Rota 6,reverse,25642.8,25717.1,733.0,740.0,6799.7,12932.9,13644.2,2039.9,1328.7,474.5,767.0,14,68,0
2026-09-29-urgup,A-planar-average,A,energy,planar,0.5,average,1.0,,0.3,average,1.0,,opt-86af7188-7,Optimize Rota 7,forward,3609.8,3620.7,103.6,98.4,948.4,1858.9,1941.4,284.3,201.8,36.4,328.7,6,15,0
2026-09-29-urgup,A-planar-average,A,energy,planar,0.5,average,1.0,,0.3,average,1.0,,opt-86af7188-7,Optimize Rota 7,reverse,3609.8,3620.9,102.6,99.9,948.4,1863.9,1959.8,297.7,201.8,39.5,328.7,6,17,0
2026-09-29-urgup,A-planar-average,A,energy,planar,0.5,average,1.0,,0.3,average,1.0,,opt-86af7188-8,Optimize Rota 8,forward,2564.7,2568.4,47.5,46.6,677.5,1051.2,1035.0,123.2,139.4,13.5,328.7,6,9,0
2026-09-29-urgup,A-planar-average,A,energy,planar,0.5,average,1.0,,0.3,average,1.0,,opt-86af7188-8,Optimize Rota 8,reverse,2564.7,2568.2,47.4,46.0,677.5,1033.8,1010.0,115.6,139.4,10.8,328.7,6,8,0
2026-09-29-urgup,A-dem-eta0.3-average,A,energy,dem,0.3,average,1.0,,0.3,average,1.0,,opt-54efeac3-1,Optimize Rota 1,forward,8872.9,8881.1,126.1,128.7,2272.7,3118.3,2887.1,311.5,542.7,12.3,1424.3,26,14,0
2026-09-29-urgup,A-dem-eta0.3-average,A,energy,dem,0.3,average,1.0,,0.3,average,1.0,,opt-54efeac3-1,Optimize Rota 1,reverse,8872.9,8880.6,128.0,126.1,2272.7,3193.7,2966.0,315.0,542.7,13.2,1424.3,26,13,0
2026-09-29-urgup,A-dem-eta0.3-average,A,energy,dem,0.3,average,1.0,,0.3,average,1.0,,opt-54efeac3-2,Optimize Rota 2,forward,8804.3,8819.4,172.0,169.8,2271.9,3641.6,3577.8,457.6,521.4,52.8,1260.0,23,12,0
2026-09-29-urgup,A-dem-eta0.3-average,A,energy,dem,0.3,average,1.0,,0.3,average,1.0,,opt-54efeac3-2,Optimize Rota 2,reverse,8804.3,8819.3,171.8,167.6,2271.9,3673.0,3616.4,464.8,521.4,37.5,1260.0,23,14,0
2026-09-29-urgup,A-dem-eta0.3-average,A,energy,dem,0.3,average,1.0,,0.3,average,1.0,,opt-54efeac3-3,Optimize Rota 3,forward,10654.4,10674.1,220.9,215.0,2815.7,4644.8,4607.2,578.9,616.5,112.1,1150.4,21,35,0
2026-09-29-urgup,A-dem-eta0.3-average,A,energy,dem,0.3,average,1.0,,0.3,average,1.0,,opt-54efeac3-3,Optimize Rota 3,reverse,10654.4,10674.2,220.2,216.2,2815.7,4588.3,4555.2,583.4,616.5,73.9,1150.4,21,35,0
2026-09-29-urgup,A-dem-eta0.3-average,A,energy,dem,0.3,average,1.0,,0.3,average,1.0,,opt-54efeac3-4,Optimize Rota 4,forward,10055.0,10069.5,196.4,194.9,2921.4,4390.5,4377.6,463.1,475.9,136.1,1150.4,21,16,0
2026-09-29-urgup,A-dem-eta0.3-average,A,energy,dem,0.3,average,1.0,,0.3,average,1.0,,opt-54efeac3-4,Optimize Rota 4,reverse,10055.0,10069.4,192.8,196.6,2921.4,4218.0,4185.1,443.0,475.9,100.0,1150.4,21,13,0
2026-09-29-urgup,A-dem-eta0.3-average,A,energy,dem,0.3,average,1.0,,0.3,average,1.0,,opt-54efeac3-5,Optimize Rota 5,forward,12906.1,12922.4,213.6,219.2,3461.3,4943.5,4746.0,547.8,745.3,31.5,1095.6,20,33,0
2026-09-29-urgup,A-dem-eta0.3-average,A,energy,dem,0.3,average,1.0,,0.3,average,1.0,,opt-54efeac3-5,Optimize Rota 5,reverse,12906.1,12922.3,223.4,216.6,3461.3,5219.2,5046.6,572.6,745.3,52.4,1095.6,20,24,0
2026-09-29-urgup,A-dem-eta0.3-average,A,energy,dem,0.3,average,1.0,,0.3,average,1.0,,opt-54efeac3-6,Optimize Rota 6,forward,26139.8,26214.4,720.2,737.8,6940.8,12847.9,13516.8,2012.7,1343.8,478.4,767.0,14,72,0
2026-09-29-urgup,A-dem-eta0.3-average,A,energy,dem,0.3,average,1.0,,0.3,average,1.0,,opt-54efeac3-6,Optimize Rota 6,reverse,26139.8,26213.9,735.6,721.4,6940.8,13572.9,14153.7,1924.7,1343.8,923.8,767.0,14,75,0
2026-09-29-urgup,A-dem-eta0.3-average,A,energy,dem,0.3,average,1.0,,0.3,average,1.0,,opt-54efeac3-7,Optimize Rota 7,forward,4038.6,4048.6,89.8,99.4,1066.7,1728.9,1782.7,275.5,221.7,30.1,328.7,6,16,0
2026-09-29-urgup,A-dem-eta0.3-average,A,energy,dem,0.3,average,1.0,,0.3,average,1.0,,opt-54efeac3-7,Optimize Rota 7,reverse,4038.6,4049.1,100.5,90.8,1066.7,2018.0,2046.4,250.0,221.7,98.0,328.7,6,14,0
2026-09-29-urgup,A-dem-eta0.3-average,A,energy,dem,0.3,average,1.0,,0.3,average,1.0,,opt-54efeac3-8,Optimize Rota 8,forward,2509.5,2511.6,35.5,33.9,681.0,914.8,864.0,70.8,121.6,10.4,328.7,6,8,0
2026-09-29-urgup,A-dem-eta0.3-average,A,energy,dem,0.3,average,1.0,,0.3,average,1.0,,opt-54efeac3-8,Optimize Rota 8,reverse,2509.5,2511.7,35.0,35.9,681.0,900.7,859.4,80.2,121.6,7.5,328.7,6,8,0
2026-09-29-urgup,A-distance,A,distance,none,0.5,average,1.0,,0.3,full,1.0,,opt-aad24bc2-1,Optimize Rota 1,forward,8379.2,8388.9,142.6,142.7,2275.5,3475.6,3375.3,421.3,521.7,24.0,1534.4,26,19,0
2026-09-29-urgup,A-distance,A,distance,none,0.5,average,1.0,,0.3,full,1.0,,opt-aad24bc2-1,Optimize Rota 1,reverse,8379.2,8388.8,143.0,142.8,2275.5,3448.6,3335.3,408.3,521.6,26.0,1534.4,26,21,0
2026-09-29-urgup,A-distance,A,distance,none,0.5,average,1.0,,0.3,full,1.0,,opt-aad24bc2-2,Optimize Rota 2,forward,8718.6,8733.7,176.4,174.8,2404.6,3973.5,3990.6,520.9,503.9,78.6,1357.4,23,11,0
2026-09-29-urgup,A-distance,A,distance,none,0.5,average,1.0,,0.3,full,1.0,,opt-aad24bc2-2,Optimize Rota 2,reverse,8718.6,8733.6,176.1,171.7,2404.6,4006.0,4022.0,519.9,503.9,69.6,1357.4,23,15,0
2026-09-29-urgup,A-distance,A,distance,none,0.5,average,1.0,,0.3,full,1.0,,opt-aad24bc2-3,Optimize Rota 3,forward,10547.6,10568.3,225.1,213.5,2954.3,5136.6,5157.3,635.6,614.9,193.9,1239.4,21,35,0
2026-09-29-urgup,A-distance,A,distance,none,0.5,average,1.0,,0.3,full,1.0,,opt-aad24bc2-3,Optimize Rota 3,reverse,10547.6,10567.7,216.0,219.8,2954.3,4867.0,4909.6,657.5,614.9,122.1,1239.4,21,35,0
2026-09-29-urgup,A-distance,A,distance,none,0.5,average,1.0,,0.3,full,1.0,,opt-aad24bc2-4,Optimize Rota 4,forward,9995.9,10010.4,198.3,195.5,3072.8,4779.1,4827.1,516.4,468.4,192.2,1239.4,21,17,0
2026-09-29-urgup,A-distance,A,distance,none,0.5,average,1.0,,0.3,full,1.0,,opt-aad24bc2-4,Optimize Rota 4,reverse,9995.9,10010.4,194.4,198.5,3072.8,4573.5,4600.7,495.5,468.4,161.2,1239.4,21,14,0
2026-09-29-urgup,A-distance,A,distance,none,0.5,average,1.0,,0.3,full,1.0,,opt-aad24bc2-5,Optimize Rota 5,forward,12446.3,12463.4,228.4,228.1,3538.6,5451.5,5388.0,663.1,726.6,51.2,1180.3,20,31,0
2026-09-29-urgup,A-distance,A,distance,none,0.5,average,1.0,,0.3,full,1.0,,opt-aad24bc2-5,Optimize Rota 5,reverse,12446.3,12463.4,232.9,225.2,3538.6,5594.8,5533.4,665.2,726.6,65.4,1180.3,20,25,0
2026-09-29-urgup,A-distance,A,distance,none,0.5,average,1.0,,0.3,full,1.0,,opt-aad24bc2-6,Optimize Rota 6,forward,25638.0,25711.6,737.4,730.5,7218.2,14660.4,15455.1,2118.4,1323.6,1245.5,826.2,14,75,0
2026-09-29-urgup,A-distance,A,distance,none,0.5,average,1.0,,0.3,full,1.0,,opt-aad24bc2-6,Optimize Rota 6,reverse,25638.0,25712.2,732.8,740.2,7218.2,14158.5,15060.7,2225.8,1323.7,743.7,826.2,14,69,0
2026-09-29-urgup,A-distance,A,distance,none,0.5,average,1.0,,0.3,full,1.0,,opt-aad24bc2-7,Optimize Rota 7,forward,3602.8,3613.7,102.2,98.3,1007.0,2007.3,2114.2,305.8,198.9,72.2,354.1,6,15,0
2026-09-29-urgup,A-distance,A,distance,none,0.5,average,1.0,,0.3,full,1.0,,opt-aad24bc2-7,Optimize Rota 7,reverse,3602.8,3613.6,101.2,98.5,1007.0,2030.3,2153.5,322.1,198.9,70.6,354.1,6,17,0
2026-09-29-urgup,A-distance,A,distance,none,0.5,average,1.0,,0.3,full,1.0,,opt-aad24bc2-8,Optimize Rota 8,forward,2509.5,2511.6,35.5,33.9,721.7,987.8,944.8,78.6,121.6,17.3,354.1,6,8,0
2026-09-29-urgup,A-distance,A,distance,none,0.5,average,1.0,,0.3,full,1.0,,opt-aad24bc2-8,Optimize Rota 8,reverse,2509.5,2511.7,35.0,35.9,721.7,972.0,939.8,89.3,121.6,13.3,354.1,6,8,0
2026-09-29-urgup,A-planar-full,A,energy,planar,0.5,full,1.0,,0.3,full,1.0,,opt-c4669735-1,Optimize Rota 1,forward,8384.1,8393.9,142.5,144.3,2273.9,3482.9,3391.6,435.4,526.7,20.1,1534.4,26,17,0
2026-09-29-urgup,A-planar-full,A,energy,planar,0.5,full,1.0,,0.3,full,1.0,,opt-c4669735-1,Optimize Rota 1,reverse,8384.1,8393.7,143.2,142.6,2273.9,3445.5,3324.5,405.7,526.7,26.0,1534.4,26,20,0
2026-09-29-urgup,A-planar-full,A,energy,planar,0.5,full,1.0,,0.3,full,1.0,,opt-c4669735-2,Optimize Rota 2,forward,8718.6,8733.7,176.4,174.8,2404.6,3973.5,3990.6,520.9,503.9,78.6,1357.4,23,11,0
2026-09-29-urgup,A-planar-full,A,energy,planar,0.5,full,1.0,,0.3,full,1.0,,opt-c4669735-2,Optimize Rota 2,reverse,8718.6,8733.6,176.1,171.7,2404.6,4006.0,4022.0,519.9,503.9,69.6,1357.4,23,15,0
2026-09-29-urgup,A-planar-full,A,energy,planar,0.5,full,1.0,,0.3,full,1.0,,opt-c4669735-3,Optimize Rota 3,forward,10547.6,10568.3,225.1,213.5,2954.3,5136.6,5157.3,635.6,614.9,193.9,1239.4,21,35,0
2026-09-29-urgup,A-planar-full,A,energy,planar,0.5,full,1.0,,0.3,full,1.0,,opt-c4669735-3,Optimize Rota 3,reverse,10547.6,10567.7,216.0,219.8,2954.3,4867.0,4909.6,657.5,614.9,122.1,1239.4,21,35,0
2026-09-29-urgup,A-planar-full,A,energy,planar,0.5,full,1.0,,0.3,full,1.0,,opt-c4669735-4,Optimize Rota 4,forward,10000.7,10015.4,198.3,197.0,3071.2,4786.4,4843.5,530.5,473.4,188.3,1239.4,21,15,0
2026-09-29-urgup,A-planar-full,A,energy,planar,0.5,full,1.0,,0.3,full,1.0,,opt-c4669735-4,Optimize Rota 4,reverse,10000.7,10015.3,194.6,198.3,3071.2,4570.4,4589.8,492.9,473.4,161.2,1239.4,21,13,0
2026-09-29-urgup,A-planar-full,A,energy,planar,0.5,full,1.0,,0.3,full,1.0,,opt-c4669735-5,Optimize Rota 5,forward,12451.1,12468.4,228.3,229.7,3537.0,5458.8,5404.4,677.2,731.6,47.2,1180.3,20,29,0
2026-09-29-urgup,A-planar-full,A,energy,planar,0.5,full,1.0,,0.3,full,1.0,,opt-c4669735-5,Optimize Rota 5,reverse,12451.1,12468.3,233.0,225.0,3537.0,5591.6,5522.6,662.6,731.6,65.4,1180.3,20,24,0
2026-09-29-urgup,A-planar-full,A,energy,planar,0.5,full,1.0,,0.3,full,1.0,,opt-c4669735-6,Optimize Rota 6,forward,25642.8,25716.6,737.3,732.0,7216.6,14667.6,15471.4,2132.5,1328.7,1241.5,826.2,14,73,0
2026-09-29-urgup,A-planar-full,A,energy,planar,0.5,full,1.0,,0.3,full,1.0,,opt-c4669735-6,Optimize Rota 6,reverse,25642.8,25717.1,733.0,740.0,7216.6,14155.4,15049.9,2223.2,1328.7,743.7,826.2,14,68,0
2026-09-29-urgup,A-planar-full,A,energy,planar,0.5,full,1.0,,0.3,full,1.0,,opt-c4669735-7,Optimize Rota 7,forward,3602.8,3613.7,102.2,98.3,1007.0,2007.3,2114.2,305.8,198.9,72.2,354.1,6,15,0
2026-09-29-urgup,A-planar-full,A,energy,planar,0.5,full,1.0,,0.3,full,1.0,,opt-c4669735-7,Optimize Rota 7,reverse,3602.8,3613.6,101.2,98.5,1007.0,2030.3,2153.5,322.1,198.9,70.6,354.1,6,17,0
2026-09-29-urgup,A-planar-full,A,energy,planar,0.5,full,1.0,,0.3,full,1.0,,opt-c4669735-8,Optimize Rota 8,forward,2557.7,2561.1,46.1,45.2,719.2,1132.9,1129.1,132.8,136.5,24.0,354.1,6,9,0
2026-09-29-urgup,A-planar-full,A,energy,planar,0.5,full,1.0,,0.3,full,1.0,,opt-c4669735-8,Optimize Rota 8,reverse,2557.7,2561.2,46.1,45.8,719.2,1096.4,1082.9,123.1,136.5,25.5,354.1,6,8,0
2026-09-29-urgup,A-dem-eta0.3-full,A,energy,dem,0.3,full,1.0,,0.3,full,1.0,,opt-9127d2f5-1,Optimize Rota 1,forward,8872.9,8881.1,126.1,128.7,2416.9,3372.0,3175.8,346.6,542.7,26.3,1534.4,26,14,0
2026-09-29-urgup,A-dem-eta0.3-full,A,energy,dem,0.3,full,1.0,,0.3,full,1.0,,opt-9127d2f5-1,Optimize Rota 1,reverse,8872.9,8880.6,128.0,126.1,2416.9,3454.8,3262.4,350.4,542.7,26.6,1534.4,26,13,0
2026-09-29-urgup,A-dem-eta0.3-full,A,energy,dem,0.3,full,1.0,,0.3,full,1.0,,opt-9127d2f5-2,Optimize Rota 2,forward,8804.3,8819.4,172.0,169.8,2415.0,3958.6,3941.3,504.2,521.4,88.2,1357.4,23,12,0
2026-09-29-urgup,A-dem-eta0.3-full,A,energy,dem,0.3,full,1.0,,0.3,full,1.0,,opt-9127d2f5-2,Optimize Rota 2,reverse,8804.3,8819.3,171.8,167.6,2415.0,3991.5,3981.7,511.6,521.4,71.2,1357.4,23,14,0
2026-09-29-urgup,A-dem-eta0.3-full,A,energy,dem,0.3,full,1.0,,0.3,full,1.0,,opt-9127d2f5-3,Optimize Rota 3,forward,10654.4,10674.1,220.9,215.0,2988.9,5055.4,5070.0,631.1,616.5,184.4,1239.4,21,35,0
2026-09-29-urgup,A-dem-eta0.3-full,A,energy,dem,0.3,full,1.0,,0.3,full,1.0,,opt-9127d2f5-3,Optimize Rota 3,reverse,10654.4,10674.2,220.2,216.2,2988.9,4988.5,5014.4,642.4,616.5,123.0,1239.4,21,35,0
2026-09-29-urgup,A-dem-eta0.3-full,A,energy,dem,0.3,full,1.0,,0.3,full,1.0,,opt-9127d2f5-4,Optimize Rota 4,forward,10055.0,10069.5,196.4,194.9,3084.8,4750.7,4785.2,510.4,475.9,191.1,1239.4,21,16,0
2026-09-29-urgup,A-dem-eta0.3-full,A,energy,dem,0.3,full,1.0,,0.3,full,1.0,,opt-9127d2f5-4,Optimize Rota 4,reverse,10055.0,10069.4,192.8,196.6,3084.8,4578.3,4593.3,490.9,475.9,161.2,1239.4,21,13,0
2026-09-29-urgup,A-dem-eta0.3-full,A,energy,dem,0.3,full,1.0,,0.3,full,1.0,,opt-9127d2f5-5,Optimize Rota 5,forward,12906.1,12922.4,213.6,219.2,3671.1,5345.9,5210.6,610.0,745.3,56.5,1180.3,20,33,0
2026-09-29-urgup,A-dem-eta0.3-full,A,energy,dem,0.3,full,1.0,,0.3,full,1.0,,opt-9127d2f5-5,Optimize Rota 5,reverse,12906.1,12922.3,223.4,216.6,3671.1,5650.9,5537.6,632.0,745.3,92.3,1180.3,20,24,0
2026-09-29-urgup,A-dem-eta0.3-full,A,energy,dem,0.3,full,1.0,,0.3,full,1.0,,opt-9127d2f5-6,Optimize Rota 6,forward,26139.8,26214.4,720.2,737.8,7365.8,14055.1,14903.8,2192.5,1343.8,750.8,826.2,14,72,0
2026-09-29-urgup,A-dem-eta0.3-full,A,energy,dem,0.3,full,1.0,,0.3,full,1.0,,opt-9127d2f5-6,Optimize Rota 6,reverse,26139.8,26213.9,735.6,721.4,7365.8,14882.1,15603.9,2065.6,1343.8,1336.0,826.2,14,75,0
2026-09-29-urgup,A-dem-eta0.3-full,A,energy,dem,0.3,full,1.0,,0.3,full,1.0,,opt-9127d2f5-7,Optimize Rota 7,forward,4038.6,4048.6,89.8,99.4,1132.4,1882.0,1962.4,302.0,221.7,55.9,354.1,6,16,0
2026-09-29-urgup,A-dem-eta0.3-full,A,energy,dem,0.3,full,1.0,,0.3,full,1.0,,opt-9127d2f5-7,Optimize Rota 7,reverse,4038.6,4049.1,100.5,90.8,1132.4,2207.4,2253.6,267.9,221.7,149.1,354.1,6,14,0
2026-09-29-urgup,A-dem-eta0.3-full,A,energy,dem,0.3,full,1.0,,0.3,full,1.0,,opt-9127d2f5-8,Optimize Rota 8,forward,2509.5,2511.6,35.5,33.9,721.7,987.8,944.8,78.6,121.6,17.3,354.1,6,8,0
2026-09-29-urgup,A-dem-eta0.3-full,A,energy,dem,0.3,full,1.0,,0.3,full,1.0,,opt-9127d2f5-8,Optimize Rota 8,reverse,2509.5,2511.7,35.0,35.9,721.7,972.0,939.8,89.3,121.6,13.3,354.1,6,8,0
2026-09-29-urgup,A-distance,A,distance,none,0.5,average,1.0,,0.5,empty,1.0,,opt-aad24bc2-1,Optimize Rota 1,forward,8379.2,8388.9,142.6,142.7,2003.1,2716.0,2752.2,557.9,521.7,3.6,1103.6,26,19,0
2026-09-29-urgup,A-distance,A,distance,none,0.5,average,1.0,,0.5,empty,1.0,,opt-aad24bc2-1,Optimize Rota 1,reverse,8379.2,8388.8,143.0,142.8,2003.1,2699.6,2717.7,539.7,521.6,4.6,1103.6,26,21,0
2026-09-29-urgup,A-distance,A,distance,none,0.5,average,1.0,,0.5,empty,1.0,,opt-aad24bc2-2,Optimize Rota 2,forward,8718.6,8733.7,176.4,174.8,2121.1,3059.5,3255.9,700.3,503.9,21.9,976.2,23,11,0
2026-09-29-urgup,A-distance,A,distance,none,0.5,average,1.0,,0.5,empty,1.0,,opt-aad24bc2-2,Optimize Rota 2,reverse,8718.6,8733.6,176.1,171.7,2121.1,3087.1,3283.5,700.4,503.9,14.0,976.2,23,15,0
2026-09-29-urgup,A-distance,A,distance,none,0.5,average,1.0,,0.5,empty,1.0,,opt-aad24bc2-3,Optimize Rota 3,forward,10547.6,10568.3,225.1,213.5,2611.3,3941.6,4214.7,888.1,614.9,41.9,891.4,21,35,0
2026-09-29-urgup,A-distance,A,distance,none,0.5,average,1.0,,0.5,empty,1.0,,opt-aad24bc2-3,Optimize Rota 3,reverse,10547.6,10567.7,216.0,219.8,2611.3,3736.7,4009.0,887.2,614.9,37.9,891.4,21,35,0
2026-09-29-urgup,A-distance,A,distance,none,0.5,average,1.0,,0.5,empty,1.0,,opt-aad24bc2-4,Optimize Rota 4,forward,9995.9,10010.4,198.3,195.5,2747.8,3776.0,4005.3,697.7,468.4,89.0,891.4,21,17,0
2026-09-29-urgup,A-distance,A,distance,none,0.5,average,1.0,,0.5,empty,1.0,,opt-aad24bc2-4,Optimize Rota 4,reverse,9995.9,10010.4,194.4,198.5,2747.8,3596.4,3784.2,656.2,468.4,56.4,891.4,21,14,0
2026-09-29-urgup,A-distance,A,distance,none,0.5,average,1.0,,0.5,empty,1.0,,opt-aad24bc2-5,Optimize Rota 5,forward,12446.3,12463.4,228.4,228.1,3133.9,4266.5,4418.5,878.6,726.6,8.0,848.9,20,31,0
2026-09-29-urgup,A-distance,A,distance,none,0.5,average,1.0,,0.5,empty,1.0,,opt-aad24bc2-5,Optimize Rota 5,reverse,12446.3,12463.4,232.9,225.2,3133.9,4382.9,4542.9,886.6,726.6,16.3,848.9,20,25,0
2026-09-29-urgup,A-distance,A,distance,none,0.5,average,1.0,,0.5,empty,1.0,,opt-aad24bc2-6,Optimize Rota 6,forward,25638.0,25711.6,737.4,730.5,6384.6,10910.8,12572.0,2984.8,1323.6,553.3,594.2,14,75,0
2026-09-29-urgup,A-distance,A,distance,none,0.5,average,1.0,,0.5,empty,1.0,,opt-aad24bc2-6,Optimize Rota 6,reverse,25638.0,25712.2,732.8,740.2,6384.6,10497.8,12249.6,3075.5,1323.7,251.0,594.2,14,69,0
2026-09-29-urgup,A-distance,A,distance,none,0.5,average,1.0,,0.5,empty,1.0,,opt-aad24bc2-7,Optimize Rota 7,forward,3602.8,3613.7,102.2,98.3,889.9,1495.9,1719.2,422.3,198.9,13.8,254.7,6,15,0
2026-09-29-urgup,A-distance,A,distance,none,0.5,average,1.0,,0.5,empty,1.0,,opt-aad24bc2-7,Optimize Rota 7,reverse,3602.8,3613.6,101.2,98.5,889.9,1507.4,1753.1,444.7,198.9,13.4,254.7,6,17,0
2026-09-29-urgup,A-distance,A,distance,none,0.5,average,1.0,,0.5,empty,1.0,,opt-aad24bc2-8,Optimize Rota 8,forward,2509.5,2511.6,35.5,33.9,640.2,799.9,783.4,105.1,121.6,3.8,254.7,6,8,0
2026-09-29-urgup,A-distance,A,distance,none,0.5,average,1.0,,0.5,empty,1.0,,opt-aad24bc2-8,Optimize Rota 8,reverse,2509.5,2511.7,35.0,35.9,640.2,783.6,778.9,116.9,121.6,5.0,254.7,6,8,0
2026-09-29-urgup,A-planar-empty,A,energy,planar,0.5,empty,1.0,,0.5,empty,1.0,,opt-29143a13-1,Optimize Rota 1,forward,8384.1,8393.9,142.5,144.3,2001.3,2715.7,2765.9,576.9,526.7,1.9,1103.6,26,17,0
2026-09-29-urgup,A-planar-empty,A,energy,planar,0.5,empty,1.0,,0.5,empty,1.0,,opt-29143a13-1,Optimize Rota 1,reverse,8384.1,8393.7,143.2,142.6,2001.3,2697.8,2707.2,536.0,526.7,4.6,1103.6,26,20,0
2026-09-29-urgup,A-planar-empty,A,energy,planar,0.5,empty,1.0,,0.5,empty,1.0,,opt-29143a13-2,Optimize Rota 2,forward,8774.7,8791.2,188.7,187.1,2119.8,3148.5,3404.7,776.5,520.3,16.2,976.2,23,11,0
2026-09-29-urgup,A-planar-empty,A,energy,planar,0.5,empty,1.0,,0.5,empty,1.0,,opt-29143a13-2,Optimize Rota 2,reverse,8774.7,8791.4,188.4,183.9,2119.8,3171.6,3417.5,766.2,520.3,14.3,976.2,23,17,0
2026-09-29-urgup,A-planar-empty,A,energy,planar,0.5,empty,1.0,,0.5,empty,1.0,,opt-29143a13-3,Optimize Rota 3,forward,10806.5,10829.8,238.8,230.1,2601.7,4000.7,4306.7,971.2,665.2,41.4,891.4,21,37,0
2026-09-29-urgup,A-planar-empty,A,energy,planar,0.5,empty,1.0,,0.5,empty,1.0,,opt-29143a13-3,Optimize Rota 3,reverse,10806.5,10829.1,232.0,231.8,2601.7,3902.7,4230.6,993.1,665.2,28.8,891.4,21,36,0
2026-09-29-urgup,A-planar-empty,A,energy,planar,0.5,empty,1.0,,0.5,empty,1.0,,opt-29143a13-4,Optimize Rota 4,forward,10000.7,10015.4,198.3,197.0,2746.0,3775.7,4018.9,716.7,473.4,87.3,891.4,21,15,0
2026-09-29-urgup,A-planar-empty,A,energy,planar,0.5,empty,1.0,,0.5,empty,1.0,,opt-29143a13-4,Optimize Rota 4,reverse,10000.7,10015.3,194.6,198.3,2746.0,3594.5,3773.6,652.6,473.4,56.4,891.4,21,13,0
2026-09-29-urgup,A-planar-empty,A,energy,planar,0.5,empty,1.0,,0.5,empty,1.0,,opt-29143a13-5,Optimize Rota 5,forward,12451.1,12468.4,228.3,229.7,3132.2,4266.2,4432.1,897.6,731.6,6.3,848.9,20,29,0
2026-09-29-urgup,A-planar-empty,A,energy,planar,0.5,empty,1.0,,0.5,empty,1.0,,opt-29143a13-5,Optimize Rota 5,reverse,12451.1,12468.3,233.0,225.0,3132.2,4381.1,4532.4,882.9,731.6,16.3,848.9,20,24,0
2026-09-29-urgup,A-planar-empty,A,energy,planar,0.5,empty,1.0,,0.5,empty,1.0,,opt-29143a13-6,Optimize Rota 6,forward,25662.9,25736.7,737.9,733.9,6382.7,10907.6,12586.1,3014.8,1336.4,551.4,594.2,14,72,0
2026-09-29-urgup,A-planar-empty,A,energy,planar,0.5,empty,1.0,,0.5,empty,1.0,,opt-29143a13-6,Optimize Rota 6,reverse,25662.9,25737.4,733.5,740.5,6382.7,10497.8,12234.8,3073.4,1336.4,251.0,594.2,14,68,0
2026-09-29-urgup,A-planar-empty,A,energy,planar,0.5,empty,1.0,,0.5,empty,1.0,,opt-29143a13-7,Optimize Rota 7,forward,3609.8,3620.7,103.6,98.4,889.7,1516.2,1741.0,426.6,201.8,13.6,254.7,6,15,0
2026-09-29-urgup,A-planar-empty,A,energy,planar,0.5,empty,1.0,,0.5,empty,1.0,,opt-29143a13-7,Optimize Rota 7,reverse,3609.8,3620.9,102.6,99.9,889.7,1511.8,1758.3,448.3,201.8,13.4,254.7,6,17,0
2026-09-29-urgup,A-planar-empty,A,energy,planar,0.5,empty,1.0,,0.5,empty,1.0,,opt-29143a13-8,Optimize Rota 8,forward,2564.7,2568.4,47.5,46.6,635.8,887.8,933.1,184.7,139.4,3.3,254.7,6,9,0
2026-09-29-urgup,A-planar-empty,A,energy,planar,0.5,empty,1.0,,0.5,empty,1.0,,opt-29143a13-8,Optimize Rota 8,reverse,2564.7,2568.2,47.4,46.0,635.8,879.1,909.3,169.6,139.4,7.0,254.7,6,8,0
2026-09-29-urgup,A-dem-eta0.5-empty,A,energy,dem,0.5,empty,1.0,,0.5,empty,1.0,,opt-aed5ba54-1,Optimize Rota 1,forward,8519.7,8528.6,136.0,138.1,2040.2,2674.5,2663.7,515.7,526.4,4.1,1103.6,26,16,0
2026-09-29-urgup,A-dem-eta0.5-empty,A,energy,dem,0.5,empty,1.0,,0.5,empty,1.0,,opt-aed5ba54-1,Optimize Rota 1,reverse,8519.7,8528.9,137.7,137.3,2040.2,2711.6,2704.8,519.7,526.5,3.5,1103.6,26,16,0
2026-09-29-urgup,A-dem-eta0.5-empty,A,energy,dem,0.5,empty,1.0,,0.5,empty,1.0,,opt-aed5ba54-2,Optimize Rota 2,forward,8804.3,8819.4,172.0,169.8,2128.8,3055.0,3214.4,680.8,521.4,25.8,976.2,23,12,0
2026-09-29-urgup,A-dem-eta0.5-empty,A,energy,dem,0.5,empty,1.0,,0.5,empty,1.0,,opt-aed5ba54-2,Optimize Rota 2,reverse,8804.3,8819.3,171.8,167.6,2128.8,3080.9,3251.2,691.7,521.4,14.0,976.2,23,14,0
2026-09-29-urgup,A-dem-eta0.5-empty,A,energy,dem,0.5,empty,1.0,,0.5,empty,1.0,,opt-aed5ba54-3,Optimize Rota 3,forward,10674.5,10694.3,221.4,216.9,2642.4,3885.1,4144.8,884.0,624.2,49.2,891.4,21,34,0
2026-09-29-urgup,A-dem-eta0.5-empty,A,energy,dem,0.5,empty,1.0,,0.5,empty,1.0,,opt-aed5ba54-3,Optimize Rota 3,reverse,10674.5,10694.5,220.8,216.7,2642.4,3847.3,4091.9,868.8,624.2,38.6,891.4,21,35,0
2026-09-29-urgup,A-dem-eta0.5-empty,A,energy,dem,0.5,empty,1.0,,0.5,empty,1.0,,opt-aed5ba54-4,Optimize Rota 4,forward,10055.0,10069.5,196.4,194.9,2757.9,3757.2,3970.7,689.3,475.9,88.8,891.4,21,16,0
2026-09-29-urgup,A-dem-eta0.5-empty,A,energy,dem,0.5,empty,1.0,,0.5,empty,1.0,,opt-aed5ba54-4,Optimize Rota 4,reverse,10055.0,10069.4,192.8,196.6,2757.9,3603.4,3777.8,650.2,475.9,56.4,891.4,21,13,0
2026-09-29-urgup,A-dem-eta0.5-empty,A,energy,dem,0.5,empty,1.0,,0.5,empty,1.0,,opt-aed5ba54-5,Optimize Rota 5,forward,12906.1,12922.4,213.6,219.2,3251.5,4220.1,4281.7,806.9,745.3,11.7,848.9,20,33,0
2026-09-29-urgup,A-dem-eta0.5-empty,A,energy,dem,0.5,empty,1.0,,0.5,empty,1.0,,opt-aed5ba54-5,Optimize Rota 5,reverse,12906.1,12922.3,223.4,216.6,3251.5,4449.9,4557.1,852.5,745.3,20.0,848.9,20,24,0
2026-09-29-urgup,A-dem-eta0.5-empty,A,energy,dem,0.5,empty,1.0,,0.5,empty,1.0,,opt-aed5ba54-6,Optimize Rota 6,forward,26139.8,26214.4,720.2,737.8,6515.8,10443.4,12130.3,3030.7,1343.8,254.6,594.2,14,72,0
2026-09-29-urgup,A-dem-eta0.5-empty,A,energy,dem,0.5,empty,1.0,,0.5,empty,1.0,,opt-aed5ba54-6,Optimize Rota 6,reverse,26139.8,26213.9,735.6,721.4,6515.8,11103.7,12704.4,2944.4,1343.8,569.3,594.2,14,75,0
2026-09-29-urgup,A-dem-eta0.5-empty,A,energy,dem,0.5,empty,1.0,,0.5,empty,1.0,,opt-aed5ba54-7,Optimize Rota 7,forward,4191.5,4201.8,88.8,106.5,1035.8,1399.7,1622.0,455.1,232.9,11.9,254.7,6,22,0
2026-09-29-urgup,A-dem-eta0.5-empty,A,energy,dem,0.5,empty,1.0,,0.5,empty,1.0,,opt-aed5ba54-7,Optimize Rota 7,reverse,4191.5,4202.0,108.2,85.9,1035.8,1829.4,1935.9,339.4,232.9,62.2,254.7,6,20,0
2026-09-29-urgup,A-dem-eta0.5-empty,A,energy,dem,0.5,empty,1.0,,0.5,empty,1.0,,opt-aed5ba54-8,Optimize Rota 8,forward,2509.5,2511.6,35.5,33.9,640.2,799.9,783.4,105.1,121.6,3.8,254.7,6,8,0
2026-09-29-urgup,A-dem-eta0.5-empty,A,energy,dem,0.5,empty,1.0,,0.5,empty,1.0,,opt-aed5ba54-8,Optimize Rota 8,reverse,2509.5,2511.7,35.0,35.9,640.2,783.6,778.9,116.9,121.6,5.0,254.7,6,8,0
2026-09-29-urgup,A-distance,A,distance,none,0.5,average,1.0,,0.5,average,1.0,,opt-aad24bc2-1,Optimize Rota 1,forward,8379.2,8388.9,142.6,142.7,2139.3,2954.2,3063.6,631.1,521.7,11.5,1187.4,26,19,0
2026-09-29-urgup,A-distance,A,distance,none,0.5,average,1.0,,0.5,average,1.0,,opt-aad24bc2-1,Optimize Rota 1,reverse,8379.2,8388.8,143.0,142.8,2139.3,2937.1,3026.1,610.7,521.6,13.8,1187.4,26,21,0
2026-09-29-urgup,A-distance,A,distance,none,0.5,average,1.0,,0.5,average,1.0,,opt-aad24bc2-2,Optimize Rota 2,forward,8718.6,8733.7,176.4,174.8,2262.9,3341.3,3623.1,785.8,503.9,47.2,1050.4,23,11,0
2026-09-29-urgup,A-distance,A,distance,none,0.5,average,1.0,,0.5,average,1.0,,opt-aad24bc2-2,Optimize Rota 2,reverse,8718.6,8733.6,176.1,171.7,2262.9,3370.8,3652.7,785.8,503.9,37.0,1050.4,23,15,0
2026-09-29-urgup,A-distance,A,distance,none,0.5,average,1.0,,0.5,average,1.0,,opt-aad24bc2-3,Optimize Rota 3,forward,10547.6,10568.3,225.1,213.5,2782.8,4323.7,4686.0,977.2,614.9,111.0,959.0,21,35,0
2026-09-29-urgup,A-distance,A,distance,none,0.5,average,1.0,,0.5,average,1.0,,opt-aad24bc2-3,Optimize Rota 3,reverse,10547.6,10567.7,216.0,219.8,2782.8,4078.7,4459.3,995.5,614.9,72.1,959.0,21,35,0
2026-09-29-urgup,A-distance,A,distance,none,0.5,average,1.0,,0.5,average,1.0,,opt-aad24bc2-4,Optimize Rota 4,forward,9995.9,10010.4,198.3,195.5,2910.3,4103.4,4416.0,781.0,468.4,136.8,959.0,21,17,0
2026-09-29-urgup,A-distance,A,distance,none,0.5,average,1.0,,0.5,average,1.0,,opt-aad24bc2-4,Optimize Rota 4,reverse,9995.9,10010.4,194.4,198.5,2910.3,3915.1,4191.9,745.2,468.4,100.0,959.0,21,14,0
2026-09-29-urgup,A-distance,A,distance,none,0.5,average,1.0,,0.5,average,1.0,,opt-aad24bc2-5,Optimize Rota 5,forward,12446.3,12463.4,228.4,228.1,3336.3,4637.1,4903.1,992.6,726.6,28.0,913.4,20,31,0
2026-09-29-urgup,A-distance,A,distance,none,0.5,average,1.0,,0.5,average,1.0,,opt-aad24bc2-5,Optimize Rota 5,reverse,12446.3,12463.4,232.9,225.2,3336.3,4765.3,5037.4,998.8,726.6,38.0,913.4,20,25,0
2026-09-29-urgup,A-distance,A,distance,none,0.5,average,1.0,,0.5,average,1.0,,opt-aad24bc2-6,Optimize Rota 6,forward,25638.0,25711.6,737.4,730.5,6801.4,12065.3,14013.3,3271.6,1323.6,871.4,639.3,14,75,0
2026-09-29-urgup,A-distance,A,distance,none,0.5,average,1.0,,0.5,average,1.0,,opt-aad24bc2-6,Optimize Rota 6,reverse,25638.0,25712.2,732.8,740.2,6801.4,11574.6,13654.8,3403.9,1323.7,474.5,639.3,14,69,0
2026-09-29-urgup,A-distance,A,distance,none,0.5,average,1.0,,0.5,average,1.0,,opt-aad24bc2-7,Optimize Rota 7,forward,3602.8,3613.7,102.2,98.3,948.5,1647.5,1916.6,468.1,198.9,38.7,274.0,6,15,0
2026-09-29-urgup,A-distance,A,distance,none,0.5,average,1.0,,0.5,average,1.0,,opt-aad24bc2-7,Optimize Rota 7,reverse,3602.8,3613.6,101.2,98.5,948.5,1660.2,1953.3,492.0,198.9,39.5,274.0,6,17,0
2026-09-29-urgup,A-distance,A,distance,none,0.5,average,1.0,,0.5,average,1.0,,opt-aad24bc2-8,Optimize Rota 8,forward,2509.5,2511.6,35.5,33.9,681.0,867.5,864.0,118.1,121.6,10.4,274.0,6,8,0
2026-09-29-urgup,A-distance,A,distance,none,0.5,average,1.0,,0.5,average,1.0,,opt-aad24bc2-8,Optimize Rota 8,reverse,2509.5,2511.7,35.0,35.9,681.0,847.2,859.4,133.7,121.6,7.5,274.0,6,8,0
2026-09-29-urgup,A-planar-average,A,energy,planar,0.5,average,1.0,,0.5,average,1.0,,opt-86af7188-1,Optimize Rota 1,forward,8384.1,8393.9,142.5,144.3,2137.6,2953.0,3078.7,652.4,526.7,8.7,1187.4,26,17,0
2026-09-29-urgup,A-planar-average,A,energy,planar,0.5,average,1.0,,0.5,average,1.0,,opt-86af7188-1,Optimize Rota 1,reverse,8384.1,8393.7,143.2,142.6,2137.6,2935.4,3015.5,606.7,526.7,13.8,1187.4,26,20,0
2026-09-29-urgup,A-planar-average,A,energy,planar,0.5,average,1.0,,0.5,average,1.0,,opt-86af7188-2,Optimize Rota 2,forward,8774.7,8791.2,188.7,187.1,2262.5,3441.6,3792.4,871.1,520.3,40.5,1050.4,23,11,0
2026-09-29-urgup,A-planar-average,A,energy,planar,0.5,average,1.0,,0.5,average,1.0,,opt-86af7188-2,Optimize Rota 2,reverse,8774.7,8791.4,188.4,183.9,2262.5,3469.0,3807.2,858.4,520.3,40.8,1050.4,23,17,0
2026-09-29-urgup,A-planar-average,A,energy,planar,0.5,average,1.0,,0.5,average,1.0,,opt-86af7188-3,Optimize Rota 3,forward,10547.6,10568.3,225.1,213.5,2782.8,4323.7,4686.0,977.2,614.9,111.0,959.0,21,35,0
2026-09-29-urgup,A-planar-average,A,energy,planar,0.5,average,1.0,,0.5,average,1.0,,opt-86af7188-3,Optimize Rota 3,reverse,10547.6,10567.7,216.0,219.8,2782.8,4078.7,4459.3,995.5,614.9,72.1,959.0,21,35,0
2026-09-29-urgup,A-planar-average,A,energy,planar,0.5,average,1.0,,0.5,average,1.0,,opt-86af7188-4,Optimize Rota 4,forward,10000.7,10015.4,198.3,197.0,2908.6,4102.2,4431.0,802.3,473.4,133.9,959.0,21,15,0
2026-09-29-urgup,A-planar-average,A,energy,planar,0.5,average,1.0,,0.5,average,1.0,,opt-86af7188-4,Optimize Rota 4,reverse,10000.7,10015.3,194.6,198.3,2908.6,3913.5,4181.3,741.2,473.4,100.0,959.0,21,13,0
2026-09-29-urgup,A-planar-average,A,energy,planar,0.5,average,1.0,,0.5,average,1.0,,opt-86af7188-5,Optimize Rota 5,forward,12451.1,12468.4,228.3,229.7,3334.6,4635.9,4918.1,1013.9,731.6,25.2,913.4,20,29,0
2026-09-29-urgup,A-planar-average,A,energy,planar,0.5,average,1.0,,0.5,average,1.0,,opt-86af7188-5,Optimize Rota 5,reverse,12451.1,12468.3,233.0,225.0,3334.6,4763.6,5026.8,994.7,731.6,38.0,913.4,20,24,0
2026-09-29-urgup,A-planar-average,A,energy,planar,0.5,average,1.0,,0.5,average,1.0,,opt-86af7188-6,Optimize Rota 6,forward,25642.8,25716.6,737.3,732.0,6799.7,12064.1,14028.3,3292.9,1328.7,868.6,639.3,14,73,0
2026-09-29-urgup,A-planar-average,A,energy,planar,0.5,average,1.0,,0.5,average,1.0,,opt-86af7188-6,Optimize Rota 6,reverse,25642.8,25717.1,733.0,740.0,6799.7,11573.0,13644.2,3399.9,1328.7,474.5,639.3,14,68,0
2026-09-29-urgup,A-planar-average,A,energy,planar,0.5,average,1.0,,0.5,average,1.0,,opt-86af7188-7,Optimize Rota 7,forward,3609.8,3620.7,103.6,98.4,948.4,1669.4,1941.4,473.8,201.8,36.4,274.0,6,15,0
2026-09-29-urgup,A-planar-average,A,energy,planar,0.5,average,1.0,,0.5,average,1.0,,opt-86af7188-7,Optimize Rota 7,reverse,3609.8,3620.9,102.6,99.9,948.4,1665.4,1959.8,496.2,201.8,39.5,274.0,6,17,0
2026-09-29-urgup,A-planar-average,A,energy,planar,0.5,average,1.0,,0.5,average,1.0,,opt-86af7188-8,Optimize Rota 8,forward,2564.7,2568.4,47.5,46.6,677.5,969.0,1035.0,205.4,139.4,13.5,274.0,6,9,0
2026-09-29-urgup,A-planar-average,A,energy,planar,0.5,average,1.0,,0.5,average,1.0,,opt-86af7188-8,Optimize Rota 8,reverse,2564.7,2568.2,47.4,46.0,677.5,956.8,1010.0,192.6,139.4,10.8,274.0,6,8,0
2026-09-29-urgup,A-dem-eta0.5-average,A,energy,dem,0.5,average,1.0,,0.5,average,1.0,,opt-dc9f220b-1,Optimize Rota 1,forward,8519.7,8528.6,136.0,138.1,2178.7,2906.0,2962.7,583.2,526.4,13.4,1187.4,26,16,0
2026-09-29-urgup,A-dem-eta0.5-average,A,energy,dem,0.5,average,1.0,,0.5,average,1.0,,opt-dc9f220b-1,Optimize Rota 1,reverse,8519.7,8528.9,137.7,137.3,2178.7,2946.9,3010.1,589.6,526.5,9.7,1187.4,26,16,0
2026-09-29-urgup,A-dem-eta0.5-average,A,energy,dem,0.5,average,1.0,,0.5,average,1.0,,opt-dc9f220b-2,Optimize Rota 2,forward,8804.3,8819.4,172.0,169.8,2271.9,3336.6,3577.8,762.6,521.4,52.8,1050.4,23,12,0
2026-09-29-urgup,A-dem-eta0.5-average,A,energy,dem,0.5,average,1.0,,0.5,average,1.0,,opt-dc9f220b-2,Optimize Rota 2,reverse,8804.3,8819.3,171.8,167.6,2271.9,3363.1,3616.4,774.7,521.4,37.5,1050.4,23,14,0
2026-09-29-urgup,A-dem-eta0.5-average,A,energy,dem,0.5,average,1.0,,0.5,average,1.0,,opt-dc9f220b-3,Optimize Rota 3,forward,10674.5,10694.3,221.4,216.9,2815.9,4255.4,4608.1,976.9,624.2,111.8,959.0,21,34,0
2026-09-29-urgup,A-dem-eta0.5-average,A,energy,dem,0.5,average,1.0,,0.5,average,1.0,,opt-dc9f220b-3,Optimize Rota 3,reverse,10674.5,10694.5,220.8,216.7,2815.9,4201.8,4551.8,974.2,624.2,73.9,959.0,21,35,0
2026-09-29-urgup,A-dem-eta0.5-average,A,energy,dem,0.5,average,1.0,,0.5,average,1.0,,opt-dc9f220b-4,Optimize Rota 4,forward,10055.0,10069.5,196.4,194.9,2921.4,4081.8,4377.6,771.8,475.9,136.1,959.0,21,16,0
2026-09-29-urgup,A-dem-eta0.5-average,A,energy,dem,0.5,average,1.0,,0.5,average,1.0,,opt-dc9f220b-4,Optimize Rota 4,reverse,10055.0,10069.4,192.8,196.6,2921.4,3922.6,4185.1,738.4,475.9,100.0,959.0,21,13,0
2026-09-29-urgup,A-dem-eta0.5-average,A,energy,dem,0.5,average,1.0,,0.5,average,1.0,,opt-dc9f220b-5,Optimize Rota 5,forward,12906.1,12922.4,213.6,219.2,3461.3,4578.3,4746.0,913.0,745.3,31.5,913.4,20,33,0
2026-09-29-urgup,A-dem-eta0.5-average,A,energy,dem,0.5,average,1.0,,0.5,average,1.0,,opt-dc9f220b-5,Optimize Rota 5,reverse,12906.1,12922.3,223.4,216.6,3461.3,4837.5,5046.6,954.4,745.3,52.4,913.4,20,24,0
2026-09-29-urgup,A-dem-eta0.5-average,A,energy,dem,0.5,average,1.0,,0.5,average,1.0,,opt-dc9f220b-6,Optimize Rota 6,forward,26139.8,26214.4,720.2,737.8,6940.8,11506.1,13516.8,3354.5,1343.8,478.4,639.3,14,72,0
2026-09-29-urgup,A-dem-eta0.5-average,A,energy,dem,0.5,average,1.0,,0.5,average,1.0,,opt-dc9f220b-6,Optimize Rota 6,reverse,26139.8,26213.9,735.6,721.4,6940.8,12289.8,14153.7,3207.8,1343.8,923.8,639.3,14,75,0
2026-09-29-urgup,A-dem-eta0.5-average,A,energy,dem,0.5,average,1.0,,0.5,average,1.0,,opt-dc9f220b-7,Optimize Rota 7,forward,4191.5,4201.8,88.8,106.5,1104.0,1531.7,1803.2,504.4,232.9,38.3,274.0,6,22,0
2026-09-29-urgup,A-dem-eta0.5-average,A,energy,dem,0.5,average,1.0,,0.5,average,1.0,,opt-dc9f220b-7,Optimize Rota 7,reverse,4191.5,4202.0,108.2,85.9,1104.0,2018.4,2155.7,370.1,232.9,102.3,274.0,6,20,0
2026-09-29-urgup,A-dem-eta0.5-average,A,energy,dem,0.5,average,1.0,,0.5,average,1.0,,opt-dc9f220b-8,Optimize Rota 8,forward,2509.5,2511.6,35.5,33.9,681.0,867.5,864.0,118.1,121.6,10.4,274.0,6,8,0
2026-09-29-urgup,A-dem-eta0.5-average,A,energy,dem,0.5,average,1.0,,0.5,average,1.0,,opt-dc9f220b-8,Optimize Rota 8,reverse,2509.5,2511.7,35.0,35.9,681.0,847.2,859.4,133.7,121.6,7.5,274.0,6,8,0
2026-09-29-urgup,A-distance,A,distance,none,0.5,average,1.0,,0.5,full,1.0,,opt-aad24bc2-1,Optimize Rota 1,forward,8379.2,8388.9,142.6,142.7,2275.5,3194.8,3375.3,702.2,521.7,24.0,1271.1,26,19,0
2026-09-29-urgup,A-distance,A,distance,none,0.5,average,1.0,,0.5,full,1.0,,opt-aad24bc2-1,Optimize Rota 1,reverse,8379.2,8388.8,143.0,142.8,2275.5,3176.4,3335.3,680.5,521.6,26.0,1271.1,26,21,0
2026-09-29-urgup,A-distance,A,distance,none,0.5,average,1.0,,0.5,full,1.0,,opt-aad24bc2-2,Optimize Rota 2,forward,8718.6,8733.7,176.4,174.8,2404.6,3626.3,3990.6,868.2,503.9,78.6,1124.5,23,11,0
2026-09-29-urgup,A-distance,A,distance,none,0.5,average,1.0,,0.5,full,1.0,,opt-aad24bc2-2,Optimize Rota 2,reverse,8718.6,8733.6,176.1,171.7,2404.6,3659.4,4022.0,866.5,503.9,69.6,1124.5,23,15,0
2026-09-29-urgup,A-distance,A,distance,none,0.5,average,1.0,,0.5,full,1.0,,opt-aad24bc2-3,Optimize Rota 3,forward,10547.6,10568.3,225.1,213.5,2954.3,4712.8,5157.3,1059.4,614.9,193.9,1026.7,21,35,0
2026-09-29-urgup,A-distance,A,distance,none,0.5,average,1.0,,0.5,full,1.0,,opt-aad24bc2-3,Optimize Rota 3,reverse,10547.6,10567.7,216.0,219.8,2954.3,4428.6,4909.6,1095.9,614.9,122.1,1026.7,21,35,0
2026-09-29-urgup,A-distance,A,distance,none,0.5,average,1.0,,0.5,full,1.0,,opt-aad24bc2-4,Optimize Rota 4,forward,9995.9,10010.4,198.3,195.5,3072.8,4434.8,4827.1,860.7,468.4,192.2,1026.7,21,17,0
2026-09-29-urgup,A-distance,A,distance,none,0.5,average,1.0,,0.5,full,1.0,,opt-aad24bc2-4,Optimize Rota 4,reverse,9995.9,10010.4,194.4,198.5,3072.8,4243.2,4600.7,825.9,468.4,161.2,1026.7,21,14,0
2026-09-29-urgup,A-distance,A,distance,none,0.5,average,1.0,,0.5,full,1.0,,opt-aad24bc2-5,Optimize Rota 5,forward,12446.3,12463.4,228.4,228.1,3538.6,5009.4,5388.0,1105.2,726.6,51.2,977.8,20,31,0
2026-09-29-urgup,A-distance,A,distance,none,0.5,average,1.0,,0.5,full,1.0,,opt-aad24bc2-5,Optimize Rota 5,reverse,12446.3,12463.4,232.9,225.2,3538.6,5151.3,5533.4,1108.7,726.6,65.4,977.8,20,25,0
2026-09-29-urgup,A-distance,A,distance,none,0.5,average,1.0,,0.5,full,1.0,,opt-aad24bc2-6,Optimize Rota 6,forward,25638.0,25711.6,737.4,730.5,7218.2,13248.1,15455.1,3530.6,1323.6,1245.5,684.5,14,75,0
2026-09-29-urgup,A-distance,A,distance,none,0.5,average,1.0,,0.5,full,1.0,,opt-aad24bc2-6,Optimize Rota 6,reverse,25638.0,25712.2,732.8,740.2,7218.2,12674.6,15060.7,3709.7,1323.7,743.7,684.5,14,69,0
2026-09-29-urgup,A-distance,A,distance,none,0.5,average,1.0,,0.5,full,1.0,,opt-aad24bc2-7,Optimize Rota 7,forward,3602.8,3613.7,102.2,98.3,1007.0,1803.4,2114.2,509.7,198.9,72.2,293.3,6,15,0
2026-09-29-urgup,A-distance,A,distance,none,0.5,average,1.0,,0.5,full,1.0,,opt-aad24bc2-7,Optimize Rota 7,reverse,3602.8,3613.6,101.2,98.5,1007.0,1815.6,2153.5,536.8,198.9,70.6,293.3,6,17,0
2026-09-29-urgup,A-distance,A,distance,none,0.5,average,1.0,,0.5,full,1.0,,opt-aad24bc2-8,Optimize Rota 8,forward,2509.5,2511.6,35.5,33.9,721.7,935.3,944.8,131.0,121.6,17.3,293.3,6,8,0
2026-09-29-urgup,A-distance,A,distance,none,0.5,average,1.0,,0.5,full,1.0,,opt-aad24bc2-8,Optimize Rota 8,reverse,2509.5,2511.7,35.0,35.9,721.7,912.5,939.8,148.9,121.6,13.3,293.3,6,8,0
2026-09-29-urgup,A-planar-full,A,energy,planar,0.5,full,1.0,,0.5,full,1.0,,opt-c4669735-1,Optimize Rota 1,forward,8384.1,8393.9,142.5,144.3,2273.9,3192.6,3391.6,725.7,526.7,20.1,1271.1,26,17,0
2026-09-29-urgup,A-planar-full,A,energy,planar,0.5,full,1.0,,0.5,full,1.0,,opt-c4669735-1,Optimize Rota 1,reverse,8384.1,8393.7,143.2,142.6,2273.9,3175.0,3324.5,676.2,526.7,26.0,1271.1,26,20,0
2026-09-29-urgup,A-planar-full,A,energy,planar,0.5,full,1.0,,0.5,full,1.0,,opt-c4669735-2,Optimize Rota 2,forward,8718.6,8733.7,176.4,174.8,2404.6,3626.3,3990.6,868.2,503.9,78.6,1124.5,23,11,0
2026-09-29-urgup,A-planar-full,A,energy,planar,0.5,full,1.0,,0.5,full,1.0,,opt-c4669735-2,Optimize Rota 2,reverse,8718.6,8733.6,176.1,171.7,2404.6,3659.4,4022.0,866.5,503.9,69.6,1124.5,23,15,0
2026-09-29-urgup,A-planar-full,A,energy,planar,0.5,full,1.0,,0.5,full,1.0,,opt-c4669735-3,Optimize Rota 3,forward,10547.6,10568.3,225.1,213.5,2954.3,4712.8,5157.3,1059.4,614.9,193.9,1026.7,21,35,0
2026-09-29-urgup,A-planar-full,A,energy,planar,0.5,full,1.0,,0.5,full,1.0,,opt-c4669735-3,Optimize Rota 3,reverse,10547.6,10567.7,216.0,219.8,2954.3,4428.6,4909.6,1095.9,614.9,122.1,1026.7,21,35,0
2026-09-29-urgup,A-planar-full,A,energy,planar,0.5,full,1.0,,0.5,full,1.0,,opt-c4669735-4,Optimize Rota 4,forward,10000.7,10015.4,198.3,197.0,3071.2,4432.7,4843.5,884.2,473.4,188.3,1026.7,21,15,0
2026-09-29-urgup,A-planar-full,A,energy,planar,0.5,full,1.0,,0.5,full,1.0,,opt-c4669735-4,Optimize Rota 4,reverse,10000.7,10015.3,194.6,198.3,3071.2,4241.8,4589.8,821.5,473.4,161.2,1026.7,21,13,0
2026-09-29-urgup,A-planar-full,A,energy,planar,0.5,full,1.0,,0.5,full,1.0,,opt-c4669735-5,Optimize Rota 5,forward,12451.1,12468.4,228.3,229.7,3537.0,5007.3,5404.4,1128.7,731.6,47.2,977.8,20,29,0
2026-09-29-urgup,A-planar-full,A,energy,planar,0.5,full,1.0,,0.5,full,1.0,,opt-c4669735-5,Optimize Rota 5,reverse,12451.1,12468.3,233.0,225.0,3537.0,5149.8,5522.6,1104.4,731.6,65.4,977.8,20,24,0
2026-09-29-urgup,A-planar-full,A,energy,planar,0.5,full,1.0,,0.5,full,1.0,,opt-c4669735-6,Optimize Rota 6,forward,25642.8,25716.6,737.3,732.0,7216.6,13246.0,15471.4,3554.1,1328.7,1241.5,684.5,14,73,0
2026-09-29-urgup,A-planar-full,A,energy,planar,0.5,full,1.0,,0.5,full,1.0,,opt-c4669735-6,Optimize Rota 6,reverse,25642.8,25717.1,733.0,740.0,7216.6,12673.2,15049.9,3705.4,1328.7,743.7,684.5,14,68,0
2026-09-29-urgup,A-planar-full,A,energy,planar,0.5,full,1.0,,0.5,full,1.0,,opt-c4669735-7,Optimize Rota 7,forward,3602.8,3613.7,102.2,98.3,1007.0,1803.4,2114.2,509.7,198.9,72.2,293.3,6,15,0
2026-09-29-urgup,A-planar-full,A,energy,planar,0.5,full,1.0,,0.5,full,1.0,,opt-c4669735-7,Optimize Rota 7,reverse,3602.8,3613.6,101.2,98.5,1007.0,1815.6,2153.5,536.8,198.9,70.6,293.3,6,17,0
2026-09-29-urgup,A-planar-full,A,energy,planar,0.5,full,1.0,,0.5,full,1.0,,opt-c4669735-8,Optimize Rota 8,forward,2557.7,2561.1,46.1,45.2,719.2,1044.4,1129.1,221.3,136.5,24.0,293.3,6,9,0
2026-09-29-urgup,A-planar-full,A,energy,planar,0.5,full,1.0,,0.5,full,1.0,,opt-c4669735-8,Optimize Rota 8,reverse,2557.7,2561.2,46.1,45.8,719.2,1014.3,1082.9,205.1,136.5,25.5,293.3,6,8,0
2026-09-29-urgup,A-dem-eta0.5-full,A,energy,dem,0.5,full,1.0,,0.5,full,1.0,,opt-9b08ff87-1,Optimize Rota 1,forward,8519.7,8528.6,136.0,138.1,2317.2,3139.8,3262.0,648.6,526.4,27.0,1271.1,26,16,0
2026-09-29-urgup,A-dem-eta0.5-full,A,energy,dem,0.5,full,1.0,,0.5,full,1.0,,opt-9b08ff87-1,Optimize Rota 1,reverse,8519.7,8528.9,137.7,137.3,2317.2,3184.8,3316.0,657.6,526.5,20.5,1271.1,26,16,0
2026-09-29-urgup,A-dem-eta0.5-full,A,energy,dem,0.5,full,1.0,,0.5,full,1.0,,opt-9b08ff87-2,Optimize Rota 2,forward,8804.3,8819.4,172.0,169.8,2415.0,3622.4,3941.3,840.3,521.4,88.2,1124.5,23,12,0
2026-09-29-urgup,A-dem-eta0.5-full,A,energy,dem,0.5,full,1.0,,0.5,full,1.0,,opt-9b08ff87-2,Optimize Rota 2,reverse,8804.3,8819.3,171.8,167.6,2415.0,3650.5,3981.7,852.6,521.4,71.2,1124.5,23,14,0
2026-09-29-urgup,A-dem-eta0.5-full,A,energy,dem,0.5,full,1.0,,0.5,full,1.0,,opt-9b08ff87-3,Optimize Rota 3,forward,10674.5,10694.3,221.4,216.9,2989.4,4630.6,5071.5,1065.0,624.2,184.0,1026.7,21,34,0
2026-09-29-urgup,A-dem-eta0.5-full,A,energy,dem,0.5,full,1.0,,0.5,full,1.0,,opt-9b08ff87-3,Optimize Rota 3,reverse,10674.5,10694.5,220.8,216.7,2989.4,4563.5,5011.8,1072.6,624.2,123.4,1026.7,21,35,0
2026-09-29-urgup,A-dem-eta0.5-full,A,energy,dem,0.5,full,1.0,,0.5,full,1.0,,opt-9b08ff87-4,Optimize Rota 4,forward,10055.0,10069.5,196.4,194.9,3084.8,4410.4,4785.2,850.6,475.9,191.1,1026.7,21,16,0
2026-09-29-urgup,A-dem-eta0.5-full,A,energy,dem,0.5,full,1.0,,0.5,full,1.0,,opt-9b08ff87-4,Optimize Rota 4,reverse,10055.0,10069.4,192.8,196.6,3084.8,4251.0,4593.3,818.1,475.9,161.2,1026.7,21,13,0
2026-09-29-urgup,A-dem-eta0.5-full,A,energy,dem,0.5,full,1.0,,0.5,full,1.0,,opt-9b08ff87-5,Optimize Rota 5,forward,12906.1,12922.4,213.6,219.2,3671.1,4939.2,5210.6,1016.6,745.3,56.5,977.8,20,33,0
2026-09-29-urgup,A-dem-eta0.5-full,A,energy,dem,0.5,full,1.0,,0.5,full,1.0,,opt-9b08ff87-5,Optimize Rota 5,reverse,12906.1,12922.3,223.4,216.6,3671.1,5229.6,5537.6,1053.3,745.3,92.3,977.8,20,24,0
2026-09-29-urgup,A-dem-eta0.5-full,A,energy,dem,0.5,full,1.0,,0.5,full,1.0,,opt-9b08ff87-6,Optimize Rota 6,forward,26139.8,26214.4,720.2,737.8,7365.8,12593.5,14903.8,3654.1,1343.8,750.8,684.5,14,72,0
2026-09-29-urgup,A-dem-eta0.5-full,A,energy,dem,0.5,full,1.0,,0.5,full,1.0,,opt-9b08ff87-6,Optimize Rota 6,reverse,26139.8,26213.9,735.6,721.4,7365.8,13505.0,15603.9,3442.6,1343.8,1336.0,684.5,14,75,0
2026-09-29-urgup,A-dem-eta0.5-full,A,energy,dem,0.5,full,1.0,,0.5,full,1.0,,opt-9b08ff87-7,Optimize Rota 7,forward,4191.5,4201.8,88.8,106.5,1172.1,1666.4,1984.5,551.0,232.9,69.9,293.3,6,22,0
2026-09-29-urgup,A-dem-eta0.5-full,A,energy,dem,0.5,full,1.0,,0.5,full,1.0,,opt-9b08ff87-7,Optimize Rota 7,reverse,4191.5,4202.0,108.2,85.9,1172.1,2211.8,2375.5,396.5,232.9,151.1,293.3,6,20,0
2026-09-29-urgup,A-dem-eta0.5-full,A,energy,dem,0.5,full,1.0,,0.5,full,1.0,,opt-9b08ff87-8,Optimize Rota 8,forward,2509.5,2511.6,35.5,33.9,721.7,935.3,944.8,131.0,121.6,17.3,293.3,6,8,0
2026-09-29-urgup,A-dem-eta0.5-full,A,energy,dem,0.5,full,1.0,,0.5,full,1.0,,opt-9b08ff87-8,Optimize Rota 8,reverse,2509.5,2511.7,35.0,35.9,721.7,912.5,939.8,148.9,121.6,13.3,293.3,6,8,0
2026-09-29-urgup,A-distance,A,distance,none,0.5,average,1.0,,0.7,empty,1.0,,opt-aad24bc2-1,Optimize Rota 1,forward,8379.2,8388.9,142.6,142.7,2003.1,2492.8,2752.2,781.0,521.7,3.6,892.9,26,19,0
2026-09-29-urgup,A-distance,A,distance,none,0.5,average,1.0,,0.7,empty,1.0,,opt-aad24bc2-1,Optimize Rota 1,reverse,8379.2,8388.8,143.0,142.8,2003.1,2483.7,2717.7,755.6,521.6,4.6,892.9,26,21,0
2026-09-29-urgup,A-distance,A,distance,none,0.5,average,1.0,,0.7,empty,1.0,,opt-aad24bc2-2,Optimize Rota 2,forward,8718.6,8733.7,176.4,174.8,2121.1,2779.4,3255.9,980.4,503.9,21.9,789.9,23,11,0
2026-09-29-urgup,A-distance,A,distance,none,0.5,average,1.0,,0.7,empty,1.0,,opt-aad24bc2-2,Optimize Rota 2,reverse,8718.6,8733.6,176.1,171.7,2121.1,2806.9,3283.5,980.5,503.9,14.0,789.9,23,15,0
2026-09-29-urgup,A-distance,A,distance,none,0.5,average,1.0,,0.7,empty,1.0,,opt-aad24bc2-3,Optimize Rota 3,forward,10547.6,10568.3,225.1,213.5,2611.3,3586.3,4214.7,1243.3,614.9,41.9,721.2,21,35,0
2026-09-29-urgup,A-distance,A,distance,none,0.5,average,1.0,,0.7,empty,1.0,,opt-aad24bc2-3,Optimize Rota 3,reverse,10547.6,10567.7,216.0,219.8,2611.3,3381.8,4009.0,1242.1,614.9,37.9,721.2,21,35,0
2026-09-29-urgup,A-distance,A,distance,none,0.5,average,1.0,,0.7,empty,1.0,,opt-aad24bc2-4,Optimize Rota 4,forward,9995.9,10010.4,198.3,195.5,2747.8,3496.9,4005.3,976.8,468.4,89.0,721.2,21,17,0
2026-09-29-urgup,A-distance,A,distance,none,0.5,average,1.0,,0.7,empty,1.0,,opt-aad24bc2-4,Optimize Rota 4,reverse,9995.9,10010.4,194.4,198.5,2747.8,3333.9,3784.2,918.7,468.4,56.4,721.2,21,14,0
2026-09-29-urgup,A-distance,A,distance,none,0.5,average,1.0,,0.7,empty,1.0,,opt-aad24bc2-5,Optimize Rota 5,forward,12446.3,12463.4,228.4,228.1,3133.9,3915.0,4418.5,1230.0,726.6,8.0,686.9,20,31,0
2026-09-29-urgup,A-distance,A,distance,none,0.5,average,1.0,,0.7,empty,1.0,,opt-aad24bc2-5,Optimize Rota 5,reverse,12446.3,12463.4,232.9,225.2,3133.9,4028.3,4542.9,1241.2,726.6,16.3,686.9,20,25,0
2026-09-29-urgup,A-distance,A,distance,none,0.5,average,1.0,,0.7,empty,1.0,,opt-aad24bc2-6,Optimize Rota 6,forward,25638.0,25711.6,737.4,730.5,6384.6,9716.9,12572.0,4178.7,1323.6,553.3,480.8,14,75,0
2026-09-29-urgup,A-distance,A,distance,none,0.5,average,1.0,,0.7,empty,1.0,,opt-aad24bc2-6,Optimize Rota 6,reverse,25638.0,25712.2,732.8,740.2,6384.6,9267.6,12249.6,4305.7,1323.7,251.0,480.8,14,69,0
2026-09-29-urgup,A-distance,A,distance,none,0.5,average,1.0,,0.7,empty,1.0,,opt-aad24bc2-7,Optimize Rota 7,forward,3602.8,3613.7,102.2,98.3,889.9,1327.0,1719.2,591.2,198.9,13.8,206.1,6,15,0
2026-09-29-urgup,A-distance,A,distance,none,0.5,average,1.0,,0.7,empty,1.0,,opt-aad24bc2-7,Optimize Rota 7,reverse,3602.8,3613.6,101.2,98.5,889.9,1329.5,1753.1,622.5,198.9,13.4,206.1,6,17,0
2026-09-29-urgup,A-distance,A,distance,none,0.5,average,1.0,,0.7,empty,1.0,,opt-aad24bc2-8,Optimize Rota 8,forward,2509.5,2511.6,35.5,33.9,640.2,757.9,783.4,147.1,121.6,3.8,206.1,6,8,0
2026-09-29-urgup,A-distance,A,distance,none,0.5,average,1.0,,0.7,empty,1.0,,opt-aad24bc2-8,Optimize Rota 8,reverse,2509.5,2511.7,35.0,35.9,640.2,736.8,778.9,163.6,121.6,5.0,206.1,6,8,0
2026-09-29-urgup,A-planar-empty,A,energy,planar,0.5,empty,1.0,,0.7,empty,1.0,,opt-29143a13-1,Optimize Rota 1,forward,8384.1,8393.9,142.5,144.3,2001.3,2485.0,2765.9,807.6,526.7,1.9,892.9,26,17,0
2026-09-29-urgup,A-planar-empty,A,energy,planar,0.5,empty,1.0,,0.7,empty,1.0,,opt-29143a13-1,Optimize Rota 1,reverse,8384.1,8393.7,143.2,142.6,2001.3,2483.4,2707.2,750.4,526.7,4.6,892.9,26,20,0
2026-09-29-urgup,A-planar-empty,A,energy,planar,0.5,empty,1.0,,0.7,empty,1.0,,opt-29143a13-2,Optimize Rota 2,forward,8774.7,8791.2,188.7,187.1,2119.8,2837.9,3404.7,1087.1,520.3,16.2,789.9,23,11,0
2026-09-29-urgup,A-planar-empty,A,energy,planar,0.5,empty,1.0,,0.7,empty,1.0,,opt-29143a13-2,Optimize Rota 2,reverse,8774.7,8791.4,188.4,183.9,2119.8,2865.1,3417.5,1072.7,520.3,14.3,789.9,23,17,0
2026-09-29-urgup,A-planar-empty,A,energy,planar,0.5,empty,1.0,,0.7,empty,1.0,,opt-29143a13-3,Optimize Rota 3,forward,10806.5,10829.8,238.8,230.1,2601.7,3612.3,4306.7,1359.7,665.2,41.4,721.2,21,37,0
2026-09-29-urgup,A-planar-empty,A,energy,planar,0.5,empty,1.0,,0.7,empty,1.0,,opt-29143a13-3,Optimize Rota 3,reverse,10806.5,10829.1,232.0,231.8,2601.7,3505.5,4230.6,1390.3,665.2,28.8,721.2,21,36,0
2026-09-29-urgup,A-planar-empty,A,energy,planar,0.5,empty,1.0,,0.7,empty,1.0,,opt-29143a13-4,Optimize Rota 4,forward,10000.7,10015.4,198.3,197.0,2746.0,3489.0,4018.9,1003.4,473.4,87.3,721.2,21,15,0
2026-09-29-urgup,A-planar-empty,A,energy,planar,0.5,empty,1.0,,0.7,empty,1.0,,opt-29143a13-4,Optimize Rota 4,reverse,10000.7,10015.3,194.6,198.3,2746.0,3333.5,3773.6,913.6,473.4,56.4,721.2,21,13,0
2026-09-29-urgup,A-planar-empty,A,energy,planar,0.5,empty,1.0,,0.7,empty,1.0,,opt-29143a13-5,Optimize Rota 5,forward,12451.1,12468.4,228.3,229.7,3132.2,3907.2,4432.1,1256.6,731.6,6.3,686.9,20,29,0
2026-09-29-urgup,A-planar-empty,A,energy,planar,0.5,empty,1.0,,0.7,empty,1.0,,opt-29143a13-5,Optimize Rota 5,reverse,12451.1,12468.3,233.0,225.0,3132.2,4027.9,4532.4,1236.1,731.6,16.3,686.9,20,24,0
2026-09-29-urgup,A-planar-empty,A,energy,planar,0.5,empty,1.0,,0.7,empty,1.0,,opt-29143a13-6,Optimize Rota 6,forward,25662.9,25736.7,737.9,733.9,6382.7,9701.7,12586.1,4220.8,1336.4,551.4,480.8,14,72,0
2026-09-29-urgup,A-planar-empty,A,energy,planar,0.5,empty,1.0,,0.7,empty,1.0,,opt-29143a13-6,Optimize Rota 6,reverse,25662.9,25737.4,733.5,740.5,6382.7,9268.5,12234.8,4302.7,1336.4,251.0,480.8,14,68,0
2026-09-29-urgup,A-planar-empty,A,energy,planar,0.5,empty,1.0,,0.7,empty,1.0,,opt-29143a13-7,Optimize Rota 7,forward,3609.8,3620.7,103.6,98.4,889.7,1345.6,1741.0,597.2,201.8,13.6,206.1,6,15,0
2026-09-29-urgup,A-planar-empty,A,energy,planar,0.5,empty,1.0,,0.7,empty,1.0,,opt-29143a13-7,Optimize Rota 7,reverse,3609.8,3620.9,102.6,99.9,889.7,1332.5,1758.3,627.6,201.8,13.4,206.1,6,17,0
2026-09-29-urgup,A-planar-empty,A,energy,planar,0.5,empty,1.0,,0.7,empty,1.0,,opt-29143a13-8,Optimize Rota 8,forward,2564.7,2568.4,47.5,46.6,635.8,813.9,933.1,258.6,139.4,3.3,206.1,6,9,0
2026-09-29-urgup,A-planar-empty,A,energy,planar,0.5,empty,1.0,,0.7,empty,1.0,,opt-29143a13-8,Optimize Rota 8,reverse,2564.7,2568.2,47.4,46.0,635.8,811.3,909.3,237.4,139.4,7.0,206.1,6,8,0
2026-09-29-urgup,A-dem-eta0.7-empty,A,energy,dem,0.7,empty,1.0,,0.7,empty,1.0,,opt-66a527ef-1,Optimize Rota 1,forward,8391.0,8400.6,140.4,141.9,2009.8,2475.8,2729.6,772.0,518.2,3.4,892.9,26,18,0
2026-09-29-urgup,A-dem-eta0.7-empty,A,energy,dem,0.7,empty,1.0,,0.7,empty,1.0,,opt-66a527ef-1,Optimize Rota 1,reverse,8391.0,8400.5,141.1,140.5,2009.8,2486.5,2710.1,741.8,518.2,4.6,892.9,26,20,0
2026-09-29-urgup,A-dem-eta0.7-empty,A,energy,dem,0.7,empty,1.0,,0.7,empty,1.0,,opt-66a527ef-2,Optimize Rota 2,forward,8718.6,8733.7,176.4,174.8,2121.1,2779.4,3255.9,980.4,503.9,21.9,789.9,23,11,0
2026-09-29-urgup,A-dem-eta0.7-empty,A,energy,dem,0.7,empty,1.0,,0.7,empty,1.0,,opt-66a527ef-2,Optimize Rota 2,reverse,8718.6,8733.6,176.1,171.7,2121.1,2806.9,3283.5,980.5,503.9,14.0,789.9,23,15,0
2026-09-29-urgup,A-dem-eta0.7-empty,A,energy,dem,0.7,empty,1.0,,0.7,empty,1.0,,opt-66a527ef-3,Optimize Rota 3,forward,10128.8,10143.7,202.6,199.2,2790.0,3514.7,4101.8,1063.0,475.9,14.2,755.6,22,18,0
2026-09-29-urgup,A-dem-eta0.7-empty,A,energy,dem,0.7,empty,1.0,,0.7,empty,1.0,,opt-66a527ef-3,Optimize Rota 3,reverse,10128.8,10144.1,200.6,202.7,2790.0,3418.4,3884.9,942.5,476.0,57.8,755.6,22,13,0
2026-09-29-urgup,A-dem-eta0.7-empty,A,energy,dem,0.7,empty,1.0,,0.7,empty,1.0,,opt-66a527ef-4,Optimize Rota 4,forward,10674.5,10694.3,221.4,216.9,2642.4,3531.5,4144.8,1237.6,624.2,49.2,721.2,21,34,0
2026-09-29-urgup,A-dem-eta0.7-empty,A,energy,dem,0.7,empty,1.0,,0.7,empty,1.0,,opt-66a527ef-4,Optimize Rota 4,reverse,10674.5,10694.5,220.8,216.7,2642.4,3499.8,4091.9,1216.3,624.2,38.6,721.2,21,35,0
2026-09-29-urgup,A-dem-eta0.7-empty,A,energy,dem,0.7,empty,1.0,,0.7,empty,1.0,,opt-66a527ef-5,Optimize Rota 5,forward,12642.7,12659.7,221.6,226.8,3183.1,3882.9,4357.8,1211.5,736.6,8.4,686.9,20,34,0
2026-09-29-urgup,A-dem-eta0.7-empty,A,energy,dem,0.7,empty,1.0,,0.7,empty,1.0,,opt-66a527ef-5,Optimize Rota 5,reverse,12642.7,12659.6,230.7,224.5,3183.1,4060.9,4561.9,1237.6,736.5,20.0,686.9,20,26,0
2026-09-29-urgup,A-dem-eta0.7-empty,A,energy,dem,0.7,empty,1.0,,0.7,empty,1.0,,opt-66a527ef-6,Optimize Rota 6,forward,25985.0,26061.2,733.5,756.1,6449.2,9202.6,12250.9,4412.2,1363.9,252.8,480.8,14,80,0
2026-09-29-urgup,A-dem-eta0.7-empty,A,energy,dem,0.7,empty,1.0,,0.7,empty,1.0,,opt-66a527ef-6,Optimize Rota 6,reverse,25985.0,26061.9,754.7,736.8,6449.2,9978.1,12878.0,4263.8,1363.9,553.6,480.8,14,86,0
2026-09-29-urgup,A-dem-eta0.7-empty,A,energy,dem,0.7,empty,1.0,,0.7,empty,1.0,,opt-66a527ef-7,Optimize Rota 7,forward,2509.5,2511.6,35.5,33.9,640.2,757.9,783.4,147.1,121.6,3.8,206.1,6,8,0
2026-09-29-urgup,A-dem-eta0.7-empty,A,energy,dem,0.7,empty,1.0,,0.7,empty,1.0,,opt-66a527ef-7,Optimize Rota 7,reverse,2509.5,2511.7,35.0,35.9,640.2,736.8,778.9,163.6,121.6,5.0,206.1,6,8,0
2026-09-29-urgup,A-dem-eta0.7-empty,A,energy,dem,0.7,empty,1.0,,0.7,empty,1.0,,opt-66a527ef-8,Optimize Rota 8,forward,2089.9,2092.7,37.0,37.2,521.5,639.3,712.5,182.9,109.8,5.9,171.7,5,7,0
2026-09-29-urgup,A-dem-eta0.7-empty,A,energy,dem,0.7,empty,1.0,,0.7,empty,1.0,,opt-66a527ef-8,Optimize Rota 8,reverse,2089.9,2092.5,37.4,36.7,521.5,664.3,760.2,205.6,109.7,4.4,171.7,5,7,0
2026-09-29-urgup,A-distance,A,distance,none,0.5,average,1.0,,0.7,average,1.0,,opt-aad24bc2-1,Optimize Rota 1,forward,8379.2,8388.9,142.6,142.7,2139.3,2701.7,3063.6,883.6,521.7,11.5,950.4,26,19,0
2026-09-29-urgup,A-distance,A,distance,none,0.5,average,1.0,,0.7,average,1.0,,opt-aad24bc2-1,Optimize Rota 1,reverse,8379.2,8388.8,143.0,142.8,2139.3,2692.8,3026.1,855.0,521.6,13.8,950.4,26,21,0
2026-09-29-urgup,A-distance,A,distance,none,0.5,average,1.0,,0.7,average,1.0,,opt-aad24bc2-2,Optimize Rota 2,forward,8718.6,8733.7,176.4,174.8,2262.9,3027.0,3623.1,1100.1,503.9,47.2,840.7,23,11,0
2026-09-29-urgup,A-distance,A,distance,none,0.5,average,1.0,,0.7,average,1.0,,opt-aad24bc2-2,Optimize Rota 2,reverse,8718.6,8733.6,176.1,171.7,2262.9,3056.5,3652.7,1100.1,503.9,37.0,840.7,23,15,0
2026-09-29-urgup,A-distance,A,distance,none,0.5,average,1.0,,0.7,average,1.0,,opt-aad24bc2-3,Optimize Rota 3,forward,10547.6,10568.3,225.1,213.5,2782.8,3932.8,4686.0,1368.0,614.9,111.0,767.6,21,35,0
2026-09-29-urgup,A-distance,A,distance,none,0.5,average,1.0,,0.7,average,1.0,,opt-aad24bc2-3,Optimize Rota 3,reverse,10547.6,10567.7,216.0,219.8,2782.8,3680.5,4459.3,1393.7,614.9,72.1,767.6,21,35,0
2026-09-29-urgup,A-distance,A,distance,none,0.5,average,1.0,,0.7,average,1.0,,opt-aad24bc2-4,Optimize Rota 4,forward,9995.9,10010.4,198.3,195.5,2910.3,3790.9,4416.0,1093.5,468.4,136.8,767.6,21,17,0
2026-09-29-urgup,A-distance,A,distance,none,0.5,average,1.0,,0.7,average,1.0,,opt-aad24bc2-4,Optimize Rota 4,reverse,9995.9,10010.4,194.4,198.5,2910.3,3617.0,4191.9,1043.3,468.4,100.0,767.6,21,14,0
2026-09-29-urgup,A-distance,A,distance,none,0.5,average,1.0,,0.7,average,1.0,,opt-aad24bc2-5,Optimize Rota 5,forward,12446.3,12463.4,228.4,228.1,3336.3,4240.0,4903.1,1389.7,726.6,28.0,731.1,20,31,0
2026-09-29-urgup,A-distance,A,distance,none,0.5,average,1.0,,0.7,average,1.0,,opt-aad24bc2-5,Optimize Rota 5,reverse,12446.3,12463.4,232.9,225.2,3336.3,4365.7,5037.4,1398.3,726.6,38.0,731.1,20,25,0
2026-09-29-urgup,A-distance,A,distance,none,0.5,average,1.0,,0.7,average,1.0,,opt-aad24bc2-6,Optimize Rota 6,forward,25638.0,25711.6,737.4,730.5,6801.4,10756.7,14013.3,4580.3,1323.6,871.4,511.7,14,75,0
2026-09-29-urgup,A-distance,A,distance,none,0.5,average,1.0,,0.7,average,1.0,,opt-aad24bc2-6,Optimize Rota 6,reverse,25638.0,25712.2,732.8,740.2,6801.4,10213.1,13654.8,4765.4,1323.7,474.5,511.7,14,69,0
2026-09-29-urgup,A-distance,A,distance,none,0.5,average,1.0,,0.7,average,1.0,,opt-aad24bc2-7,Optimize Rota 7,forward,3602.8,3613.7,102.2,98.3,948.5,1460.2,1916.6,655.3,198.9,38.7,219.3,6,15,0
2026-09-29-urgup,A-distance,A,distance,none,0.5,average,1.0,,0.7,average,1.0,,opt-aad24bc2-7,Optimize Rota 7,reverse,3602.8,3613.6,101.2,98.5,948.5,1463.4,1953.3,688.8,198.9,39.5,219.3,6,17,0
2026-09-29-urgup,A-distance,A,distance,none,0.5,average,1.0,,0.7,average,1.0,,opt-aad24bc2-8,Optimize Rota 8,forward,2509.5,2511.6,35.5,33.9,681.0,820.3,864.0,165.3,121.6,10.4,219.3,6,8,0
2026-09-29-urgup,A-distance,A,distance,none,0.5,average,1.0,,0.7,average,1.0,,opt-aad24bc2-8,Optimize Rota 8,reverse,2509.5,2511.7,35.0,35.9,681.0,793.8,859.4,187.2,121.6,7.5,219.3,6,8,0
2026-09-29-urgup,A-planar-average,A,energy,planar,0.5,average,1.0,,0.7,average,1.0,,opt-86af7188-1,Optimize Rota 1,forward,8384.1,8393.9,142.5,144.3,2137.6,2692.0,3078.7,913.3,526.7,8.7,950.4,26,17,0
2026-09-29-urgup,A-planar-average,A,energy,planar,0.5,average,1.0,,0.7,average,1.0,,opt-86af7188-1,Optimize Rota 1,reverse,8384.1,8393.7,143.2,142.6,2137.6,2692.8,3015.5,849.4,526.7,13.8,950.4,26,20,0
2026-09-29-urgup,A-planar-average,A,energy,planar,0.5,average,1.0,,0.7,average,1.0,,opt-86af7188-2,Optimize Rota 2,forward,8774.7,8791.2,188.7,187.1,2262.5,3093.2,3792.4,1219.5,520.3,40.5,840.7,23,11,0
2026-09-29-urgup,A-planar-average,A,energy,planar,0.5,average,1.0,,0.7,average,1.0,,opt-86af7188-2,Optimize Rota 2,reverse,8774.7,8791.4,188.4,183.9,2262.5,3125.7,3807.2,1201.8,520.3,40.8,840.7,23,17,0
2026-09-29-urgup,A-planar-average,A,energy,planar,0.5,average,1.0,,0.7,average,1.0,,opt-86af7188-3,Optimize Rota 3,forward,10547.6,10568.3,225.1,213.5,2782.8,3932.8,4686.0,1368.0,614.9,111.0,767.6,21,35,0
2026-09-29-urgup,A-planar-average,A,energy,planar,0.5,average,1.0,,0.7,average,1.0,,opt-86af7188-3,Optimize Rota 3,reverse,10547.6,10567.7,216.0,219.8,2782.8,3680.5,4459.3,1393.7,614.9,72.1,767.6,21,35,0
2026-09-29-urgup,A-planar-average,A,energy,planar,0.5,average,1.0,,0.7,average,1.0,,opt-86af7188-4,Optimize Rota 4,forward,10000.7,10015.4,198.3,197.0,2908.6,3781.3,4431.0,1123.2,473.4,133.9,767.6,21,15,0
2026-09-29-urgup,A-planar-average,A,energy,planar,0.5,average,1.0,,0.7,average,1.0,,opt-86af7188-4,Optimize Rota 4,reverse,10000.7,10015.3,194.6,198.3,2908.6,3617.0,4181.3,1037.7,473.4,100.0,767.6,21,13,0
2026-09-29-urgup,A-planar-average,A,energy,planar,0.5,average,1.0,,0.7,average,1.0,,opt-86af7188-5,Optimize Rota 5,forward,12451.1,12468.4,228.3,229.7,3334.6,4230.3,4918.1,1419.4,731.6,25.2,731.1,20,29,0
2026-09-29-urgup,A-planar-average,A,energy,planar,0.5,average,1.0,,0.7,average,1.0,,opt-86af7188-5,Optimize Rota 5,reverse,12451.1,12468.3,233.0,225.0,3334.6,4365.7,5026.8,1392.6,731.6,38.0,731.1,20,24,0
2026-09-29-urgup,A-planar-average,A,energy,planar,0.5,average,1.0,,0.7,average,1.0,,opt-86af7188-6,Optimize Rota 6,forward,25642.8,25716.6,737.3,732.0,6799.7,10747.0,14028.3,4610.0,1328.7,868.6,511.7,14,73,0
2026-09-29-urgup,A-planar-average,A,energy,planar,0.5,average,1.0,,0.7,average,1.0,,opt-86af7188-6,Optimize Rota 6,reverse,25642.8,25717.1,733.0,740.0,6799.7,10213.1,13644.2,4759.8,1328.7,474.5,511.7,14,68,0
2026-09-29-urgup,A-planar-average,A,energy,planar,0.5,average,1.0,,0.7,average,1.0,,opt-86af7188-7,Optimize Rota 7,forward,3609.8,3620.7,103.6,98.4,948.4,1479.9,1941.4,663.3,201.8,36.4,219.3,6,15,0
2026-09-29-urgup,A-planar-average,A,energy,planar,0.5,average,1.0,,0.7,average,1.0,,opt-86af7188-7,Optimize Rota 7,reverse,3609.8,3620.9,102.6,99.9,948.4,1467.0,1959.8,694.6,201.8,39.5,219.3,6,17,0
2026-09-29-urgup,A-planar-average,A,energy,planar,0.5,average,1.0,,0.7,average,1.0,,opt-86af7188-8,Optimize Rota 8,forward,2564.7,2568.4,47.5,46.6,677.5,886.8,1035.0,287.6,139.4,13.5,219.3,6,9,0
2026-09-29-urgup,A-planar-average,A,energy,planar,0.5,average,1.0,,0.7,average,1.0,,opt-86af7188-8,Optimize Rota 8,reverse,2564.7,2568.2,47.4,46.0,677.5,879.8,1010.0,269.6,139.4,10.8,219.3,6,8,0
2026-09-29-urgup,A-dem-eta0.7-average,A,energy,dem,0.7,average,1.0,,0.7,average,1.0,,opt-4eb73a72-1,Optimize Rota 1,forward,8499.1,8508.5,137.6,139.8,2173.3,2680.4,2999.1,844.1,525.4,10.8,950.4,26,17,0
2026-09-29-urgup,A-dem-eta0.7-average,A,energy,dem,0.7,average,1.0,,0.7,average,1.0,,opt-4eb73a72-1,Optimize Rota 1,reverse,8499.1,8508.1,139.6,137.6,2173.3,2732.3,3031.7,824.7,525.3,13.8,950.4,26,18,0
2026-09-29-urgup,A-dem-eta0.7-average,A,energy,dem,0.7,average,1.0,,0.7,average,1.0,,opt-4eb73a72-2,Optimize Rota 2,forward,8718.6,8733.7,176.4,174.8,2262.9,3027.0,3623.1,1100.1,503.9,47.2,840.7,23,11,0
2026-09-29-urgup,A-dem-eta0.7-average,A,energy,dem,0.7,average,1.0,,0.7,average,1.0,,opt-4eb73a72-2,Optimize Rota 2,reverse,8718.6,8733.6,176.1,171.7,2262.9,3056.5,3652.7,1100.1,503.9,37.0,840.7,23,15,0
2026-09-29-urgup,A-dem-eta0.7-average,A,energy,dem,0.7,average,1.0,,0.7,average,1.0,,opt-4eb73a72-3,Optimize Rota 3,forward,10146.7,10161.6,203.2,200.5,2958.8,3800.0,4528.4,1205.8,477.4,42.0,804.2,22,19,0
2026-09-29-urgup,A-dem-eta0.7-average,A,energy,dem,0.7,average,1.0,,0.7,average,1.0,,opt-4eb73a72-3,Optimize Rota 3,reverse,10146.7,10162.0,201.8,203.3,2958.8,3727.3,4326.6,1076.7,477.4,102.1,804.2,22,14,0
2026-09-29-urgup,A-dem-eta0.7-average,A,energy,dem,0.7,average,1.0,,0.7,average,1.0,,opt-4eb73a72-4,Optimize Rota 4,forward,10674.5,10694.3,221.4,216.9,2815.9,3864.7,4608.1,1367.6,624.2,111.8,767.6,21,34,0
2026-09-29-urgup,A-dem-eta0.7-average,A,energy,dem,0.7,average,1.0,,0.7,average,1.0,,opt-4eb73a72-4,Optimize Rota 4,reverse,10674.5,10694.5,220.8,216.7,2815.9,3812.1,4551.8,1363.9,624.2,73.9,767.6,21,35,0
2026-09-29-urgup,A-dem-eta0.7-average,A,energy,dem,0.7,average,1.0,,0.7,average,1.0,,opt-4eb73a72-5,Optimize Rota 5,forward,12642.7,12659.7,221.6,226.8,3388.6,4201.6,4833.5,1368.4,736.6,29.3,731.1,20,34,0
2026-09-29-urgup,A-dem-eta0.7-average,A,energy,dem,0.7,average,1.0,,0.7,average,1.0,,opt-4eb73a72-5,Optimize Rota 5,reverse,12642.7,12659.6,230.7,224.5,3388.6,4406.3,5057.0,1387.2,736.5,51.9,731.1,20,26,0
2026-09-29-urgup,A-dem-eta0.7-average,A,energy,dem,0.7,average,1.0,,0.7,average,1.0,,opt-4eb73a72-6,Optimize Rota 6,forward,26050.4,26126.7,733.4,757.1,6888.1,10140.9,13660.3,4887.6,1368.2,479.3,511.7,14,80,0
2026-09-29-urgup,A-dem-eta0.7-average,A,energy,dem,0.7,average,1.0,,0.7,average,1.0,,opt-4eb73a72-6,Optimize Rota 6,reverse,26050.4,26127.2,754.3,735.6,6888.1,11100.0,14366.5,4634.7,1368.3,914.7,511.7,14,89,0
2026-09-29-urgup,A-dem-eta0.7-average,A,energy,dem,0.7,average,1.0,,0.7,average,1.0,,opt-4eb73a72-7,Optimize Rota 7,forward,2509.5,2511.6,35.5,33.9,681.0,820.3,864.0,165.3,121.6,10.4,219.3,6,8,0
2026-09-29-urgup,A-dem-eta0.7-average,A,energy,dem,0.7,average,1.0,,0.7,average,1.0,,opt-4eb73a72-7,Optimize Rota 7,reverse,2509.5,2511.7,35.0,35.9,681.0,793.8,859.4,187.2,121.6,7.5,219.3,6,8,0
2026-09-29-urgup,A-dem-eta0.7-average,A,energy,dem,0.7,average,1.0,,0.7,average,1.0,,opt-4eb73a72-8,Optimize Rota 8,forward,2089.9,2092.7,37.0,37.2,555.5,693.1,790.1,206.7,109.8,10.6,182.8,5,7,0
2026-09-29-urgup,A-dem-eta0.7-average,A,energy,dem,0.7,average,1.0,,0.7,average,1.0,,opt-4eb73a72-8,Optimize Rota 8,reverse,2089.9,2092.5,37.4,36.7,555.5,719.4,842.3,232.7,109.7,7.1,182.8,5,7,0
2026-09-29-urgup,A-distance,A,distance,none,0.5,average,1.0,,0.7,full,1.0,,opt-aad24bc2-1,Optimize Rota 1,forward,8379.2,8388.9,142.6,142.7,2275.5,2913.9,3375.3,983.0,521.7,24.0,1007.8,26,19,0
2026-09-29-urgup,A-distance,A,distance,none,0.5,average,1.0,,0.7,full,1.0,,opt-aad24bc2-1,Optimize Rota 1,reverse,8379.2,8388.8,143.0,142.8,2275.5,2904.2,3335.3,952.7,521.6,26.0,1007.8,26,21,0
2026-09-29-urgup,A-distance,A,distance,none,0.5,average,1.0,,0.7,full,1.0,,opt-aad24bc2-2,Optimize Rota 2,forward,8718.6,8733.7,176.4,174.8,2404.6,3279.0,3990.6,1215.5,503.9,78.6,891.5,23,11,0
2026-09-29-urgup,A-distance,A,distance,none,0.5,average,1.0,,0.7,full,1.0,,opt-aad24bc2-2,Optimize Rota 2,reverse,8718.6,8733.6,176.1,171.7,2404.6,3312.8,4022.0,1213.1,503.9,69.6,891.5,23,15,0
2026-09-29-urgup,A-distance,A,distance,none,0.5,average,1.0,,0.7,full,1.0,,opt-aad24bc2-3,Optimize Rota 3,forward,10547.6,10568.3,225.1,213.5,2954.3,4289.0,5157.3,1483.2,614.9,193.9,814.0,21,35,0
2026-09-29-urgup,A-distance,A,distance,none,0.5,average,1.0,,0.7,full,1.0,,opt-aad24bc2-3,Optimize Rota 3,reverse,10547.6,10567.7,216.0,219.8,2954.3,3990.2,4909.6,1534.3,614.9,122.1,814.0,21,35,0
2026-09-29-urgup,A-distance,A,distance,none,0.5,average,1.0,,0.7,full,1.0,,opt-aad24bc2-4,Optimize Rota 4,forward,9995.9,10010.4,198.3,195.5,3072.8,4090.6,4827.1,1204.9,468.4,192.2,814.0,21,17,0
2026-09-29-urgup,A-distance,A,distance,none,0.5,average,1.0,,0.7,full,1.0,,opt-aad24bc2-4,Optimize Rota 4,reverse,9995.9,10010.4,194.4,198.5,3072.8,3912.8,4600.7,1156.2,468.4,161.2,814.0,21,14,0
2026-09-29-urgup,A-distance,A,distance,none,0.5,average,1.0,,0.7,full,1.0,,opt-aad24bc2-5,Optimize Rota 5,forward,12446.3,12463.4,228.4,228.1,3538.6,4567.3,5388.0,1547.3,726.6,51.2,775.3,20,31,0
2026-09-29-urgup,A-distance,A,distance,none,0.5,average,1.0,,0.7,full,1.0,,opt-aad24bc2-5,Optimize Rota 5,reverse,12446.3,12463.4,232.9,225.2,3538.6,4707.8,5533.4,1552.2,726.6,65.4,775.3,20,25,0
2026-09-29-urgup,A-distance,A,distance,none,0.5,average,1.0,,0.7,full,1.0,,opt-aad24bc2-6,Optimize Rota 6,forward,25638.0,25711.6,737.4,730.5,7218.2,11835.9,15455.1,4942.9,1323.6,1245.5,542.7,14,75,0
2026-09-29-urgup,A-distance,A,distance,none,0.5,average,1.0,,0.7,full,1.0,,opt-aad24bc2-6,Optimize Rota 6,reverse,25638.0,25712.2,732.8,740.2,7218.2,11190.7,15060.7,5193.6,1323.7,743.7,542.7,14,69,0
2026-09-29-urgup,A-distance,A,distance,none,0.5,average,1.0,,0.7,full,1.0,,opt-aad24bc2-7,Optimize Rota 7,forward,3602.8,3613.7,102.2,98.3,1007.0,1599.6,2114.2,713.6,198.9,72.2,232.6,6,15,0
2026-09-29-urgup,A-distance,A,distance,none,0.5,average,1.0,,0.7,full,1.0,,opt-aad24bc2-7,Optimize Rota 7,reverse,3602.8,3613.6,101.2,98.5,1007.0,1600.9,2153.5,751.5,198.9,70.6,232.6,6,17,0
2026-09-29-urgup,A-distance,A,distance,none,0.5,average,1.0,,0.7,full,1.0,,opt-aad24bc2-8,Optimize Rota 8,forward,2509.5,2511.6,35.5,33.9,721.7,882.9,944.8,183.4,121.6,17.3,232.6,6,8,0
2026-09-29-urgup,A-distance,A,distance,none,0.5,average,1.0,,0.7,full,1.0,,opt-aad24bc2-8,Optimize Rota 8,reverse,2509.5,2511.7,35.0,35.9,721.7,852.9,939.8,208.4,121.6,13.3,232.6,6,8,0
2026-09-29-urgup,A-planar-full,A,energy,planar,0.5,full,1.0,,0.7,full,1.0,,opt-c4669735-1,Optimize Rota 1,forward,8384.1,8393.9,142.5,144.3,2273.9,2902.4,3391.6,1015.9,526.7,20.1,1007.8,26,17,0
2026-09-29-urgup,A-planar-full,A,energy,planar,0.5,full,1.0,,0.7,full,1.0,,opt-c4669735-1,Optimize Rota 1,reverse,8384.1,8393.7,143.2,142.6,2273.9,2904.6,3324.5,946.6,526.7,26.0,1007.8,26,20,0
2026-09-29-urgup,A-planar-full,A,energy,planar,0.5,full,1.0,,0.7,full,1.0,,opt-c4669735-2,Optimize Rota 2,forward,8718.6,8733.7,176.4,174.8,2404.6,3279.0,3990.6,1215.5,503.9,78.6,891.5,23,11,0
2026-09-29-urgup,A-planar-full,A,energy,planar,0.5,full,1.0,,0.7,full,1.0,,opt-c4669735-2,Optimize Rota 2,reverse,8718.6,8733.6,176.1,171.7,2404.6,3312.8,4022.0,1213.1,503.9,69.6,891.5,23,15,0
2026-09-29-urgup,A-planar-full,A,energy,planar,0.5,full,1.0,,0.7,full,1.0,,opt-c4669735-3,Optimize Rota 3,forward,10547.6,10568.3,225.1,213.5,2954.3,4289.0,5157.3,1483.2,614.9,193.9,814.0,21,35,0
2026-09-29-urgup,A-planar-full,A,energy,planar,0.5,full,1.0,,0.7,full,1.0,,opt-c4669735-3,Optimize Rota 3,reverse,10547.6,10567.7,216.0,219.8,2954.3,3990.2,4909.6,1534.3,614.9,122.1,814.0,21,35,0
2026-09-29-urgup,A-planar-full,A,energy,planar,0.5,full,1.0,,0.7,full,1.0,,opt-c4669735-4,Optimize Rota 4,forward,10000.7,10015.4,198.3,197.0,3071.2,4079.0,4843.5,1237.9,473.4,188.3,814.0,21,15,0
2026-09-29-urgup,A-planar-full,A,energy,planar,0.5,full,1.0,,0.7,full,1.0,,opt-c4669735-4,Optimize Rota 4,reverse,10000.7,10015.3,194.6,198.3,3071.2,3913.1,4589.8,1150.1,473.4,161.2,814.0,21,13,0
2026-09-29-urgup,A-planar-full,A,energy,planar,0.5,full,1.0,,0.7,full,1.0,,opt-c4669735-5,Optimize Rota 5,forward,12451.1,12468.4,228.3,229.7,3537.0,4555.8,5404.4,1580.2,731.6,47.2,775.3,20,29,0
2026-09-29-urgup,A-planar-full,A,energy,planar,0.5,full,1.0,,0.7,full,1.0,,opt-c4669735-5,Optimize Rota 5,reverse,12451.1,12468.3,233.0,225.0,3537.0,4708.1,5522.6,1546.1,731.6,65.4,775.3,20,24,0
2026-09-29-urgup,A-planar-full,A,energy,planar,0.5,full,1.0,,0.7,full,1.0,,opt-c4669735-6,Optimize Rota 6,forward,25642.8,25716.6,737.3,732.0,7216.6,11824.3,15471.4,4975.8,1328.7,1241.5,542.7,14,73,0
2026-09-29-urgup,A-planar-full,A,energy,planar,0.5,full,1.0,,0.7,full,1.0,,opt-c4669735-6,Optimize Rota 6,reverse,25642.8,25717.1,733.0,740.0,7216.6,11191.1,15049.9,5187.5,1328.7,743.7,542.7,14,68,0
2026-09-29-urgup,A-planar-full,A,energy,planar,0.5,full,1.0,,0.7,full,1.0,,opt-c4669735-7,Optimize Rota 7,forward,3602.8,3613.7,102.2,98.3,1007.0,1599.6,2114.2,713.6,198.9,72.2,232.6,6,15,0
2026-09-29-urgup,A-planar-full,A,energy,planar,0.5,full,1.0,,0.7,full,1.0,,opt-c4669735-7,Optimize Rota 7,reverse,3602.8,3613.6,101.2,98.5,1007.0,1600.9,2153.5,751.5,198.9,70.6,232.6,6,17,0
2026-09-29-urgup,A-planar-full,A,energy,planar,0.5,full,1.0,,0.7,full,1.0,,opt-c4669735-8,Optimize Rota 8,forward,2557.7,2561.1,46.1,45.2,719.2,955.9,1129.1,309.8,136.5,24.0,232.6,6,9,0
2026-09-29-urgup,A-planar-full,A,energy,planar,0.5,full,1.0,,0.7,full,1.0,,opt-c4669735-8,Optimize Rota 8,reverse,2557.7,2561.2,46.1,45.8,719.2,932.2,1082.9,287.2,136.5,25.5,232.6,6,8,0
2026-09-29-urgup,A-dem-eta0.7-full,A,energy,dem,0.7,full,1.0,,0.7,full,1.0,,opt-d42a1f1c-1,Optimize Rota 1,forward,8519.7,8528.6,136.0,138.1,2317.2,2880.4,3262.0,908.1,526.4,27.0,1007.8,26,16,0
2026-09-29-urgup,A-dem-eta0.7-full,A,energy,dem,0.7,full,1.0,,0.7,full,1.0,,opt-d42a1f1c-1,Optimize Rota 1,reverse,8519.7,8528.9,137.7,137.3,2317.2,2921.8,3316.0,920.7,526.5,20.5,1007.8,26,16,0
2026-09-29-urgup,A-dem-eta0.7-full,A,energy,dem,0.7,full,1.0,,0.7,full,1.0,,opt-d42a1f1c-2,Optimize Rota 2,forward,8718.6,8733.7,176.4,174.8,2404.6,3279.0,3990.6,1215.5,503.9,78.6,891.5,23,11,0
2026-09-29-urgup,A-dem-eta0.7-full,A,energy,dem,0.7,full,1.0,,0.7,full,1.0,,opt-d42a1f1c-2,Optimize Rota 2,reverse,8718.6,8733.6,176.1,171.7,2404.6,3312.8,4022.0,1213.1,503.9,69.6,891.5,23,15,0
2026-09-29-urgup,A-dem-eta0.7-full,A,energy,dem,0.7,full,1.0,,0.7,full,1.0,,opt-d42a1f1c-3,Optimize Rota 3,forward,10146.7,10161.6,203.2,200.5,3123.7,4090.0,4949.3,1336.7,477.4,76.3,852.8,22,19,0
2026-09-29-urgup,A-dem-eta0.7-full,A,energy,dem,0.7,full,1.0,,0.7,full,1.0,,opt-d42a1f1c-3,Optimize Rota 3,reverse,10146.7,10162.0,201.8,203.3,3123.7,4033.0,4749.0,1193.4,477.4,164.0,852.8,22,14,0
2026-09-29-urgup,A-dem-eta0.7-full,A,energy,dem,0.7,full,1.0,,0.7,full,1.0,,opt-d42a1f1c-4,Optimize Rota 4,forward,10757.6,10777.3,220.3,217.3,3011.6,4204.0,5068.8,1494.6,629.7,184.4,814.0,21,36,0
2026-09-29-urgup,A-dem-eta0.7-full,A,energy,dem,0.7,full,1.0,,0.7,full,1.0,,opt-d42a1f1c-4,Optimize Rota 4,reverse,10757.6,10777.6,221.2,217.2,3011.6,4156.4,5029.3,1502.7,629.8,123.4,814.0,21,36,0
2026-09-29-urgup,A-dem-eta0.7-full,A,energy,dem,0.7,full,1.0,,0.7,full,1.0,,opt-d42a1f1c-5,Optimize Rota 5,forward,12642.7,12659.7,221.6,226.8,3594.1,4522.5,5309.5,1523.6,736.6,53.0,775.3,20,34,0
2026-09-29-urgup,A-dem-eta0.7-full,A,energy,dem,0.7,full,1.0,,0.7,full,1.0,,opt-d42a1f1c-5,Optimize Rota 5,reverse,12642.7,12659.6,230.7,224.5,3594.1,4756.4,5553.5,1533.7,736.5,89.8,775.3,20,26,0
2026-09-29-urgup,A-dem-eta0.7-full,A,energy,dem,0.7,full,1.0,,0.7,full,1.0,,opt-d42a1f1c-6,Optimize Rota 6,forward,26050.4,26126.7,733.4,757.1,7311.6,11110.5,15069.5,5327.2,1368.2,752.8,542.7,14,80,0
2026-09-29-urgup,A-dem-eta0.7-full,A,energy,dem,0.7,full,1.0,,0.7,full,1.0,,opt-d42a1f1c-6,Optimize Rota 6,reverse,26050.4,26127.2,754.3,735.6,7311.6,12237.8,15845.8,4976.3,1368.3,1329.0,542.7,14,89,0
2026-09-29-urgup,A-dem-eta0.7-full,A,energy,dem,0.7,full,1.0,,0.7,full,1.0,,opt-d42a1f1c-7,Optimize Rota 7,forward,2509.5,2511.6,35.5,33.9,721.7,882.9,944.8,183.4,121.6,17.3,232.6,6,8,0
2026-09-29-urgup,A-dem-eta0.7-full,A,energy,dem,0.7,full,1.0,,0.7,full,1.0,,opt-d42a1f1c-7,Optimize Rota 7,reverse,2509.5,2511.7,35.0,35.9,721.7,852.9,939.8,208.4,121.6,13.3,232.6,6,8,0
2026-09-29-urgup,A-dem-eta0.7-full,A,energy,dem,0.7,full,1.0,,0.7,full,1.0,,opt-d42a1f1c-8,Optimize Rota 8,forward,2089.9,2092.7,37.0,37.2,589.5,749.4,867.9,228.2,109.8,18.9,193.8,5,7,0
2026-09-29-urgup,A-dem-eta0.7-full,A,energy,dem,0.7,full,1.0,,0.7,full,1.0,,opt-d42a1f1c-8,Optimize Rota 8,reverse,2089.9,2092.5,37.4,36.7,589.5,774.5,924.5,259.7,109.7,9.9,193.8,5,7,0
2026-09-29-urgup,A-distance,A,distance,none,0.5,average,1.0,,0.5,average,0.0,,opt-aad24bc2-1,Optimize Rota 1,forward,8379.2,8379.2,0.0,0.0,2139.3,2139.3,1618.2,0.0,521.0,0.0,1187.4,26,0,0
2026-09-29-urgup,A-distance,A,distance,none,0.5,average,1.0,,0.5,average,0.0,,opt-aad24bc2-1,Optimize Rota 1,reverse,8379.2,8379.2,0.0,0.0,2139.3,2139.3,1618.2,0.0,521.0,0.0,1187.4,26,0,0
2026-09-29-urgup,A-distance,A,distance,none,0.5,average,1.0,,0.5,average,0.0,,opt-aad24bc2-2,Optimize Rota 2,forward,8718.6,8718.6,0.0,0.0,2262.9,2262.9,1759.9,0.0,503.0,0.0,1050.4,23,0,0
2026-09-29-urgup,A-distance,A,distance,none,0.5,average,1.0,,0.5,average,0.0,,opt-aad24bc2-2,Optimize Rota 2,reverse,8718.6,8718.6,0.0,0.0,2262.9,2262.9,1759.9,0.0,503.0,0.0,1050.4,23,0,0
2026-09-29-urgup,A-distance,A,distance,none,0.5,average,1.0,,0.5,average,0.0,,opt-aad24bc2-3,Optimize Rota 3,forward,10547.6,10547.6,0.0,0.0,2782.8,2782.8,2169.1,0.0,613.7,0.0,959.0,21,0,0
2026-09-29-urgup,A-distance,A,distance,none,0.5,average,1.0,,0.5,average,0.0,,opt-aad24bc2-3,Optimize Rota 3,reverse,10547.6,10547.6,0.0,0.0,2782.8,2782.8,2169.1,0.0,613.7,0.0,959.0,21,0,0
2026-09-29-urgup,A-distance,A,distance,none,0.5,average,1.0,,0.5,average,0.0,,opt-aad24bc2-4,Optimize Rota 4,forward,9995.9,9995.9,0.0,0.0,2910.3,2910.3,2442.6,0.0,467.7,0.0,959.0,21,0,0
2026-09-29-urgup,A-distance,A,distance,none,0.5,average,1.0,,0.5,average,0.0,,opt-aad24bc2-4,Optimize Rota 4,reverse,9995.9,9995.9,0.0,0.0,2910.3,2910.3,2442.6,0.0,467.7,0.0,959.0,21,0,0
2026-09-29-urgup,A-distance,A,distance,none,0.5,average,1.0,,0.5,average,0.0,,opt-aad24bc2-5,Optimize Rota 5,forward,12446.3,12446.3,0.0,0.0,3336.3,3336.3,2610.8,0.0,725.5,0.0,913.4,20,0,0
2026-09-29-urgup,A-distance,A,distance,none,0.5,average,1.0,,0.5,average,0.0,,opt-aad24bc2-5,Optimize Rota 5,reverse,12446.3,12446.3,0.0,0.0,3336.3,3336.3,2610.8,0.0,725.5,0.0,913.4,20,0,0
2026-09-29-urgup,A-distance,A,distance,none,0.5,average,1.0,,0.5,average,0.0,,opt-aad24bc2-6,Optimize Rota 6,forward,25638.0,25638.0,0.0,0.0,6801.4,6801.4,5481.4,0.0,1320.0,0.0,639.3,14,0,0
2026-09-29-urgup,A-distance,A,distance,none,0.5,average,1.0,,0.5,average,0.0,,opt-aad24bc2-6,Optimize Rota 6,reverse,25638.0,25638.0,0.0,0.0,6801.4,6801.4,5481.4,0.0,1320.0,0.0,639.3,14,0,0
2026-09-29-urgup,A-distance,A,distance,none,0.5,average,1.0,,0.5,average,0.0,,opt-aad24bc2-7,Optimize Rota 7,forward,3602.8,3602.8,0.0,0.0,948.5,948.5,750.2,0.0,198.3,0.0,274.0,6,0,0
2026-09-29-urgup,A-distance,A,distance,none,0.5,average,1.0,,0.5,average,0.0,,opt-aad24bc2-7,Optimize Rota 7,reverse,3602.8,3602.8,0.0,0.0,948.5,948.5,750.2,0.0,198.3,0.0,274.0,6,0,0
2026-09-29-urgup,A-distance,A,distance,none,0.5,average,1.0,,0.5,average,0.0,,opt-aad24bc2-8,Optimize Rota 8,forward,2509.5,2509.5,0.0,0.0,681.0,681.0,559.5,0.0,121.5,0.0,274.0,6,0,0
2026-09-29-urgup,A-distance,A,distance,none,0.5,average,1.0,,0.5,average,0.0,,opt-aad24bc2-8,Optimize Rota 8,reverse,2509.5,2509.5,0.0,0.0,681.0,681.0,559.5,0.0,121.5,0.0,274.0,6,0,0
2026-09-29-urgup,C-dem-scale0.0,C,energy,dem,0.5,average,0.0,,0.5,average,0.0,,opt-a5065a7e-1,Optimize Rota 1,forward,8384.1,8384.1,0.0,0.0,2137.6,2137.6,1611.5,0.0,526.1,0.0,1187.4,26,0,0
2026-09-29-urgup,C-dem-scale0.0,C,energy,dem,0.5,average,0.0,,0.5,average,0.0,,opt-a5065a7e-1,Optimize Rota 1,reverse,8384.1,8384.1,0.0,0.0,2137.6,2137.6,1611.5,0.0,526.1,0.0,1187.4,26,0,0
2026-09-29-urgup,C-dem-scale0.0,C,energy,dem,0.5,average,0.0,,0.5,average,0.0,,opt-a5065a7e-2,Optimize Rota 2,forward,8774.7,8774.7,0.0,0.0,2262.5,2262.5,1743.3,0.0,519.2,0.0,1050.4,23,0,0
2026-09-29-urgup,C-dem-scale0.0,C,energy,dem,0.5,average,0.0,,0.5,average,0.0,,opt-a5065a7e-2,Optimize Rota 2,reverse,8774.7,8774.7,0.0,0.0,2262.5,2262.5,1743.3,0.0,519.2,0.0,1050.4,23,0,0
2026-09-29-urgup,C-dem-scale0.0,C,energy,dem,0.5,average,0.0,,0.5,average,0.0,,opt-a5065a7e-3,Optimize Rota 3,forward,10547.6,10547.6,0.0,0.0,2782.8,2782.8,2169.1,0.0,613.7,0.0,959.0,21,0,0
2026-09-29-urgup,C-dem-scale0.0,C,energy,dem,0.5,average,0.0,,0.5,average,0.0,,opt-a5065a7e-3,Optimize Rota 3,reverse,10547.6,10547.6,0.0,0.0,2782.8,2782.8,2169.1,0.0,613.7,0.0,959.0,21,0,0
2026-09-29-urgup,C-dem-scale0.0,C,energy,dem,0.5,average,0.0,,0.5,average,0.0,,opt-a5065a7e-4,Optimize Rota 4,forward,10000.7,10000.7,0.0,0.0,2908.6,2908.6,2435.8,0.0,472.8,0.0,959.0,21,0,0
2026-09-29-urgup,C-dem-scale0.0,C,energy,dem,0.5,average,0.0,,0.5,average,0.0,,opt-a5065a7e-4,Optimize Rota 4,reverse,10000.7,10000.7,0.0,0.0,2908.6,2908.6,2435.8,0.0,472.8,0.0,959.0,21,0,0
2026-09-29-urgup,C-dem-scale0.0,C,energy,dem,0.5,average,0.0,,0.5,average,0.0,,opt-a5065a7e-5,Optimize Rota 5,forward,12451.1,12451.1,0.0,0.0,3334.6,3334.6,2604.0,0.0,730.6,0.0,913.4,20,0,0
2026-09-29-urgup,C-dem-scale0.0,C,energy,dem,0.5,average,0.0,,0.5,average,0.0,,opt-a5065a7e-5,Optimize Rota 5,reverse,12451.1,12451.1,0.0,0.0,3334.6,3334.6,2604.0,0.0,730.6,0.0,913.4,20,0,0
2026-09-29-urgup,C-dem-scale0.0,C,energy,dem,0.5,average,0.0,,0.5,average,0.0,,opt-a5065a7e-6,Optimize Rota 6,forward,25642.8,25642.8,0.0,0.0,6799.7,6799.7,5474.7,0.0,1325.1,0.0,639.3,14,0,0
2026-09-29-urgup,C-dem-scale0.0,C,energy,dem,0.5,average,0.0,,0.5,average,0.0,,opt-a5065a7e-6,Optimize Rota 6,reverse,25642.8,25642.8,0.0,0.0,6799.7,6799.7,5474.7,0.0,1325.1,0.0,639.3,14,0,0
2026-09-29-urgup,C-dem-scale0.0,C,energy,dem,0.5,average,0.0,,0.5,average,0.0,,opt-a5065a7e-7,Optimize Rota 7,forward,3609.8,3609.8,0.0,0.0,948.4,948.4,747.2,0.0,201.2,0.0,274.0,6,0,0
2026-09-29-urgup,C-dem-scale0.0,C,energy,dem,0.5,average,0.0,,0.5,average,0.0,,opt-a5065a7e-7,Optimize Rota 7,reverse,3609.8,3609.8,0.0,0.0,948.4,948.4,747.2,0.0,201.2,0.0,274.0,6,0,0
2026-09-29-urgup,C-dem-scale0.0,C,energy,dem,0.5,average,0.0,,0.5,average,0.0,,opt-a5065a7e-8,Optimize Rota 8,forward,2564.7,2564.7,0.0,0.0,677.5,677.5,538.3,0.0,139.2,0.0,274.0,6,0,0
2026-09-29-urgup,C-dem-scale0.0,C,energy,dem,0.5,average,0.0,,0.5,average,0.0,,opt-a5065a7e-8,Optimize Rota 8,reverse,2564.7,2564.7,0.0,0.0,677.5,677.5,538.3,0.0,139.2,0.0,274.0,6,0,0
2026-09-29-urgup,A-planar-average,A,energy,planar,0.5,average,1.0,,0.5,average,0.0,,opt-86af7188-1,Optimize Rota 1,forward,8384.1,8384.1,0.0,0.0,2137.6,2137.6,1611.5,0.0,526.1,0.0,1187.4,26,0,0
2026-09-29-urgup,A-planar-average,A,energy,planar,0.5,average,1.0,,0.5,average,0.0,,opt-86af7188-1,Optimize Rota 1,reverse,8384.1,8384.1,0.0,0.0,2137.6,2137.6,1611.5,0.0,526.1,0.0,1187.4,26,0,0
2026-09-29-urgup,A-planar-average,A,energy,planar,0.5,average,1.0,,0.5,average,0.0,,opt-86af7188-2,Optimize Rota 2,forward,8774.7,8774.7,0.0,0.0,2262.5,2262.5,1743.3,0.0,519.2,0.0,1050.4,23,0,0
2026-09-29-urgup,A-planar-average,A,energy,planar,0.5,average,1.0,,0.5,average,0.0,,opt-86af7188-2,Optimize Rota 2,reverse,8774.7,8774.7,0.0,0.0,2262.5,2262.5,1743.3,0.0,519.2,0.0,1050.4,23,0,0
2026-09-29-urgup,A-planar-average,A,energy,planar,0.5,average,1.0,,0.5,average,0.0,,opt-86af7188-3,Optimize Rota 3,forward,10547.6,10547.6,0.0,0.0,2782.8,2782.8,2169.1,0.0,613.7,0.0,959.0,21,0,0
2026-09-29-urgup,A-planar-average,A,energy,planar,0.5,average,1.0,,0.5,average,0.0,,opt-86af7188-3,Optimize Rota 3,reverse,10547.6,10547.6,0.0,0.0,2782.8,2782.8,2169.1,0.0,613.7,0.0,959.0,21,0,0
2026-09-29-urgup,A-planar-average,A,energy,planar,0.5,average,1.0,,0.5,average,0.0,,opt-86af7188-4,Optimize Rota 4,forward,10000.7,10000.7,0.0,0.0,2908.6,2908.6,2435.8,0.0,472.8,0.0,959.0,21,0,0
2026-09-29-urgup,A-planar-average,A,energy,planar,0.5,average,1.0,,0.5,average,0.0,,opt-86af7188-4,Optimize Rota 4,reverse,10000.7,10000.7,0.0,0.0,2908.6,2908.6,2435.8,0.0,472.8,0.0,959.0,21,0,0
2026-09-29-urgup,A-planar-average,A,energy,planar,0.5,average,1.0,,0.5,average,0.0,,opt-86af7188-5,Optimize Rota 5,forward,12451.1,12451.1,0.0,0.0,3334.6,3334.6,2604.0,0.0,730.6,0.0,913.4,20,0,0
2026-09-29-urgup,A-planar-average,A,energy,planar,0.5,average,1.0,,0.5,average,0.0,,opt-86af7188-5,Optimize Rota 5,reverse,12451.1,12451.1,0.0,0.0,3334.6,3334.6,2604.0,0.0,730.6,0.0,913.4,20,0,0
2026-09-29-urgup,A-planar-average,A,energy,planar,0.5,average,1.0,,0.5,average,0.0,,opt-86af7188-6,Optimize Rota 6,forward,25642.8,25642.8,0.0,0.0,6799.7,6799.7,5474.7,0.0,1325.1,0.0,639.3,14,0,0
2026-09-29-urgup,A-planar-average,A,energy,planar,0.5,average,1.0,,0.5,average,0.0,,opt-86af7188-6,Optimize Rota 6,reverse,25642.8,25642.8,0.0,0.0,6799.7,6799.7,5474.7,0.0,1325.1,0.0,639.3,14,0,0
2026-09-29-urgup,A-planar-average,A,energy,planar,0.5,average,1.0,,0.5,average,0.0,,opt-86af7188-7,Optimize Rota 7,forward,3609.8,3609.8,0.0,0.0,948.4,948.4,747.2,0.0,201.2,0.0,274.0,6,0,0
2026-09-29-urgup,A-planar-average,A,energy,planar,0.5,average,1.0,,0.5,average,0.0,,opt-86af7188-7,Optimize Rota 7,reverse,3609.8,3609.8,0.0,0.0,948.4,948.4,747.2,0.0,201.2,0.0,274.0,6,0,0
2026-09-29-urgup,A-planar-average,A,energy,planar,0.5,average,1.0,,0.5,average,0.0,,opt-86af7188-8,Optimize Rota 8,forward,2564.7,2564.7,0.0,0.0,677.5,677.5,538.3,0.0,139.2,0.0,274.0,6,0,0
2026-09-29-urgup,A-planar-average,A,energy,planar,0.5,average,1.0,,0.5,average,0.0,,opt-86af7188-8,Optimize Rota 8,reverse,2564.7,2564.7,0.0,0.0,677.5,677.5,538.3,0.0,139.2,0.0,274.0,6,0,0
2026-09-29-urgup,A-distance,A,distance,none,0.5,average,1.0,,0.5,average,0.5,,opt-aad24bc2-1,Optimize Rota 1,forward,8379.2,8382.0,72.7,72.3,2139.3,2432.1,2133.6,222.7,521.2,2.1,1187.4,26,11,0
2026-09-29-urgup,A-distance,A,distance,none,0.5,average,1.0,,0.5,average,0.5,,opt-aad24bc2-1,Optimize Rota 1,reverse,8379.2,8382.0,72.9,72.8,2139.3,2413.3,2102.0,209.9,521.2,4.3,1187.4,26,11,0
2026-09-29-urgup,A-distance,A,distance,none,0.5,average,1.0,,0.5,average,0.5,,opt-aad24bc2-2,Optimize Rota 2,forward,8718.6,8722.9,90.6,89.1,2262.9,2678.1,2479.4,304.6,503.3,4.7,1050.4,23,4,0
2026-09-29-urgup,A-distance,A,distance,none,0.5,average,1.0,,0.5,average,0.5,,opt-aad24bc2-2,Optimize Rota 2,reverse,8718.6,8722.9,90.1,88.0,2262.9,2687.5,2487.6,303.3,503.3,6.2,1050.4,23,6,0
2026-09-29-urgup,A-distance,A,distance,none,0.5,average,1.0,,0.5,average,0.5,,opt-aad24bc2-3,Optimize Rota 3,forward,10547.6,10553.9,114.9,112.7,2782.8,3369.7,3178.5,422.8,614.0,14.1,959.0,21,14,0
2026-09-29-urgup,A-distance,A,distance,none,0.5,average,1.0,,0.5,average,0.5,,opt-aad24bc2-3,Optimize Rota 3,reverse,10547.6,10553.6,112.5,112.7,2782.8,3287.7,3061.7,388.0,614.0,11.9,959.0,21,18,0
2026-09-29-urgup,A-distance,A,distance,none,0.5,average,1.0,,0.5,average,0.5,,opt-aad24bc2-4,Optimize Rota 4,forward,9995.9,9999.7,99.7,99.1,2910.3,3284.0,3101.1,285.1,467.9,1.6,959.0,21,6,0
2026-09-29-urgup,A-distance,A,distance,none,0.5,average,1.0,,0.5,average,0.5,,opt-aad24bc2-4,Optimize Rota 4,reverse,9995.9,9999.9,99.9,99.6,2910.3,3206.9,2966.6,227.6,467.9,1.4,959.0,21,4,0
2026-09-29-urgup,A-distance,A,distance,none,0.5,average,1.0,,0.5,average,0.5,,opt-aad24bc2-5,Optimize Rota 5,forward,12446.3,12451.1,116.4,116.1,3336.3,3794.7,3421.3,352.4,725.8,4.8,913.4,20,12,0
2026-09-29-urgup,A-distance,A,distance,none,0.5,average,1.0,,0.5,average,0.5,,opt-aad24bc2-5,Optimize Rota 5,reverse,12446.3,12451.2,117.9,115.4,3336.3,3858.7,3506.5,373.7,725.8,8.7,913.4,20,13,0
2026-09-29-urgup,A-distance,A,distance,none,0.5,average,1.0,,0.5,average,0.5,,opt-aad24bc2-6,Optimize Rota 6,forward,25638.0,25659.2,378.9,376.5,6801.4,8781.2,8924.6,1464.4,1321.1,69.6,639.3,14,32,0
2026-09-29-urgup,A-distance,A,distance,none,0.5,average,1.0,,0.5,average,0.5,,opt-aad24bc2-6,Optimize Rota 6,reverse,25638.0,25659.2,379.3,377.7,6801.4,8639.1,8709.0,1390.9,1321.1,37.3,639.3,14,27,0
2026-09-29-urgup,A-distance,A,distance,none,0.5,average,1.0,,0.5,average,0.5,,opt-aad24bc2-7,Optimize Rota 7,forward,3602.8,3605.9,52.3,51.0,948.5,1231.6,1233.7,200.5,198.5,8.1,274.0,6,4,0
2026-09-29-urgup,A-distance,A,distance,none,0.5,average,1.0,,0.5,average,0.5,,opt-aad24bc2-7,Optimize Rota 7,reverse,3602.8,3605.9,52.0,50.9,948.5,1243.1,1256.0,211.4,198.5,7.9,274.0,6,6,0
2026-09-29-urgup,A-distance,A,distance,none,0.5,average,1.0,,0.5,average,0.5,,opt-aad24bc2-8,Optimize Rota 8,forward,2509.5,2510.1,17.9,17.3,681.0,741.1,658.0,38.4,121.5,2.7,274.0,6,3,0
2026-09-29-urgup,A-distance,A,distance,none,0.5,average,1.0,,0.5,average,0.5,,opt-aad24bc2-8,Optimize Rota 8,reverse,2509.5,2510.1,17.7,18.0,681.0,728.8,648.0,40.7,121.5,0.6,274.0,6,5,0
2026-09-29-urgup,C-dem-scale0.5,C,energy,dem,0.5,average,0.5,,0.5,average,0.5,,opt-770a82cb-1,Optimize Rota 1,forward,8409.4,8412.1,71.2,72.2,2152.0,2413.1,2109.3,213.5,517.4,3.3,1187.4,26,10,0
2026-09-29-urgup,C-dem-scale0.5,C,energy,dem,0.5,average,0.5,,0.5,average,0.5,,opt-770a82cb-1,Optimize Rota 1,reverse,8409.4,8412.2,72.4,71.3,2152.0,2438.3,2130.7,209.7,517.4,2.4,1187.4,26,9,0
2026-09-29-urgup,C-dem-scale0.5,C,energy,dem,0.5,average,0.5,,0.5,average,0.5,,opt-770a82cb-2,Optimize Rota 2,forward,8718.6,8722.9,90.6,89.1,2262.9,2678.1,2479.4,304.6,503.3,4.7,1050.4,23,4,0
2026-09-29-urgup,C-dem-scale0.5,C,energy,dem,0.5,average,0.5,,0.5,average,0.5,,opt-770a82cb-2,Optimize Rota 2,reverse,8718.6,8722.9,90.1,88.0,2262.9,2687.5,2487.6,303.3,503.3,6.2,1050.4,23,6,0
2026-09-29-urgup,C-dem-scale0.5,C,energy,dem,0.5,average,0.5,,0.5,average,0.5,,opt-770a82cb-3,Optimize Rota 3,forward,10593.6,10599.7,113.8,112.7,2792.7,3357.1,3154.7,418.2,620.6,13.5,959.0,21,14,0
2026-09-29-urgup,C-dem-scale0.5,C,energy,dem,0.5,average,0.5,,0.5,average,0.5,,opt-770a82cb-3,Optimize Rota 3,reverse,10593.6,10599.4,112.5,111.7,2792.7,3298.8,3057.6,379.3,620.6,9.6,959.0,21,17,0
2026-09-29-urgup,C-dem-scale0.5,C,energy,dem,0.5,average,0.5,,0.5,average,0.5,,opt-770a82cb-4,Optimize Rota 4,forward,10052.9,10056.7,99.1,99.0,2920.8,3278.9,3083.0,279.3,475.3,1.0,959.0,21,5,0
2026-09-29-urgup,C-dem-scale0.5,C,energy,dem,0.5,average,0.5,,0.5,average,0.5,,opt-770a82cb-4,Optimize Rota 4,reverse,10052.9,10056.8,99.5,99.0,2920.8,3222.9,2978.1,230.4,475.3,1.4,959.0,21,3,0
2026-09-29-urgup,C-dem-scale0.5,C,energy,dem,0.5,average,0.5,,0.5,average,0.5,,opt-770a82cb-5,Optimize Rota 5,forward,12453.8,12458.6,115.3,115.5,3341.2,3790.7,3419.5,352.0,723.2,4.2,913.4,20,11,0
2026-09-29-urgup,C-dem-scale0.5,C,energy,dem,0.5,average,0.5,,0.5,average,0.5,,opt-770a82cb-5,Optimize Rota 5,reverse,12453.8,12458.7,116.9,114.3,3341.2,3862.0,3509.7,370.9,723.2,8.7,913.4,20,12,0
2026-09-29-urgup,C-dem-scale0.5,C,energy,dem,0.5,average,0.5,,0.5,average,0.5,,opt-770a82cb-6,Optimize Rota 6,forward,25639.2,25660.5,379.1,377.7,6803.2,8638.0,8709.2,1390.4,1319.2,36.7,639.3,14,26,0
2026-09-29-urgup,C-dem-scale0.5,C,energy,dem,0.5,average,0.5,,0.5,average,0.5,,opt-770a82cb-6,Optimize Rota 6,reverse,25639.2,25660.5,378.8,376.3,6803.2,8784.0,8928.5,1463.7,1319.2,69.6,639.3,14,31,0
2026-09-29-urgup,C-dem-scale0.5,C,energy,dem,0.5,average,0.5,,0.5,average,0.5,,opt-770a82cb-7,Optimize Rota 7,forward,3626.7,3629.8,52.2,51.8,954.4,1228.9,1232.9,204.1,200.1,8.1,274.0,6,3,0
2026-09-29-urgup,C-dem-scale0.5,C,energy,dem,0.5,average,0.5,,0.5,average,0.5,,opt-770a82cb-7,Optimize Rota 7,reverse,3626.7,3629.8,51.9,50.8,954.4,1249.1,1260.4,211.4,200.1,7.9,274.0,6,6,0
2026-09-29-urgup,C-dem-scale0.5,C,energy,dem,0.5,average,0.5,,0.5,average,0.5,,opt-770a82cb-8,Optimize Rota 8,forward,2509.5,2510.1,17.9,17.3,681.0,741.1,658.0,38.4,121.5,2.7,274.0,6,3,0
2026-09-29-urgup,C-dem-scale0.5,C,energy,dem,0.5,average,0.5,,0.5,average,0.5,,opt-770a82cb-8,Optimize Rota 8,reverse,2509.5,2510.1,17.7,18.0,681.0,728.8,648.0,40.7,121.5,0.6,274.0,6,5,0
2026-09-29-urgup,A-planar-average,A,energy,planar,0.5,average,1.0,,0.5,average,0.5,,opt-86af7188-1,Optimize Rota 1,forward,8384.1,8386.8,72.7,72.8,2137.6,2435.4,2142.7,233.5,526.2,1.1,1187.4,26,10,0
2026-09-29-urgup,A-planar-average,A,energy,planar,0.5,average,1.0,,0.5,average,0.5,,opt-86af7188-1,Optimize Rota 1,reverse,8384.1,8386.8,72.9,72.7,2137.6,2412.0,2094.5,208.7,526.2,4.3,1187.4,26,10,0
2026-09-29-urgup,A-planar-average,A,energy,planar,0.5,average,1.0,,0.5,average,0.5,,opt-86af7188-2,Optimize Rota 2,forward,8774.7,8779.4,96.7,95.2,2262.5,2726.6,2550.1,342.9,519.5,4.7,1050.4,23,4,0
2026-09-29-urgup,A-planar-average,A,energy,planar,0.5,average,1.0,,0.5,average,0.5,,opt-86af7188-2,Optimize Rota 2,reverse,8774.7,8779.4,96.3,94.2,2262.5,2728.9,2545.4,336.1,519.5,6.2,1050.4,23,6,0
2026-09-29-urgup,A-planar-average,A,energy,planar,0.5,average,1.0,,0.5,average,0.5,,opt-86af7188-3,Optimize Rota 3,forward,10547.6,10553.9,114.9,112.7,2782.8,3369.7,3178.5,422.8,614.0,14.1,959.0,21,14,0
2026-09-29-urgup,A-planar-average,A,energy,planar,0.5,average,1.0,,0.5,average,0.5,,opt-86af7188-3,Optimize Rota 3,reverse,10547.6,10553.6,112.5,112.7,2782.8,3287.7,3061.7,388.0,614.0,11.9,959.0,21,18,0
2026-09-29-urgup,A-planar-average,A,energy,planar,0.5,average,1.0,,0.5,average,0.5,,opt-86af7188-4,Optimize Rota 4,forward,10000.7,10004.6,99.6,99.6,2908.6,3287.3,3110.2,295.8,473.0,0.7,959.0,21,5,0
2026-09-29-urgup,A-planar-average,A,energy,planar,0.5,average,1.0,,0.5,average,0.5,,opt-86af7188-4,Optimize Rota 4,reverse,10000.7,10004.7,99.9,99.5,2908.6,3205.6,2959.1,226.4,473.0,1.4,959.0,21,3,0
2026-09-29-urgup,A-planar-average,A,energy,planar,0.5,average,1.0,,0.5,average,0.5,,opt-86af7188-5,Optimize Rota 5,forward,12451.1,12456.0,116.3,116.6,3334.6,3798.0,3430.3,363.2,730.9,3.8,913.4,20,11,0
2026-09-29-urgup,A-planar-average,A,energy,planar,0.5,average,1.0,,0.5,average,0.5,,opt-86af7188-5,Optimize Rota 5,reverse,12451.1,12456.0,118.0,115.3,3334.6,3857.4,3499.0,372.5,730.9,8.7,913.4,20,12,0
2026-09-29-urgup,A-planar-average,A,energy,planar,0.5,average,1.0,,0.5,average,0.5,,opt-86af7188-6,Optimize Rota 6,forward,25642.8,25664.1,378.8,377.0,6799.7,8784.6,8933.7,1475.2,1326.1,68.6,639.3,14,31,0
2026-09-29-urgup,A-planar-average,A,energy,planar,0.5,average,1.0,,0.5,average,0.5,,opt-86af7188-6,Optimize Rota 6,reverse,25642.8,25664.1,379.3,377.7,6799.7,8637.8,8701.4,1389.7,1326.1,37.3,639.3,14,26,0
2026-09-29-urgup,A-planar-average,A,energy,planar,0.5,average,1.0,,0.5,average,0.5,,opt-86af7188-7,Optimize Rota 7,forward,3609.8,3612.9,52.9,50.8,948.4,1244.2,1244.2,201.3,201.4,7.0,274.0,6,5,0
2026-09-29-urgup,A-planar-average,A,energy,planar,0.5,average,1.0,,0.5,average,0.5,,opt-86af7188-7,Optimize Rota 7,reverse,3609.8,3613.0,52.7,51.6,948.4,1244.5,1255.7,212.6,201.4,7.9,274.0,6,6,0
2026-09-29-urgup,A-planar-average,A,energy,planar,0.5,average,1.0,,0.5,average,0.5,,opt-86af7188-8,Optimize Rota 8,forward,2564.7,2565.7,24.0,23.5,677.5,783.2,721.0,77.1,139.3,0.8,274.0,6,3,0
2026-09-29-urgup,A-planar-average,A,energy,planar,0.5,average,1.0,,0.5,average,0.5,,opt-86af7188-8,Optimize Rota 8,reverse,2564.7,2565.7,23.9,23.2,677.5,774.6,702.7,67.3,139.3,1.2,274.0,6,5,0
2026-09-29-urgup,A-distance,A,distance,none,0.5,average,1.0,,0.5,average,1.0,,opt-aad24bc2-1,Optimize Rota 1,forward,8379.2,8388.9,142.6,142.7,2139.3,2954.2,3063.6,631.1,521.7,11.5,1187.4,26,19,0
2026-09-29-urgup,A-distance,A,distance,none,0.5,average,1.0,,0.5,average,1.0,,opt-aad24bc2-1,Optimize Rota 1,reverse,8379.2,8388.8,143.0,142.8,2139.3,2937.1,3026.1,610.7,521.6,13.8,1187.4,26,21,0
2026-09-29-urgup,A-distance,A,distance,none,0.5,average,1.0,,0.5,average,1.0,,opt-aad24bc2-2,Optimize Rota 2,forward,8718.6,8733.7,176.4,174.8,2262.9,3341.3,3623.1,785.8,503.9,47.2,1050.4,23,11,0
2026-09-29-urgup,A-distance,A,distance,none,0.5,average,1.0,,0.5,average,1.0,,opt-aad24bc2-2,Optimize Rota 2,reverse,8718.6,8733.6,176.1,171.7,2262.9,3370.8,3652.7,785.8,503.9,37.0,1050.4,23,15,0
2026-09-29-urgup,A-distance,A,distance,none,0.5,average,1.0,,0.5,average,1.0,,opt-aad24bc2-3,Optimize Rota 3,forward,10547.6,10568.3,225.1,213.5,2782.8,4323.7,4686.0,977.2,614.9,111.0,959.0,21,35,0
2026-09-29-urgup,A-distance,A,distance,none,0.5,average,1.0,,0.5,average,1.0,,opt-aad24bc2-3,Optimize Rota 3,reverse,10547.6,10567.7,216.0,219.8,2782.8,4078.7,4459.3,995.5,614.9,72.1,959.0,21,35,0
2026-09-29-urgup,A-distance,A,distance,none,0.5,average,1.0,,0.5,average,1.0,,opt-aad24bc2-4,Optimize Rota 4,forward,9995.9,10010.4,198.3,195.5,2910.3,4103.4,4416.0,781.0,468.4,136.8,959.0,21,17,0
2026-09-29-urgup,A-distance,A,distance,none,0.5,average,1.0,,0.5,average,1.0,,opt-aad24bc2-4,Optimize Rota 4,reverse,9995.9,10010.4,194.4,198.5,2910.3,3915.1,4191.9,745.2,468.4,100.0,959.0,21,14,0
2026-09-29-urgup,A-distance,A,distance,none,0.5,average,1.0,,0.5,average,1.0,,opt-aad24bc2-5,Optimize Rota 5,forward,12446.3,12463.4,228.4,228.1,3336.3,4637.1,4903.1,992.6,726.6,28.0,913.4,20,31,0
2026-09-29-urgup,A-distance,A,distance,none,0.5,average,1.0,,0.5,average,1.0,,opt-aad24bc2-5,Optimize Rota 5,reverse,12446.3,12463.4,232.9,225.2,3336.3,4765.3,5037.4,998.8,726.6,38.0,913.4,20,25,0
2026-09-29-urgup,A-distance,A,distance,none,0.5,average,1.0,,0.5,average,1.0,,opt-aad24bc2-6,Optimize Rota 6,forward,25638.0,25711.6,737.4,730.5,6801.4,12065.3,14013.3,3271.6,1323.6,871.4,639.3,14,75,0
2026-09-29-urgup,A-distance,A,distance,none,0.5,average,1.0,,0.5,average,1.0,,opt-aad24bc2-6,Optimize Rota 6,reverse,25638.0,25712.2,732.8,740.2,6801.4,11574.6,13654.8,3403.9,1323.7,474.5,639.3,14,69,0
2026-09-29-urgup,A-distance,A,distance,none,0.5,average,1.0,,0.5,average,1.0,,opt-aad24bc2-7,Optimize Rota 7,forward,3602.8,3613.7,102.2,98.3,948.5,1647.5,1916.6,468.1,198.9,38.7,274.0,6,15,0
2026-09-29-urgup,A-distance,A,distance,none,0.5,average,1.0,,0.5,average,1.0,,opt-aad24bc2-7,Optimize Rota 7,reverse,3602.8,3613.6,101.2,98.5,948.5,1660.2,1953.3,492.0,198.9,39.5,274.0,6,17,0
2026-09-29-urgup,A-distance,A,distance,none,0.5,average,1.0,,0.5,average,1.0,,opt-aad24bc2-8,Optimize Rota 8,forward,2509.5,2511.6,35.5,33.9,681.0,867.5,864.0,118.1,121.6,10.4,274.0,6,8,0
2026-09-29-urgup,A-distance,A,distance,none,0.5,average,1.0,,0.5,average,1.0,,opt-aad24bc2-8,Optimize Rota 8,reverse,2509.5,2511.7,35.0,35.9,681.0,847.2,859.4,133.7,121.6,7.5,274.0,6,8,0
2026-09-29-urgup,A-dem-eta0.5-average,A,energy,dem,0.5,average,1.0,,0.5,average,1.0,,opt-dc9f220b-1,Optimize Rota 1,forward,8519.7,8528.6,136.0,138.1,2178.7,2906.0,2962.7,583.2,526.4,13.4,1187.4,26,16,0
2026-09-29-urgup,A-dem-eta0.5-average,A,energy,dem,0.5,average,1.0,,0.5,average,1.0,,opt-dc9f220b-1,Optimize Rota 1,reverse,8519.7,8528.9,137.7,137.3,2178.7,2946.9,3010.1,589.6,526.5,9.7,1187.4,26,16,0
2026-09-29-urgup,A-dem-eta0.5-average,A,energy,dem,0.5,average,1.0,,0.5,average,1.0,,opt-dc9f220b-2,Optimize Rota 2,forward,8804.3,8819.4,172.0,169.8,2271.9,3336.6,3577.8,762.6,521.4,52.8,1050.4,23,12,0
2026-09-29-urgup,A-dem-eta0.5-average,A,energy,dem,0.5,average,1.0,,0.5,average,1.0,,opt-dc9f220b-2,Optimize Rota 2,reverse,8804.3,8819.3,171.8,167.6,2271.9,3363.1,3616.4,774.7,521.4,37.5,1050.4,23,14,0
2026-09-29-urgup,A-dem-eta0.5-average,A,energy,dem,0.5,average,1.0,,0.5,average,1.0,,opt-dc9f220b-3,Optimize Rota 3,forward,10674.5,10694.3,221.4,216.9,2815.9,4255.4,4608.1,976.9,624.2,111.8,959.0,21,34,0
2026-09-29-urgup,A-dem-eta0.5-average,A,energy,dem,0.5,average,1.0,,0.5,average,1.0,,opt-dc9f220b-3,Optimize Rota 3,reverse,10674.5,10694.5,220.8,216.7,2815.9,4201.8,4551.8,974.2,624.2,73.9,959.0,21,35,0
2026-09-29-urgup,A-dem-eta0.5-average,A,energy,dem,0.5,average,1.0,,0.5,average,1.0,,opt-dc9f220b-4,Optimize Rota 4,forward,10055.0,10069.5,196.4,194.9,2921.4,4081.8,4377.6,771.8,475.9,136.1,959.0,21,16,0
2026-09-29-urgup,A-dem-eta0.5-average,A,energy,dem,0.5,average,1.0,,0.5,average,1.0,,opt-dc9f220b-4,Optimize Rota 4,reverse,10055.0,10069.4,192.8,196.6,2921.4,3922.6,4185.1,738.4,475.9,100.0,959.0,21,13,0
2026-09-29-urgup,A-dem-eta0.5-average,A,energy,dem,0.5,average,1.0,,0.5,average,1.0,,opt-dc9f220b-5,Optimize Rota 5,forward,12906.1,12922.4,213.6,219.2,3461.3,4578.3,4746.0,913.0,745.3,31.5,913.4,20,33,0
2026-09-29-urgup,A-dem-eta0.5-average,A,energy,dem,0.5,average,1.0,,0.5,average,1.0,,opt-dc9f220b-5,Optimize Rota 5,reverse,12906.1,12922.3,223.4,216.6,3461.3,4837.5,5046.6,954.4,745.3,52.4,913.4,20,24,0
2026-09-29-urgup,A-dem-eta0.5-average,A,energy,dem,0.5,average,1.0,,0.5,average,1.0,,opt-dc9f220b-6,Optimize Rota 6,forward,26139.8,26214.4,720.2,737.8,6940.8,11506.1,13516.8,3354.5,1343.8,478.4,639.3,14,72,0
2026-09-29-urgup,A-dem-eta0.5-average,A,energy,dem,0.5,average,1.0,,0.5,average,1.0,,opt-dc9f220b-6,Optimize Rota 6,reverse,26139.8,26213.9,735.6,721.4,6940.8,12289.8,14153.7,3207.8,1343.8,923.8,639.3,14,75,0
2026-09-29-urgup,A-dem-eta0.5-average,A,energy,dem,0.5,average,1.0,,0.5,average,1.0,,opt-dc9f220b-7,Optimize Rota 7,forward,4191.5,4201.8,88.8,106.5,1104.0,1531.7,1803.2,504.4,232.9,38.3,274.0,6,22,0
2026-09-29-urgup,A-dem-eta0.5-average,A,energy,dem,0.5,average,1.0,,0.5,average,1.0,,opt-dc9f220b-7,Optimize Rota 7,reverse,4191.5,4202.0,108.2,85.9,1104.0,2018.4,2155.7,370.1,232.9,102.3,274.0,6,20,0
2026-09-29-urgup,A-dem-eta0.5-average,A,energy,dem,0.5,average,1.0,,0.5,average,1.0,,opt-dc9f220b-8,Optimize Rota 8,forward,2509.5,2511.6,35.5,33.9,681.0,867.5,864.0,118.1,121.6,10.4,274.0,6,8,0
2026-09-29-urgup,A-dem-eta0.5-average,A,energy,dem,0.5,average,1.0,,0.5,average,1.0,,opt-dc9f220b-8,Optimize Rota 8,reverse,2509.5,2511.7,35.0,35.9,681.0,847.2,859.4,133.7,121.6,7.5,274.0,6,8,0
2026-09-29-urgup,A-planar-average,A,energy,planar,0.5,average,1.0,,0.5,average,1.0,,opt-86af7188-1,Optimize Rota 1,forward,8384.1,8393.9,142.5,144.3,2137.6,2953.0,3078.7,652.4,526.7,8.7,1187.4,26,17,0
2026-09-29-urgup,A-planar-average,A,energy,planar,0.5,average,1.0,,0.5,average,1.0,,opt-86af7188-1,Optimize Rota 1,reverse,8384.1,8393.7,143.2,142.6,2137.6,2935.4,3015.5,606.7,526.7,13.8,1187.4,26,20,0
2026-09-29-urgup,A-planar-average,A,energy,planar,0.5,average,1.0,,0.5,average,1.0,,opt-86af7188-2,Optimize Rota 2,forward,8774.7,8791.2,188.7,187.1,2262.5,3441.6,3792.4,871.1,520.3,40.5,1050.4,23,11,0
2026-09-29-urgup,A-planar-average,A,energy,planar,0.5,average,1.0,,0.5,average,1.0,,opt-86af7188-2,Optimize Rota 2,reverse,8774.7,8791.4,188.4,183.9,2262.5,3469.0,3807.2,858.4,520.3,40.8,1050.4,23,17,0
2026-09-29-urgup,A-planar-average,A,energy,planar,0.5,average,1.0,,0.5,average,1.0,,opt-86af7188-3,Optimize Rota 3,forward,10547.6,10568.3,225.1,213.5,2782.8,4323.7,4686.0,977.2,614.9,111.0,959.0,21,35,0
2026-09-29-urgup,A-planar-average,A,energy,planar,0.5,average,1.0,,0.5,average,1.0,,opt-86af7188-3,Optimize Rota 3,reverse,10547.6,10567.7,216.0,219.8,2782.8,4078.7,4459.3,995.5,614.9,72.1,959.0,21,35,0
2026-09-29-urgup,A-planar-average,A,energy,planar,0.5,average,1.0,,0.5,average,1.0,,opt-86af7188-4,Optimize Rota 4,forward,10000.7,10015.4,198.3,197.0,2908.6,4102.2,4431.0,802.3,473.4,133.9,959.0,21,15,0
2026-09-29-urgup,A-planar-average,A,energy,planar,0.5,average,1.0,,0.5,average,1.0,,opt-86af7188-4,Optimize Rota 4,reverse,10000.7,10015.3,194.6,198.3,2908.6,3913.5,4181.3,741.2,473.4,100.0,959.0,21,13,0
2026-09-29-urgup,A-planar-average,A,energy,planar,0.5,average,1.0,,0.5,average,1.0,,opt-86af7188-5,Optimize Rota 5,forward,12451.1,12468.4,228.3,229.7,3334.6,4635.9,4918.1,1013.9,731.6,25.2,913.4,20,29,0
2026-09-29-urgup,A-planar-average,A,energy,planar,0.5,average,1.0,,0.5,average,1.0,,opt-86af7188-5,Optimize Rota 5,reverse,12451.1,12468.3,233.0,225.0,3334.6,4763.6,5026.8,994.7,731.6,38.0,913.4,20,24,0
2026-09-29-urgup,A-planar-average,A,energy,planar,0.5,average,1.0,,0.5,average,1.0,,opt-86af7188-6,Optimize Rota 6,forward,25642.8,25716.6,737.3,732.0,6799.7,12064.1,14028.3,3292.9,1328.7,868.6,639.3,14,73,0
2026-09-29-urgup,A-planar-average,A,energy,planar,0.5,average,1.0,,0.5,average,1.0,,opt-86af7188-6,Optimize Rota 6,reverse,25642.8,25717.1,733.0,740.0,6799.7,11573.0,13644.2,3399.9,1328.7,474.5,639.3,14,68,0
2026-09-29-urgup,A-planar-average,A,energy,planar,0.5,average,1.0,,0.5,average,1.0,,opt-86af7188-7,Optimize Rota 7,forward,3609.8,3620.7,103.6,98.4,948.4,1669.4,1941.4,473.8,201.8,36.4,274.0,6,15,0
2026-09-29-urgup,A-planar-average,A,energy,planar,0.5,average,1.0,,0.5,average,1.0,,opt-86af7188-7,Optimize Rota 7,reverse,3609.8,3620.9,102.6,99.9,948.4,1665.4,1959.8,496.2,201.8,39.5,274.0,6,17,0
2026-09-29-urgup,A-planar-average,A,energy,planar,0.5,average,1.0,,0.5,average,1.0,,opt-86af7188-8,Optimize Rota 8,forward,2564.7,2568.4,47.5,46.6,677.5,969.0,1035.0,205.4,139.4,13.5,274.0,6,9,0
2026-09-29-urgup,A-planar-average,A,energy,planar,0.5,average,1.0,,0.5,average,1.0,,opt-86af7188-8,Optimize Rota 8,reverse,2564.7,2568.2,47.4,46.0,677.5,956.8,1010.0,192.6,139.4,10.8,274.0,6,8,0
2026-09-29-urgup,A-distance,A,distance,none,0.5,average,1.0,,0.5,average,1.5,,opt-aad24bc2-1,Optimize Rota 1,forward,8379.2,8399.2,209.8,210.5,2139.3,3513.2,4018.2,1027.4,522.3,65.2,1187.4,26,30,0
2026-09-29-urgup,A-distance,A,distance,none,0.5,average,1.0,,0.5,average,1.5,,opt-aad24bc2-1,Optimize Rota 1,reverse,8379.2,8398.7,209.9,210.0,2139.3,3482.4,3978.0,1017.9,522.3,41.8,1187.4,26,31,0
2026-09-29-urgup,A-distance,A,distance,none,0.5,average,1.0,,0.5,average,1.5,,opt-aad24bc2-2,Optimize Rota 2,forward,8718.6,8747.3,253.2,251.7,2262.9,4003.2,4710.7,1212.2,504.8,151.5,1050.4,23,34,0
2026-09-29-urgup,A-distance,A,distance,none,0.5,average,1.0,,0.5,average,1.5,,opt-aad24bc2-2,Optimize Rota 2,reverse,8718.6,8747.2,253.8,246.4,2262.9,4069.2,4756.7,1192.2,504.7,156.9,1050.4,23,33,0
2026-09-29-urgup,A-distance,A,distance,none,0.5,average,1.0,,0.5,average,1.5,,opt-aad24bc2-3,Optimize Rota 3,forward,10547.6,10583.8,323.6,291.4,2782.8,5316.6,6090.3,1389.5,615.8,256.0,959.0,21,70,0
2026-09-29-urgup,A-distance,A,distance,none,0.5,average,1.0,,0.5,average,1.5,,opt-aad24bc2-3,Optimize Rota 3,reverse,10547.6,10584.0,300.9,316.4,2782.8,4771.9,5659.1,1503.0,615.8,264.0,959.0,21,67,0
2026-09-29-urgup,A-distance,A,distance,none,0.5,average,1.0,,0.5,average,1.5,,opt-aad24bc2-4,Optimize Rota 4,forward,9995.9,10023.8,291.2,279.8,2910.3,4969.4,5743.1,1242.8,469.0,270.2,959.0,21,30,0
2026-09-29-urgup,A-distance,A,distance,none,0.5,average,1.0,,0.5,average,1.5,,opt-aad24bc2-4,Optimize Rota 4,reverse,9995.9,10024.5,278.6,294.1,2910.3,4696.8,5381.4,1153.7,469.0,476.0,959.0,21,26,0
2026-09-29-urgup,A-distance,A,distance,none,0.5,average,1.0,,0.5,average,1.5,,opt-aad24bc2-5,Optimize Rota 5,forward,12446.3,12480.4,333.2,333.1,3336.3,5527.4,6381.4,1581.6,727.6,152.2,913.4,20,50,0
2026-09-29-urgup,A-distance,A,distance,none,0.5,average,1.0,,0.5,average,1.5,,opt-aad24bc2-5,Optimize Rota 5,reverse,12446.3,12479.9,337.3,329.2,3336.3,5628.9,6501.4,1600.1,727.6,117.3,913.4,20,47,0
2026-09-29-urgup,A-distance,A,distance,none,0.5,average,1.0,,0.5,average,1.5,,opt-aad24bc2-6,Optimize Rota 6,forward,25638.0,25768.9,1045.4,1012.1,6801.4,15313.4,18469.4,4482.5,1326.5,2027.0,639.3,14,166,0
2026-09-29-urgup,A-distance,A,distance,none,0.5,average,1.0,,0.5,average,1.5,,opt-aad24bc2-6,Optimize Rota 6,reverse,25638.0,25772.8,1019.0,1055.6,6801.4,14212.1,17776.7,4891.3,1326.7,1500.2,639.3,14,173,0
2026-09-29-urgup,A-distance,A,distance,none,0.5,average,1.0,,0.5,average,1.5,,opt-aad24bc2-7,Optimize Rota 7,forward,3602.8,3621.5,140.6,136.0,948.5,2012.7,2463.0,649.7,199.4,147.8,274.0,6,40,0
2026-09-29-urgup,A-distance,A,distance,none,0.5,average,1.0,,0.5,average,1.5,,opt-aad24bc2-7,Optimize Rota 7,reverse,3602.8,3621.2,138.6,135.6,948.5,2013.2,2493.5,679.6,199.4,135.9,274.0,6,42,0
2026-09-29-urgup,A-distance,A,distance,none,0.5,average,1.0,,0.5,average,1.5,,opt-aad24bc2-8,Optimize Rota 8,forward,2509.5,2513.8,52.8,49.1,681.0,1023.1,1097.8,196.4,121.7,33.2,274.0,6,8,0
2026-09-29-urgup,A-distance,A,distance,none,0.5,average,1.0,,0.5,average,1.5,,opt-aad24bc2-8,Optimize Rota 8,reverse,2509.5,2513.9,50.6,52.9,681.0,970.5,1070.2,221.3,121.7,36.0,274.0,6,12,0
2026-09-29-urgup,C-dem-scale1.5,C,energy,dem,0.5,average,1.5,,0.5,average,1.5,,opt-e99a124b-1,Optimize Rota 1,forward,8914.8,8931.7,184.3,189.8,2282.3,3384.2,3704.3,867.3,547.2,67.6,1187.4,26,25,0
2026-09-29-urgup,C-dem-scale1.5,C,energy,dem,0.5,average,1.5,,0.5,average,1.5,,opt-e99a124b-1,Optimize Rota 1,reverse,8914.8,8930.6,190.1,183.4,2282.3,3537.9,3851.6,860.8,547.1,53.3,1187.4,26,26,0
2026-09-29-urgup,C-dem-scale1.5,C,energy,dem,0.5,average,1.5,,0.5,average,1.5,,opt-e99a124b-2,Optimize Rota 2,forward,8877.3,8905.4,245.1,243.0,2291.5,3984.4,4612.1,1153.1,525.4,167.4,1050.4,23,36,0
2026-09-29-urgup,C-dem-scale1.5,C,energy,dem,0.5,average,1.5,,0.5,average,1.5,,opt-e99a124b-2,Optimize Rota 2,reverse,8877.3,8905.5,246.7,239.6,2291.5,4046.4,4686.4,1165.4,525.4,145.9,1050.4,23,35,0
2026-09-29-urgup,C-dem-scale1.5,C,energy,dem,0.5,average,1.5,,0.5,average,1.5,,opt-e99a124b-3,Optimize Rota 3,forward,10180.5,10209.5,298.0,287.9,2960.8,5006.0,5861.0,1341.8,486.7,163.5,1004.7,22,36,0
2026-09-29-urgup,C-dem-scale1.5,C,energy,dem,0.5,average,1.5,,0.5,average,1.5,,opt-e99a124b-3,Optimize Rota 3,reverse,10180.5,10210.7,287.7,300.6,2960.8,4840.7,5539.1,1185.2,486.8,488.9,1004.7,22,34,0
2026-09-29-urgup,C-dem-scale1.5,C,energy,dem,0.5,average,1.5,,0.5,average,1.5,,opt-e99a124b-4,Optimize Rota 4,forward,11026.4,11064.6,310.1,334.1,2896.9,4848.3,5808.2,1612.3,652.5,216.9,959.0,21,72,0
2026-09-29-urgup,C-dem-scale1.5,C,energy,dem,0.5,average,1.5,,0.5,average,1.5,,opt-e99a124b-4,Optimize Rota 4,reverse,11026.4,11066.2,342.0,313.8,2896.9,5584.4,6414.2,1482.4,652.6,337.8,959.0,21,72,0
2026-09-29-urgup,C-dem-scale1.5,C,energy,dem,0.5,average,1.5,,0.5,average,1.5,,opt-e99a124b-5,Optimize Rota 5,forward,13061.9,13094.3,314.8,326.9,3499.5,5408.7,6172.0,1521.1,757.8,128.7,913.4,20,54,0
2026-09-29-urgup,C-dem-scale1.5,C,energy,dem,0.5,average,1.5,,0.5,average,1.5,,opt-e99a124b-5,Optimize Rota 5,reverse,13061.9,13094.6,333.2,318.6,3499.5,5836.9,6604.3,1525.1,757.8,157.8,913.4,20,55,0
2026-09-29-urgup,C-dem-scale1.5,C,energy,dem,0.5,average,1.5,,0.5,average,1.5,,opt-e99a124b-6,Optimize Rota 6,forward,26331.1,26466.0,993.7,1066.7,6987.8,13889.4,17425.0,4896.3,1360.7,1515.2,639.3,14,180,0
2026-09-29-urgup,C-dem-scale1.5,C,energy,dem,0.5,average,1.5,,0.5,average,1.5,,opt-e99a124b-6,Optimize Rota 6,reverse,26331.1,26462.0,1054.2,995.1,6987.8,15799.3,18802.1,4363.4,1360.5,2092.6,639.3,14,172,0
2026-09-29-urgup,C-dem-scale1.5,C,energy,dem,0.5,average,1.5,,0.5,average,1.5,,opt-e99a124b-7,Optimize Rota 7,forward,2537.3,2541.4,52.8,49.0,687.1,1020.1,1097.8,201.9,124.2,17.2,274.0,6,9,0
2026-09-29-urgup,C-dem-scale1.5,C,energy,dem,0.5,average,1.5,,0.5,average,1.5,,opt-e99a124b-7,Optimize Rota 7,reverse,2537.3,2541.5,50.6,52.9,687.1,977.2,1074.3,221.3,124.2,36.0,274.0,6,12,0
2026-09-29-urgup,C-dem-scale1.5,C,energy,dem,0.5,average,1.5,,0.5,average,1.5,,opt-e99a124b-8,Optimize Rota 8,forward,2089.9,2095.5,54.0,54.5,555.5,899.7,1024.3,234.5,109.9,46.0,228.3,5,11,0
2026-09-29-urgup,C-dem-scale1.5,C,energy,dem,0.5,average,1.5,,0.5,average,1.5,,opt-e99a124b-8,Optimize Rota 8,reverse,2089.9,2095.3,54.9,54.1,555.5,937.4,1091.2,263.7,109.9,29.7,228.3,5,10,0
2026-09-29-urgup,A-planar-average,A,energy,planar,0.5,average,1.0,,0.5,average,1.5,,opt-86af7188-1,Optimize Rota 1,forward,8384.1,8404.4,209.7,213.2,2137.6,3505.3,4035.3,1057.4,527.4,62.4,1187.4,26,28,0
2026-09-29-urgup,A-planar-average,A,energy,planar,0.5,average,1.0,,0.5,average,1.5,,opt-86af7188-1,Optimize Rota 1,reverse,8384.1,8403.6,210.2,209.8,2137.6,3482.7,3968.0,1012.7,527.3,42.1,1187.4,26,30,0
2026-09-29-urgup,A-planar-average,A,energy,planar,0.5,average,1.0,,0.5,average,1.5,,opt-86af7188-2,Optimize Rota 2,forward,8774.7,8806.6,271.6,269.6,2262.5,4163.4,4974.2,1332.0,521.2,152.4,1050.4,23,34,0
2026-09-29-urgup,A-planar-average,A,energy,planar,0.5,average,1.0,,0.5,average,1.5,,opt-86af7188-2,Optimize Rota 2,reverse,8774.7,8806.1,269.6,263.3,2262.5,4193.4,4969.0,1296.8,521.2,163.3,1050.4,23,37,0
2026-09-29-urgup,A-planar-average,A,energy,planar,0.5,average,1.0,,0.5,average,1.5,,opt-86af7188-3,Optimize Rota 3,forward,10547.6,10583.8,323.6,291.4,2782.8,5316.6,6090.3,1389.5,615.8,256.0,959.0,21,70,0
2026-09-29-urgup,A-planar-average,A,energy,planar,0.5,average,1.0,,0.5,average,1.5,,opt-86af7188-3,Optimize Rota 3,reverse,10547.6,10584.0,300.9,316.4,2782.8,4771.9,5659.1,1503.0,615.8,264.0,959.0,21,67,0
2026-09-29-urgup,A-planar-average,A,energy,planar,0.5,average,1.0,,0.5,average,1.5,,opt-86af7188-4,Optimize Rota 4,forward,10000.7,10029.0,291.1,282.6,2908.6,4961.5,5760.2,1272.8,474.1,267.4,959.0,21,28,0
2026-09-29-urgup,A-planar-average,A,energy,planar,0.5,average,1.0,,0.5,average,1.5,,opt-86af7188-4,Optimize Rota 4,reverse,10000.7,10029.4,278.9,293.8,2908.6,4697.1,5371.4,1148.4,474.1,476.2,959.0,21,25,0
2026-09-29-urgup,A-planar-average,A,energy,planar,0.5,average,1.0,,0.5,average,1.5,,opt-86af7188-5,Optimize Rota 5,forward,12451.1,12485.6,333.2,335.9,3334.6,5519.5,6398.5,1611.7,732.7,149.4,913.4,20,48,0
2026-09-29-urgup,A-planar-average,A,energy,planar,0.5,average,1.0,,0.5,average,1.5,,opt-86af7188-5,Optimize Rota 5,reverse,12451.1,12484.8,337.6,328.9,3334.6,5629.2,6491.4,1594.9,732.6,117.6,913.4,20,46,0
2026-09-29-urgup,A-planar-average,A,energy,planar,0.5,average,1.0,,0.5,average,1.5,,opt-86af7188-6,Optimize Rota 6,forward,25642.8,25774.2,1045.4,1014.9,6799.7,15305.5,18486.5,4512.5,1331.6,2024.2,639.3,14,164,0
2026-09-29-urgup,A-planar-average,A,energy,planar,0.5,average,1.0,,0.5,average,1.5,,opt-86af7188-6,Optimize Rota 6,reverse,25642.8,25777.8,1019.3,1055.3,6799.7,14212.4,17766.7,4886.0,1331.7,1500.5,639.3,14,172,0
2026-09-29-urgup,A-planar-average,A,energy,planar,0.5,average,1.0,,0.5,average,1.5,,opt-86af7188-7,Optimize Rota 7,forward,3609.8,3628.7,142.6,136.4,948.4,2041.4,2499.6,660.5,202.3,139.7,274.0,6,41,0
2026-09-29-urgup,A-planar-average,A,energy,planar,0.5,average,1.0,,0.5,average,1.5,,opt-86af7188-7,Optimize Rota 7,reverse,3609.8,3628.5,139.9,137.8,948.4,2011.6,2496.9,687.6,202.3,135.9,274.0,6,42,0
2026-09-29-urgup,A-planar-average,A,energy,planar,0.5,average,1.0,,0.5,average,1.5,,opt-86af7188-8,Optimize Rota 8,forward,2564.7,2571.8,69.3,66.8,677.5,1162.5,1342.3,319.4,139.6,36.5,274.0,6,11,0
2026-09-29-urgup,A-planar-average,A,energy,planar,0.5,average,1.0,,0.5,average,1.5,,opt-86af7188-8,Optimize Rota 8,reverse,2564.7,2571.7,69.0,67.2,677.5,1148.9,1312.7,303.4,139.6,51.7,274.0,6,15,0
2026-09-29-urgup,A-distance,A,distance,none,0.5,average,1.0,,0.5,average,2.0,,opt-aad24bc2-1,Optimize Rota 1,forward,8379.2,8410.5,269.7,271.6,2139.3,4039.2,4879.7,1363.6,523.0,166.1,1187.4,26,54,0
2026-09-29-urgup,A-distance,A,distance,none,0.5,average,1.0,,0.5,average,2.0,,opt-aad24bc2-1,Optimize Rota 1,reverse,8379.2,8410.2,270.8,273.5,2139.3,3996.2,4853.1,1379.9,523.0,119.7,1187.4,26,51,0
2026-09-29-urgup,A-distance,A,distance,none,0.5,average,1.0,,0.5,average,2.0,,opt-aad24bc2-2,Optimize Rota 2,forward,8718.6,8759.5,312.3,316.3,2262.9,4520.8,5557.9,1542.6,505.5,307.6,1050.4,23,67,0
2026-09-29-urgup,A-distance,A,distance,none,0.5,average,1.0,,0.5,average,2.0,,opt-aad24bc2-2,Optimize Rota 2,reverse,8718.6,8759.2,315.7,306.3,2262.9,4637.5,5646.7,1514.7,505.5,268.5,1050.4,23,70,0
2026-09-29-urgup,A-distance,A,distance,none,0.5,average,1.0,,0.5,average,2.0,,opt-aad24bc2-3,Optimize Rota 3,forward,10547.6,10598.0,403.9,355.0,2782.8,6126.8,7243.7,1733.5,616.6,366.6,959.0,21,103,0
2026-09-29-urgup,A-distance,A,distance,none,0.5,average,1.0,,0.5,average,2.0,,opt-aad24bc2-3,Optimize Rota 3,reverse,10547.6,10598.6,371.0,392.0,2782.8,5420.4,6665.0,1861.3,616.7,501.3,959.0,21,106,0
2026-09-29-urgup,A-distance,A,distance,none,0.5,average,1.0,,0.5,average,2.0,,opt-aad24bc2-4,Optimize Rota 4,forward,9995.9,10039.3,378.6,355.7,2910.3,5839.0,7001.0,1631.7,469.7,449.2,959.0,21,49,0
2026-09-29-urgup,A-distance,A,distance,none,0.5,average,1.0,,0.5,average,2.0,,opt-aad24bc2-4,Optimize Rota 4,reverse,9995.9,10040.4,354.8,380.9,2910.3,5504.0,6477.9,1443.7,469.7,994.8,959.0,21,52,0
2026-09-29-urgup,A-distance,A,distance,none,0.5,average,1.0,,0.5,average,2.0,,opt-aad24bc2-5,Optimize Rota 5,forward,12446.3,12497.8,423.8,424.3,3336.3,6360.4,7678.4,2046.6,728.7,369.8,913.4,20,90,0
2026-09-29-urgup,A-distance,A,distance,none,0.5,average,1.0,,0.5,average,2.0,,opt-aad24bc2-5,Optimize Rota 5,reverse,12446.3,12497.8,428.6,423.7,3336.3,6446.4,7803.0,2085.2,728.7,332.4,913.4,20,77,0
2026-09-29-urgup,A-distance,A,distance,none,0.5,average,1.0,,0.5,average,2.0,,opt-aad24bc2-6,Optimize Rota 6,forward,25638.0,25822.1,1301.3,1229.4,6801.4,18232.2,22188.0,5285.0,1329.2,3194.6,639.3,14,266,0
2026-09-29-urgup,A-distance,A,distance,none,0.5,average,1.0,,0.5,average,2.0,,opt-aad24bc2-6,Optimize Rota 6,reverse,25638.0,25824.5,1226.1,1307.5,6801.4,16174.3,20778.4,5933.4,1329.3,2631.2,639.3,14,287,0
2026-09-29-urgup,A-distance,A,distance,none,0.5,average,1.0,,0.5,average,2.0,,opt-aad24bc2-7,Optimize Rota 7,forward,3602.8,3627.6,168.3,163.9,948.5,2287.5,2861.8,774.0,199.7,252.4,274.0,6,47,0
2026-09-29-urgup,A-distance,A,distance,none,0.5,average,1.0,,0.5,average,2.0,,opt-aad24bc2-7,Optimize Rota 7,reverse,3602.8,3627.4,165.0,166.1,948.5,2264.5,2875.1,810.3,199.7,261.5,274.0,6,46,0
2026-09-29-urgup,A-distance,A,distance,none,0.5,average,1.0,,0.5,average,2.0,,opt-aad24bc2-8,Optimize Rota 8,forward,2509.5,2516.4,69.8,63.3,681.0,1191.5,1335.6,265.9,121.8,67.2,274.0,6,13,0
2026-09-29-urgup,A-distance,A,distance,none,0.5,average,1.0,,0.5,average,2.0,,opt-aad24bc2-8,Optimize Rota 8,reverse,2509.5,2516.3,65.1,68.9,681.0,1096.6,1270.7,295.9,121.8,82.3,274.0,6,16,0
2026-09-29-urgup,C-dem-scale2.0,C,energy,dem,0.5,average,2.0,,0.5,average,2.0,,opt-f4685de9-1,Optimize Rota 1,forward,8966.0,8992.6,234.5,249.4,2291.2,3765.4,4411.3,1202.2,556.4,140.0,1187.4,26,55,0
2026-09-29-urgup,C-dem-scale2.0,C,energy,dem,0.5,average,2.0,,0.5,average,2.0,,opt-f4685de9-1,Optimize Rota 1,reverse,8966.0,8991.4,248.9,236.9,2291.2,4080.8,4705.0,1180.5,556.3,96.1,1187.4,26,51,0
2026-09-29-urgup,C-dem-scale2.0,C,energy,dem,0.5,average,2.0,,0.5,average,2.0,,opt-f4685de9-2,Optimize Rota 2,forward,8819.3,8859.4,303.1,303.9,2276.3,4486.6,5429.0,1465.8,523.5,309.2,1050.4,23,73,0
2026-09-29-urgup,C-dem-scale2.0,C,energy,dem,0.5,average,2.0,,0.5,average,2.0,,opt-f4685de9-2,Optimize Rota 2,reverse,8819.3,8859.1,306.4,296.9,2276.3,4576.1,5530.5,1477.8,523.5,242.5,1050.4,23,73,0
2026-09-29-urgup,C-dem-scale2.0,C,energy,dem,0.5,average,2.0,,0.5,average,2.0,,opt-f4685de9-3,Optimize Rota 3,forward,10180.5,10225.8,387.8,366.0,2960.8,5896.0,7154.1,1745.5,487.5,340.5,1004.7,22,52,0
2026-09-29-urgup,C-dem-scale2.0,C,energy,dem,0.5,average,2.0,,0.5,average,2.0,,opt-f4685de9-3,Optimize Rota 3,reverse,10180.5,10227.2,364.5,389.4,2960.8,5659.6,6646.6,1474.4,487.5,1037.7,1004.7,22,58,0
2026-09-29-urgup,C-dem-scale2.0,C,energy,dem,0.5,average,2.0,,0.5,average,2.0,,opt-f4685de9-4,Optimize Rota 4,forward,11020.4,11073.0,376.9,414.6,2899.7,5379.4,6764.1,2032.0,647.3,385.8,959.0,21,107,0
2026-09-29-urgup,C-dem-scale2.0,C,energy,dem,0.5,average,2.0,,0.5,average,2.0,,opt-f4685de9-4,Optimize Rota 4,reverse,11020.4,11075.1,426.4,380.9,2899.7,6481.7,7641.7,1807.4,647.4,535.9,959.0,21,104,0
2026-09-29-urgup,C-dem-scale2.0,C,energy,dem,0.5,average,2.0,,0.5,average,2.0,,opt-f4685de9-5,Optimize Rota 5,forward,13473.3,13519.5,384.0,410.4,3630.7,6036.3,7197.7,1956.4,795.0,261.3,913.4,20,101,0
2026-09-29-urgup,C-dem-scale2.0,C,energy,dem,0.5,average,2.0,,0.5,average,2.0,,opt-f4685de9-5,Optimize Rota 5,reverse,13473.3,13520.2,416.9,387.9,3630.7,6794.3,7870.1,1870.8,795.1,311.3,913.4,20,92,0
2026-09-29-urgup,C-dem-scale2.0,C,energy,dem,0.5,average,2.0,,0.5,average,2.0,,opt-f4685de9-6,Optimize Rota 6,forward,27102.0,27285.7,1185.0,1339.0,7159.1,15479.2,20176.0,6138.6,1441.8,2409.8,639.3,14,299,0
2026-09-29-urgup,C-dem-scale2.0,C,energy,dem,0.5,average,2.0,,0.5,average,2.0,,opt-f4685de9-6,Optimize Rota 6,reverse,27102.0,27284.6,1332.0,1206.9,7159.1,19220.0,22925.9,5147.6,1441.8,3218.5,639.3,14,272,0
2026-09-29-urgup,C-dem-scale2.0,C,energy,dem,0.5,average,2.0,,0.5,average,2.0,,opt-f4685de9-7,Optimize Rota 7,forward,2537.3,2544.0,69.8,63.4,687.1,1181.5,1335.6,278.4,124.3,41.0,274.0,6,13,0
2026-09-29-urgup,C-dem-scale2.0,C,energy,dem,0.5,average,2.0,,0.5,average,2.0,,opt-f4685de9-7,Optimize Rota 7,reverse,2537.3,2544.0,65.3,68.9,687.1,1106.3,1278.0,295.9,124.3,82.3,274.0,6,17,0
2026-09-29-urgup,C-dem-scale2.0,C,energy,dem,0.5,average,2.0,,0.5,average,2.0,,opt-f4685de9-8,Optimize Rota 8,forward,2147.0,2155.7,69.3,71.5,568.0,1037.1,1246.1,325.3,116.3,76.0,228.3,5,19,0
2026-09-29-urgup,C-dem-scale2.0,C,energy,dem,0.5,average,2.0,,0.5,average,2.0,,opt-f4685de9-8,Optimize Rota 8,reverse,2147.0,2155.5,73.9,65.0,568.0,1183.6,1366.7,299.4,116.3,90.5,228.3,5,16,0
2026-09-29-urgup,A-planar-average,A,energy,planar,0.5,average,1.0,,0.5,average,2.0,,opt-86af7188-1,Optimize Rota 1,forward,8384.1,8416.0,269.6,275.5,2137.6,4024.2,4898.1,1402.1,528.1,163.3,1187.4,26,52,0
2026-09-29-urgup,A-planar-average,A,energy,planar,0.5,average,1.0,,0.5,average,2.0,,opt-86af7188-1,Optimize Rota 1,reverse,8384.1,8415.3,271.9,273.1,2137.6,4011.1,4854.8,1371.8,528.1,124.4,1187.4,26,49,0
2026-09-29-urgup,A-planar-average,A,energy,planar,0.5,average,1.0,,0.5,average,2.0,,opt-86af7188-2,Optimize Rota 2,forward,8774.7,8820.3,335.3,337.7,2262.5,4745.1,5891.2,1668.1,522.0,342.2,1050.4,23,73,0
2026-09-29-urgup,A-planar-average,A,energy,planar,0.5,average,1.0,,0.5,average,2.0,,opt-86af7188-2,Optimize Rota 2,reverse,8774.7,8819.2,333.3,327.7,2262.5,4768.1,5888.2,1642.0,522.0,289.9,1050.4,23,73,0
2026-09-29-urgup,A-planar-average,A,energy,planar,0.5,average,1.0,,0.5,average,2.0,,opt-86af7188-3,Optimize Rota 3,forward,10547.6,10598.0,403.9,355.0,2782.8,6126.8,7243.7,1733.5,616.6,366.6,959.0,21,103,0
2026-09-29-urgup,A-planar-average,A,energy,planar,0.5,average,1.0,,0.5,average,2.0,,opt-86af7188-3,Optimize Rota 3,reverse,10547.6,10598.6,371.0,392.0,2782.8,5420.4,6665.0,1861.3,616.7,501.3,959.0,21,106,0
2026-09-29-urgup,A-planar-average,A,energy,planar,0.5,average,1.0,,0.5,average,2.0,,opt-86af7188-4,Optimize Rota 4,forward,10000.7,10044.8,378.5,359.6,2908.6,5824.1,7019.4,1670.2,474.8,446.4,959.0,21,47,0
2026-09-29-urgup,A-planar-average,A,energy,planar,0.5,average,1.0,,0.5,average,2.0,,opt-86af7188-4,Optimize Rota 4,reverse,10000.7,10045.5,355.9,380.5,2908.6,5518.9,6479.7,1435.6,474.8,999.5,959.0,21,50,0
2026-09-29-urgup,A-planar-average,A,energy,planar,0.5,average,1.0,,0.5,average,2.0,,opt-86af7188-5,Optimize Rota 5,forward,12451.1,12503.3,423.7,428.2,3334.6,6345.4,7696.8,2085.1,733.7,366.9,913.4,20,88,0
2026-09-29-urgup,A-planar-average,A,energy,planar,0.5,average,1.0,,0.5,average,2.0,,opt-86af7188-5,Optimize Rota 5,reverse,12451.1,12502.9,429.7,423.3,3334.6,6461.3,7804.7,2077.1,733.7,337.2,913.4,20,75,0
2026-09-29-urgup,A-planar-average,A,energy,planar,0.5,average,1.0,,0.5,average,2.0,,opt-86af7188-6,Optimize Rota 6,forward,25642.8,25827.6,1301.2,1233.4,6799.7,18217.3,22206.5,5323.5,1334.2,3191.8,639.3,14,264,0
2026-09-29-urgup,A-planar-average,A,energy,planar,0.5,average,1.0,,0.5,average,2.0,,opt-86af7188-6,Optimize Rota 6,reverse,25642.8,25829.6,1227.2,1307.1,6799.7,16189.2,20780.1,5925.3,1334.3,2635.9,639.3,14,285,0
2026-09-29-urgup,A-planar-average,A,energy,planar,0.5,average,1.0,,0.5,average,2.0,,opt-86af7188-7,Optimize Rota 7,forward,3609.8,3634.9,171.0,164.0,948.4,2327.9,2908.9,783.6,202.6,244.4,274.0,6,48,0
2026-09-29-urgup,A-planar-average,A,energy,planar,0.5,average,1.0,,0.5,average,2.0,,opt-86af7188-7,Optimize Rota 7,reverse,3609.8,3634.9,165.8,168.9,948.4,2247.4,2870.5,825.7,202.6,255.0,274.0,6,47,0
2026-09-29-urgup,A-planar-average,A,energy,planar,0.5,average,1.0,,0.5,average,2.0,,opt-86af7188-8,Optimize Rota 8,forward,2564.7,2575.6,88.2,86.0,677.5,1329.2,1611.3,422.0,139.8,71.5,274.0,6,18,0
2026-09-29-urgup,A-planar-average,A,energy,planar,0.5,average,1.0,,0.5,average,2.0,,opt-86af7188-8,Optimize Rota 8,reverse,2564.7,2575.2,88.0,85.0,677.5,1329.3,1581.6,392.2,139.8,94.2,274.0,6,21,0
2026-09-29-urgup,A-distance,A,distance,none,0.5,average,1.0,,0.5,average,1.0,1000,opt-aad24bc2-1,Optimize Rota 1,forward,8379.2,8407.5,250.3,257.1,2139.3,3840.1,4585.9,1268.6,522.7,160.8,1187.4,26,44,0
2026-09-29-urgup,A-distance,A,distance,none,0.5,average,1.0,,0.5,average,1.0,1000,opt-aad24bc2-1,Optimize Rota 1,reverse,8379.2,8408.0,255.0,256.0,2139.3,3923.6,4659.3,1258.4,522.8,170.3,1187.4,26,42,0
2026-09-29-urgup,A-distance,A,distance,none,0.5,average,1.0,,0.5,average,1.0,1000,opt-aad24bc2-2,Optimize Rota 2,forward,8718.6,8755.4,294.0,296.0,2262.9,4401.6,5305.2,1408.8,505.1,325.5,1050.4,23,50,0
2026-09-29-urgup,A-distance,A,distance,none,0.5,average,1.0,,0.5,average,1.0,1000,opt-aad24bc2-2,Optimize Rota 2,reverse,8718.6,8755.3,295.2,291.6,2262.9,4455.2,5335.4,1385.3,505.1,327.4,1050.4,23,54,0
2026-09-29-urgup,A-distance,A,distance,none,0.5,average,1.0,,0.5,average,1.0,1000,opt-aad24bc2-3,Optimize Rota 3,forward,10547.6,10588.8,340.4,310.2,2782.8,5488.9,6326.9,1454.1,616.1,359.2,959.0,21,75,0
2026-09-29-urgup,A-distance,A,distance,none,0.5,average,1.0,,0.5,average,1.0,1000,opt-aad24bc2-3,Optimize Rota 3,reverse,10547.6,10589.8,325.2,337.5,2782.8,5035.1,5983.6,1564.6,616.1,383.5,959.0,21,82,0
2026-09-29-urgup,A-distance,A,distance,none,0.5,average,1.0,,0.5,average,1.0,1000,opt-aad24bc2-4,Optimize Rota 4,forward,9995.9,10030.8,310.2,306.3,2910.3,5161.2,6059.8,1367.9,469.4,393.5,959.0,21,42,0
2026-09-29-urgup,A-distance,A,distance,none,0.5,average,1.0,,0.5,average,1.0,1000,opt-aad24bc2-4,Optimize Rota 4,reverse,9995.9,10031.8,312.4,310.9,2910.3,5167.4,5901.5,1203.5,469.4,613.8,959.0,21,44,0
2026-09-29-urgup,A-distance,A,distance,none,0.5,average,1.0,,0.5,average,1.0,1000,opt-aad24bc2-5,Optimize Rota 5,forward,12446.3,12488.5,380.2,373.0,3336.3,6009.0,7054.6,1773.6,728.0,268.1,913.4,20,62,0
2026-09-29-urgup,A-distance,A,distance,none,0.5,average,1.0,,0.5,average,1.0,1000,opt-aad24bc2-5,Optimize Rota 5,reverse,12446.3,12490.3,378.7,385.5,3336.3,5916.4,7042.3,1853.9,728.1,277.3,913.4,20,59,0
2026-09-29-urgup,A-distance,A,distance,none,0.5,average,1.0,,0.5,average,1.0,1000,opt-aad24bc2-6,Optimize Rota 6,forward,25638.0,25744.7,884.4,882.5,6801.4,13462.1,16089.8,3953.1,1325.4,1399.1,639.3,14,135,0
2026-09-29-urgup,A-distance,A,distance,none,0.5,average,1.0,,0.5,average,1.0,1000,opt-aad24bc2-6,Optimize Rota 6,reverse,25638.0,25745.8,885.7,886.6,6801.4,13229.7,15984.9,4080.7,1325.5,1086.7,639.3,14,127,0
2026-09-29-urgup,A-distance,A,distance,none,0.5,average,1.0,,0.5,average,1.0,1000,opt-aad24bc2-7,Optimize Rota 7,forward,3602.8,3619.5,134.2,128.5,948.5,2020.0,2405.9,585.1,199.2,213.0,274.0,6,25,0
2026-09-29-urgup,A-distance,A,distance,none,0.5,average,1.0,,0.5,average,1.0,1000,opt-aad24bc2-7,Optimize Rota 7,reverse,3602.8,3618.9,127.0,129.5,948.5,1874.8,2278.5,603.0,199.2,171.3,274.0,6,27,0
2026-09-29-urgup,A-distance,A,distance,none,0.5,average,1.0,,0.5,average,1.0,1000,opt-aad24bc2-8,Optimize Rota 8,forward,2509.5,2518.1,74.6,73.7,681.0,1213.4,1415.0,323.5,121.9,93.3,274.0,6,16,0
2026-09-29-urgup,A-distance,A,distance,none,0.5,average,1.0,,0.5,average,1.0,1000,opt-aad24bc2-8,Optimize Rota 8,reverse,2509.5,2517.8,68.7,77.4,681.0,1131.4,1343.5,334.0,121.9,133.5,274.0,6,18,0
2026-09-29-urgup,D-noise-000,D,energy,dem,0.5,average,1.0,1000,0.5,average,1.0,1000,opt-c55a260b-1,Optimize Rota 1,forward,8782.3,8807.6,227.9,240.8,2244.2,3703.5,4314.5,1156.3,545.2,152.6,1187.4,26,50,0
2026-09-29-urgup,D-noise-000,D,energy,dem,0.5,average,1.0,1000,0.5,average,1.0,1000,opt-c55a260b-1,Optimize Rota 1,reverse,8782.3,8808.8,245.8,238.4,2244.2,3995.4,4598.2,1148.1,545.3,157.8,1187.4,26,38,0
2026-09-29-urgup,D-noise-000,D,energy,dem,0.5,average,1.0,1000,0.5,average,1.0,1000,opt-c55a260b-2,Optimize Rota 2,forward,9048.3,9081.4,266.8,279.0,2322.3,4114.4,4908.5,1341.4,547.3,228.5,1050.4,23,50,0
2026-09-29-urgup,D-noise-000,D,energy,dem,0.5,average,1.0,1000,0.5,average,1.0,1000,opt-c55a260b-2,Optimize Rota 2,reverse,9048.3,9081.8,281.3,268.2,2322.3,4474.4,5207.6,1280.6,547.3,287.2,1050.4,23,45,0
2026-09-29-urgup,D-noise-000,D,energy,dem,0.5,average,1.0,1000,0.5,average,1.0,1000,opt-c55a260b-3,Optimize Rota 3,forward,11229.3,11269.1,312.5,340.1,2960.5,4952.9,5886.9,1596.4,662.4,316.4,959.0,21,75,0
2026-09-29-urgup,D-noise-000,D,energy,dem,0.5,average,1.0,1000,0.5,average,1.0,1000,opt-c55a260b-3,Optimize Rota 3,reverse,11229.3,11268.0,338.6,303.8,2960.5,5644.2,6388.4,1406.5,662.3,333.9,959.0,21,64,0
2026-09-29-urgup,D-noise-000,D,energy,dem,0.5,average,1.0,1000,0.5,average,1.0,1000,opt-c55a260b-4,Optimize Rota 4,forward,10080.2,10114.1,302.2,302.2,2931.8,5083.5,5947.2,1339.4,475.7,388.9,959.0,21,39,0
2026-09-29-urgup,D-noise-000,D,energy,dem,0.5,average,1.0,1000,0.5,average,1.0,1000,opt-c55a260b-4,Optimize Rota 4,reverse,10080.2,10114.8,306.1,304.3,2931.8,5144.4,5839.1,1170.4,475.8,608.6,959.0,21,40,0
2026-09-29-urgup,D-noise-000,D,energy,dem,0.5,average,1.0,1000,0.5,average,1.0,1000,opt-c55a260b-5,Optimize Rota 5,forward,13311.7,13353.1,358.3,390.4,3551.8,5691.9,6739.9,1836.4,788.4,236.3,913.4,20,77,0
2026-09-29-urgup,D-noise-000,D,energy,dem,0.5,average,1.0,1000,0.5,average,1.0,1000,opt-c55a260b-5,Optimize Rota 5,reverse,13311.7,13354.6,397.1,373.1,3551.8,6512.4,7513.1,1789.2,788.5,288.4,913.4,20,69,0
2026-09-29-urgup,D-noise-000,D,energy,dem,0.5,average,1.0,1000,0.5,average,1.0,1000,opt-c55a260b-6,Optimize Rota 6,forward,26392.0,26496.6,850.0,889.6,6984.2,12788.1,15473.2,4069.8,1384.6,1048.0,639.3,14,131,0
2026-09-29-urgup,D-noise-000,D,energy,dem,0.5,average,1.0,1000,0.5,average,1.0,1000,opt-c55a260b-6,Optimize Rota 6,reverse,26392.0,26495.9,889.9,856.6,6984.2,13877.7,16344.7,3851.6,1384.6,1312.3,639.3,14,129,0
2026-09-29-urgup,D-noise-000,D,energy,dem,0.5,average,1.0,1000,0.5,average,1.0,1000,opt-c55a260b-7,Optimize Rota 7,forward,4097.4,4114.8,140.0,140.3,1092.9,2113.0,2552.2,655.3,216.1,166.5,319.7,7,24,0
2026-09-29-urgup,D-noise-000,D,energy,dem,0.5,average,1.0,1000,0.5,average,1.0,1000,opt-c55a260b-7,Optimize Rota 7,reverse,4097.4,4114.4,136.9,139.4,1092.9,2117.9,2536.6,634.8,216.1,220.5,319.7,7,31,0
2026-09-29-urgup,D-noise-000,D,energy,dem,0.5,average,1.0,1000,0.5,average,1.0,1000,opt-c55a260b-8,Optimize Rota 8,forward,2221.6,2228.3,58.6,61.3,587.5,988.1,1136.5,269.0,120.6,85.2,228.3,5,14,0
2026-09-29-urgup,D-noise-000,D,energy,dem,0.5,average,1.0,1000,0.5,average,1.0,1000,opt-c55a260b-8,Optimize Rota 8,reverse,2221.6,2227.6,51.6,61.7,587.5,872.7,1022.9,270.7,120.5,77.6,228.3,5,16,0
2026-09-29-urgup,D-noise-000,D,energy,dem,0.5,average,1.0,1000,0.5,average,1.0,,opt-c55a260b-1,Optimize Rota 1,forward,8782.3,8792.5,138.7,143.1,2244.2,2999.5,3077.6,622.5,544.4,23.0,1187.4,26,20,0
2026-09-29-urgup,D-noise-000,D,energy,dem,0.5,average,1.0,1000,0.5,average,1.0,,opt-c55a260b-1,Optimize Rota 1,reverse,8782.3,8792.7,143.5,141.9,2244.2,3071.6,3136.1,608.9,544.4,25.0,1187.4,26,22,0
2026-09-29-urgup,D-noise-000,D,energy,dem,0.5,average,1.0,1000,0.5,average,1.0,,opt-c55a260b-2,Optimize Rota 2,forward,9048.3,9065.2,188.6,187.8,2322.3,3507.2,3837.7,876.9,546.4,48.5,1050.4,23,12,0
2026-09-29-urgup,D-noise-000,D,energy,dem,0.5,average,1.0,1000,0.5,average,1.0,,opt-c55a260b-2,Optimize Rota 2,reverse,9048.3,9065.1,188.7,184.1,2322.3,3539.9,3858.6,865.1,546.4,41.3,1050.4,23,15,0
2026-09-29-urgup,D-noise-000,D,energy,dem,0.5,average,1.0,1000,0.5,average,1.0,,opt-c55a260b-3,Optimize Rota 3,forward,11229.3,11251.1,229.3,236.1,2960.5,4341.7,4757.9,1077.6,661.4,94.3,959.0,21,33,0
2026-09-29-urgup,D-noise-000,D,energy,dem,0.5,average,1.0,1000,0.5,average,1.0,,opt-c55a260b-3,Optimize Rota 3,reverse,11229.3,11250.7,236.7,225.0,2960.5,4557.6,4926.6,1030.3,661.4,98.6,959.0,21,32,0
2026-09-29-urgup,D-noise-000,D,energy,dem,0.5,average,1.0,1000,0.5,average,1.0,,opt-c55a260b-4,Optimize Rota 4,forward,10080.2,10094.7,196.4,195.1,2931.8,4102.3,4409.5,782.1,474.8,135.8,959.0,21,15,0
2026-09-29-urgup,D-noise-000,D,energy,dem,0.5,average,1.0,1000,0.5,average,1.0,,opt-c55a260b-4,Optimize Rota 4,reverse,10080.2,10094.5,192.8,196.5,2931.8,3922.3,4177.6,730.1,474.8,100.0,959.0,21,14,0
2026-09-29-urgup,D-noise-000,D,energy,dem,0.5,average,1.0,1000,0.5,average,1.0,,opt-c55a260b-5,Optimize Rota 5,forward,13311.7,13329.8,230.6,234.4,3551.8,4837.4,5068.5,1018.2,787.1,38.5,913.4,20,36,0
2026-09-29-urgup,D-noise-000,D,energy,dem,0.5,average,1.0,1000,0.5,average,1.0,,opt-c55a260b-5,Optimize Rota 5,reverse,13311.7,13330.0,236.9,234.0,3551.8,4978.1,5229.6,1038.6,787.1,53.0,913.4,20,29,0
2026-09-29-urgup,D-noise-000,D,energy,dem,0.5,average,1.0,1000,0.5,average,1.0,,opt-c55a260b-6,Optimize Rota 6,forward,26392.0,26468.6,738.4,755.4,6984.2,11701.2,13776.2,3458.2,1383.1,488.3,639.3,14,78,0
2026-09-29-urgup,D-noise-000,D,energy,dem,0.5,average,1.0,1000,0.5,average,1.0,,opt-c55a260b-6,Optimize Rota 6,reverse,26392.0,26467.7,750.5,739.6,6984.2,12415.3,14366.3,3334.1,1383.1,897.2,639.3,14,78,0
2026-09-29-urgup,D-noise-000,D,energy,dem,0.5,average,1.0,1000,0.5,average,1.0,,opt-c55a260b-7,Optimize Rota 7,forward,4097.4,4107.5,97.2,95.0,1092.9,1727.8,1950.7,438.7,215.8,37.6,319.7,7,17,0
2026-09-29-urgup,D-noise-000,D,energy,dem,0.5,average,1.0,1000,0.5,average,1.0,,opt-c55a260b-7,Optimize Rota 7,reverse,4097.4,4107.5,96.5,94.7,1092.9,1724.7,1951.2,442.3,215.8,35.6,319.7,7,19,0
2026-09-29-urgup,D-noise-000,D,energy,dem,0.5,average,1.0,1000,0.5,average,1.0,,opt-c55a260b-8,Optimize Rota 8,forward,2221.6,2224.3,37.8,36.4,587.5,800.3,823.5,143.6,120.4,9.2,228.3,5,8,0
2026-09-29-urgup,D-noise-000,D,energy,dem,0.5,average,1.0,1000,0.5,average,1.0,,opt-c55a260b-8,Optimize Rota 8,reverse,2221.6,2224.5,38.2,37.7,587.5,818.3,869.9,172.0,120.4,4.0,228.3,5,7,0
2026-09-29-urgup,A-distance,A,distance,none,0.5,average,1.0,,0.5,average,1.0,1001,opt-aad24bc2-1,Optimize Rota 1,forward,8379.2,8404.2,234.0,245.0,2139.3,3632.7,4335.8,1225.8,522.6,80.0,1187.4,26,38,0
2026-09-29-urgup,A-distance,A,distance,none,0.5,average,1.0,,0.5,average,1.0,1001,opt-aad24bc2-1,Optimize Rota 1,reverse,8379.2,8403.9,238.1,236.0,2139.3,3782.2,4440.5,1180.8,522.6,94.0,1187.4,26,40,0
2026-09-29-urgup,A-distance,A,distance,none,0.5,average,1.0,,0.5,average,1.0,1001,opt-aad24bc2-2,Optimize Rota 2,forward,8718.6,8749.7,273.0,269.5,2262.9,4224.5,5004.1,1284.5,504.8,239.4,1050.4,23,40,0
2026-09-29-urgup,A-distance,A,distance,none,0.5,average,1.0,,0.5,average,1.0,1001,opt-aad24bc2-2,Optimize Rota 2,reverse,8718.6,8749.2,268.2,264.8,2262.9,4174.9,4971.6,1301.5,504.8,177.9,1050.4,23,46,0
2026-09-29-urgup,A-distance,A,distance,none,0.5,average,1.0,,0.5,average,1.0,1001,opt-aad24bc2-3,Optimize Rota 3,forward,10547.6,10584.1,319.2,312.0,2782.8,5131.2,6019.6,1504.1,615.7,285.5,959.0,21,65,0
2026-09-29-urgup,A-distance,A,distance,none,0.5,average,1.0,,0.5,average,1.0,1001,opt-aad24bc2-3,Optimize Rota 3,reverse,10547.6,10583.1,306.0,322.4,2782.8,4774.2,5689.0,1530.5,615.7,245.3,959.0,21,65,0
2026-09-29-urgup,A-distance,A,distance,none,0.5,average,1.0,,0.5,average,1.0,1001,opt-aad24bc2-4,Optimize Rota 4,forward,9995.9,10028.4,295.4,304.2,2910.3,4891.7,5813.1,1390.7,469.3,294.8,959.0,21,40,0
2026-09-29-urgup,A-distance,A,distance,none,0.5,average,1.0,,0.5,average,1.0,1001,opt-aad24bc2-4,Optimize Rota 4,reverse,9995.9,10029.0,305.1,304.3,2910.3,5093.6,5831.6,1207.2,469.3,555.3,959.0,21,39,0
2026-09-29-urgup,A-distance,A,distance,none,0.5,average,1.0,,0.5,average,1.0,1001,opt-aad24bc2-5,Optimize Rota 5,forward,12446.3,12486.4,362.2,362.5,3336.3,5821.7,6849.4,1755.6,727.9,221.4,913.4,20,56,0
2026-09-29-urgup,A-distance,A,distance,none,0.5,average,1.0,,0.5,average,1.0,1001,opt-aad24bc2-5,Optimize Rota 5,reverse,12446.3,12487.6,374.0,366.2,3336.3,5953.2,6988.8,1763.6,728.0,223.2,913.4,20,43,0
2026-09-29-urgup,A-distance,A,distance,none,0.5,average,1.0,,0.5,average,1.0,1001,opt-aad24bc2-6,Optimize Rota 6,forward,25638.0,25745.3,890.8,898.4,6801.4,13341.0,16103.1,4087.5,1325.4,1263.2,639.3,14,129,0
2026-09-29-urgup,A-distance,A,distance,none,0.5,average,1.0,,0.5,average,1.0,1001,opt-aad24bc2-6,Optimize Rota 6,reverse,25638.0,25746.1,889.6,895.1,6801.4,13392.2,16181.3,4114.5,1325.5,1252.1,639.3,14,140,0
2026-09-29-urgup,A-distance,A,distance,none,0.5,average,1.0,,0.5,average,1.0,1001,opt-aad24bc2-7,Optimize Rota 7,forward,3602.8,3619.6,134.2,126.1,948.5,1978.3,2376.2,597.2,199.3,131.9,274.0,6,32,0
2026-09-29-urgup,A-distance,A,distance,none,0.5,average,1.0,,0.5,average,1.0,1001,opt-aad24bc2-7,Optimize Rota 7,reverse,3602.8,3619.2,130.0,126.8,948.5,1943.2,2376.4,632.5,199.2,123.5,274.0,6,32,0
2026-09-29-urgup,A-distance,A,distance,none,0.5,average,1.0,,0.5,average,1.0,1001,opt-aad24bc2-8,Optimize Rota 8,forward,2509.5,2516.1,68.5,65.6,681.0,1154.5,1310.7,278.0,121.8,67.1,274.0,6,11,0
2026-09-29-urgup,A-distance,A,distance,none,0.5,average,1.0,,0.5,average,1.0,1001,opt-aad24bc2-8,Optimize Rota 8,reverse,2509.5,2516.0,64.9,67.7,681.0,1104.2,1278.6,296.2,121.8,76.1,274.0,6,14,0
2026-09-29-urgup,D-noise-001,D,energy,dem,0.5,average,1.0,1001,0.5,average,1.0,1001,opt-6de2cd99-1,Optimize Rota 1,forward,8812.7,8837.1,219.9,249.8,2249.5,3473.9,4163.9,1240.2,550.2,70.8,1187.4,26,43,0
2026-09-29-urgup,D-noise-001,D,energy,dem,0.5,average,1.0,1001,0.5,average,1.0,1001,opt-6de2cd99-1,Optimize Rota 1,reverse,8812.7,8837.6,251.2,232.9,2249.5,4098.6,4709.3,1161.0,550.3,89.6,1187.4,26,37,0
2026-09-29-urgup,D-noise-001,D,energy,dem,0.5,average,1.0,1001,0.5,average,1.0,1001,opt-6de2cd99-2,Optimize Rota 2,forward,9231.2,9260.5,258.8,265.8,2380.1,4088.3,4807.5,1266.3,547.1,171.9,1050.4,23,47,0
2026-09-29-urgup,D-noise-001,D,energy,dem,0.5,average,1.0,1001,0.5,average,1.0,1001,opt-6de2cd99-2,Optimize Rota 2,reverse,9231.2,9260.8,275.2,255.7,2380.1,4470.4,5169.5,1246.2,547.1,189.2,1050.4,23,42,0
2026-09-29-urgup,D-noise-001,D,energy,dem,0.5,average,1.0,1001,0.5,average,1.0,1001,opt-6de2cd99-3,Optimize Rota 3,forward,11200.8,11236.3,292.4,327.6,2874.9,4625.4,5512.7,1575.1,687.8,225.3,959.0,21,78,0
2026-09-29-urgup,D-noise-001,D,energy,dem,0.5,average,1.0,1001,0.5,average,1.0,1001,opt-6de2cd99-3,Optimize Rota 3,reverse,11200.8,11237.5,327.8,307.8,2874.9,5393.4,6198.0,1492.5,687.9,282.6,959.0,21,69,0
2026-09-29-urgup,D-noise-001,D,energy,dem,0.5,average,1.0,1001,0.5,average,1.0,1001,opt-6de2cd99-4,Optimize Rota 4,forward,10009.5,10041.3,292.2,302.3,2920.5,4858.8,5767.5,1372.4,463.8,294.2,959.0,21,40,0
2026-09-29-urgup,D-noise-001,D,energy,dem,0.5,average,1.0,1001,0.5,average,1.0,1001,opt-6de2cd99-4,Optimize Rota 4,reverse,10009.5,10042.3,303.5,300.5,2920.5,5110.2,5829.1,1182.7,463.8,558.8,959.0,21,38,0
2026-09-29-urgup,D-noise-001,D,energy,dem,0.5,average,1.0,1001,0.5,average,1.0,1001,opt-6de2cd99-5,Optimize Rota 5,forward,13140.8,13177.9,339.7,361.6,3504.1,5607.2,6567.8,1743.7,783.1,175.9,913.4,20,68,0
2026-09-29-urgup,D-noise-001,D,energy,dem,0.5,average,1.0,1001,0.5,average,1.0,1001,opt-6de2cd99-5,Optimize Rota 5,reverse,13140.8,13180.4,373.0,355.5,3504.1,6180.5,7100.1,1702.9,783.3,218.4,913.4,20,52,0
2026-09-29-urgup,D-noise-001,D,energy,dem,0.5,average,1.0,1001,0.5,average,1.0,1001,opt-6de2cd99-6,Optimize Rota 6,forward,26576.9,26684.3,867.1,913.4,7010.2,13050.2,15848.3,4212.2,1414.1,1182.7,639.3,14,145,0
2026-09-29-urgup,D-noise-001,D,energy,dem,0.5,average,1.0,1001,0.5,average,1.0,1001,opt-6de2cd99-6,Optimize Rota 6,reverse,26576.9,26683.4,914.6,882.5,7010.2,13999.9,16614.4,4028.5,1414.1,1214.5,639.3,14,128,0
2026-09-29-urgup,D-noise-001,D,energy,dem,0.5,average,1.0,1001,0.5,average,1.0,1001,opt-6de2cd99-7,Optimize Rota 7,forward,3729.1,3743.9,116.6,123.2,992.0,1755.9,2148.8,590.8,197.9,94.5,274.0,6,28,0
2026-09-29-urgup,D-noise-001,D,energy,dem,0.5,average,1.0,1001,0.5,average,1.0,1001,opt-6de2cd99-7,Optimize Rota 7,reverse,3729.1,3743.5,124.8,108.9,992.0,2079.9,2358.8,476.9,197.9,216.6,274.0,6,32,0
2026-09-29-urgup,D-noise-001,D,energy,dem,0.5,average,1.0,1001,0.5,average,1.0,1001,opt-6de2cd99-8,Optimize Rota 8,forward,2509.5,2516.1,68.5,65.6,681.0,1154.5,1310.7,278.0,121.8,67.1,274.0,6,11,0
2026-09-29-urgup,D-noise-001,D,energy,dem,0.5,average,1.0,1001,0.5,average,1.0,1001,opt-6de2cd99-8,Optimize Rota 8,reverse,2509.5,2516.0,64.9,67.7,681.0,1104.2,1278.6,296.2,121.8,76.1,274.0,6,14,0
2026-09-29-urgup,D-noise-001,D,energy,dem,0.5,average,1.0,1001,0.5,average,1.0,,opt-6de2cd99-1,Optimize Rota 1,forward,8812.7,8822.4,140.9,142.2,2249.5,3039.9,3115.7,625.1,549.3,11.1,1187.4,26,17,0
2026-09-29-urgup,D-noise-001,D,energy,dem,0.5,average,1.0,1001,0.5,average,1.0,,opt-6de2cd99-1,Optimize Rota 1,reverse,8812.7,8822.0,140.4,143.1,2249.5,2998.6,3052.5,603.2,549.3,17.8,1187.4,26,16,0
2026-09-29-urgup,D-noise-001,D,energy,dem,0.5,average,1.0,1001,0.5,average,1.0,,opt-6de2cd99-2,Optimize Rota 2,forward,9231.2,9247.8,187.5,183.6,2380.1,3566.1,3847.2,827.5,546.4,65.3,1050.4,23,15,0
2026-09-29-urgup,D-noise-001,D,energy,dem,0.5,average,1.0,1001,0.5,average,1.0,,opt-6de2cd99-2,Optimize Rota 2,reverse,9231.2,9247.5,183.7,184.1,2380.1,3524.6,3843.9,865.7,546.4,41.5,1050.4,23,18,0
2026-09-29-urgup,D-noise-001,D,energy,dem,0.5,average,1.0,1001,0.5,average,1.0,,opt-6de2cd99-3,Optimize Rota 3,forward,11200.8,11226.7,257.6,258.7,2874.9,4535.7,5078.5,1230.1,687.3,95.3,959.0,21,46,0
2026-09-29-urgup,D-noise-001,D,energy,dem,0.5,average,1.0,1001,0.5,average,1.0,,opt-6de2cd99-3,Optimize Rota 3,reverse,11200.8,11227.3,263.7,261.5,2874.9,4665.2,5244.1,1266.3,687.3,126.1,959.0,21,42,0
2026-09-29-urgup,D-noise-001,D,energy,dem,0.5,average,1.0,1001,0.5,average,1.0,,opt-6de2cd99-4,Optimize Rota 4,forward,10009.5,10024.1,196.4,194.9,2920.5,4096.6,4417.8,784.1,463.0,136.1,959.0,21,16,0
2026-09-29-urgup,D-noise-001,D,energy,dem,0.5,average,1.0,1001,0.5,average,1.0,,opt-6de2cd99-4,Optimize Rota 4,reverse,10009.5,10023.9,192.7,196.4,2920.5,3914.0,4183.5,732.4,463.0,100.0,959.0,21,13,0
2026-09-29-urgup,D-noise-001,D,energy,dem,0.5,average,1.0,1001,0.5,average,1.0,,opt-6de2cd99-5,Optimize Rota 5,forward,13140.8,13158.7,230.0,235.5,3504.1,4780.0,5037.2,1039.1,781.9,28.9,913.4,20,35,0
2026-09-29-urgup,D-noise-001,D,energy,dem,0.5,average,1.0,1001,0.5,average,1.0,,opt-6de2cd99-5,Optimize Rota 5,reverse,13140.8,13158.8,238.0,235.6,3504.1,4923.1,5173.5,1032.3,781.9,60.5,913.4,20,29,0
2026-09-29-urgup,D-noise-001,D,energy,dem,0.5,average,1.0,1001,0.5,average,1.0,,opt-6de2cd99-6,Optimize Rota 6,forward,26576.9,26657.4,768.1,783.4,7010.2,11977.7,14193.7,3628.7,1412.7,496.0,639.3,14,75,0
2026-09-29-urgup,D-noise-001,D,energy,dem,0.5,average,1.0,1001,0.5,average,1.0,,opt-6de2cd99-6,Optimize Rota 6,reverse,26576.9,26655.5,775.8,769.1,7010.2,12609.0,14732.9,3536.4,1412.6,872.0,639.3,14,79,0
2026-09-29-urgup,D-noise-001,D,energy,dem,0.5,average,1.0,1001,0.5,average,1.0,,opt-6de2cd99-7,Optimize Rota 7,forward,3729.1,3739.9,98.2,101.0,992.0,1611.2,1899.6,486.1,197.7,35.5,274.0,6,21,0
2026-09-29-urgup,D-noise-001,D,energy,dem,0.5,average,1.0,1001,0.5,average,1.0,,opt-6de2cd99-7,Optimize Rota 7,reverse,3729.1,3739.8,103.1,92.9,992.0,1801.2,2014.5,411.0,197.7,119.9,274.0,6,23,0
2026-09-29-urgup,D-noise-001,D,energy,dem,0.5,average,1.0,1001,0.5,average,1.0,,opt-6de2cd99-8,Optimize Rota 8,forward,2509.5,2511.6,35.5,33.9,681.0,867.5,864.0,118.1,121.6,10.4,274.0,6,8,0
2026-09-29-urgup,D-noise-001,D,energy,dem,0.5,average,1.0,1001,0.5,average,1.0,,opt-6de2cd99-8,Optimize Rota 8,reverse,2509.5,2511.7,35.0,35.9,681.0,847.2,859.4,133.7,121.6,7.5,274.0,6,8,0
2026-09-29-urgup,A-distance,A,distance,none,0.5,average,1.0,,0.5,average,1.0,1002,opt-aad24bc2-1,Optimize Rota 1,forward,8379.2,8403.7,222.0,233.9,2139.3,3533.9,4153.0,1141.6,522.6,100.6,1187.4,26,41,0
2026-09-29-urgup,A-distance,A,distance,none,0.5,average,1.0,,0.5,average,1.0,1002,opt-aad24bc2-1,Optimize Rota 1,reverse,8379.2,8403.5,217.2,231.6,2139.3,3499.4,4114.1,1137.2,522.5,106.0,1187.4,26,45,0
2026-09-29-urgup,A-distance,A,distance,none,0.5,average,1.0,,0.5,average,1.0,1002,opt-aad24bc2-2,Optimize Rota 2,forward,8718.6,8748.2,264.9,270.7,2262.9,4086.9,4883.7,1301.6,504.7,219.1,1050.4,23,33,0
2026-09-29-urgup,A-distance,A,distance,none,0.5,average,1.0,,0.5,average,1.0,1002,opt-aad24bc2-2,Optimize Rota 2,reverse,8718.6,8747.6,267.6,262.5,2262.9,4181.0,4974.0,1297.7,504.7,165.5,1050.4,23,37,0
2026-09-29-urgup,A-distance,A,distance,none,0.5,average,1.0,,0.5,average,1.0,1002,opt-aad24bc2-3,Optimize Rota 3,forward,10547.6,10585.2,321.3,319.2,2782.8,5064.6,5983.5,1534.7,615.9,258.4,959.0,21,70,0
2026-09-29-urgup,A-distance,A,distance,none,0.5,average,1.0,,0.5,average,1.0,1002,opt-aad24bc2-3,Optimize Rota 3,reverse,10547.6,10584.6,319.4,319.3,2782.8,5058.8,5986.2,1543.2,615.8,268.9,959.0,21,67,0
2026-09-29-urgup,A-distance,A,distance,none,0.5,average,1.0,,0.5,average,1.0,1002,opt-aad24bc2-4,Optimize Rota 4,forward,9995.9,10026.0,288.1,290.4,2910.3,4884.8,5767.5,1351.9,469.2,248.2,959.0,21,38,0
2026-09-29-urgup,A-distance,A,distance,none,0.5,average,1.0,,0.5,average,1.0,1002,opt-aad24bc2-4,Optimize Rota 4,reverse,9995.9,10026.0,283.5,293.0,2910.3,4740.5,5433.9,1162.5,469.1,426.0,959.0,21,42,0
2026-09-29-urgup,A-distance,A,distance,none,0.5,average,1.0,,0.5,average,1.0,1002,opt-aad24bc2-5,Optimize Rota 5,forward,12446.3,12484.3,351.7,351.1,3336.3,5699.5,6607.9,1636.2,727.8,235.6,913.4,20,60,0
2026-09-29-urgup,A-distance,A,distance,none,0.5,average,1.0,,0.5,average,1.0,1002,opt-aad24bc2-5,Optimize Rota 5,reverse,12446.3,12485.5,350.9,354.6,3336.3,5709.0,6652.0,1670.8,727.8,261.2,913.4,20,57,0
2026-09-29-urgup,A-distance,A,distance,none,0.5,average,1.0,,0.5,average,1.0,1002,opt-aad24bc2-6,Optimize Rota 6,forward,25638.0,25742.0,890.1,873.5,6801.4,13555.6,16160.8,3930.4,1325.3,1317.0,639.3,14,130,0
2026-09-29-urgup,A-distance,A,distance,none,0.5,average,1.0,,0.5,average,1.0,1002,opt-aad24bc2-6,Optimize Rota 6,reverse,25638.0,25742.6,868.4,893.6,6801.4,12924.3,15724.2,4125.2,1325.3,1081.2,639.3,14,138,0
2026-09-29-urgup,A-distance,A,distance,none,0.5,average,1.0,,0.5,average,1.0,1002,opt-aad24bc2-7,Optimize Rota 7,forward,3602.8,3615.8,115.0,111.4,948.5,1797.9,2117.7,518.8,199.0,118.6,274.0,6,17,0
2026-09-29-urgup,A-distance,A,distance,none,0.5,average,1.0,,0.5,average,1.0,1002,opt-aad24bc2-7,Optimize Rota 7,reverse,3602.8,3615.5,113.2,108.5,948.5,1775.7,2101.9,525.2,199.0,77.6,274.0,6,20,0
2026-09-29-urgup,A-distance,A,distance,none,0.5,average,1.0,,0.5,average,1.0,1002,opt-aad24bc2-8,Optimize Rota 8,forward,2509.5,2517.5,71.3,72.7,681.0,1161.8,1359.4,319.5,121.8,82.8,274.0,6,14,0
2026-09-29-urgup,A-distance,A,distance,none,0.5,average,1.0,,0.5,average,1.0,1002,opt-aad24bc2-8,Optimize Rota 8,reverse,2509.5,2517.0,70.3,70.7,681.0,1158.8,1349.3,312.3,121.8,74.9,274.0,6,13,0
2026-09-29-urgup,D-noise-002,D,energy,dem,0.5,average,1.0,1002,0.5,average,1.0,1002,opt-ef4852df-1,Optimize Rota 1,forward,8576.2,8600.0,206.5,233.9,2188.8,3340.8,3937.9,1132.6,535.5,95.4,1187.4,26,48,0
2026-09-29-urgup,D-noise-002,D,energy,dem,0.5,average,1.0,1002,0.5,average,1.0,1002,opt-ef4852df-1,Optimize Rota 1,reverse,8576.2,8599.6,223.4,222.3,2188.8,3718.8,4247.0,1063.7,535.5,138.9,1187.4,26,47,0
2026-09-29-urgup,D-noise-002,D,energy,dem,0.5,average,1.0,1002,0.5,average,1.0,1002,opt-ef4852df-2,Optimize Rota 2,forward,8889.4,8917.7,259.1,266.1,2305.2,4055.4,4825.1,1286.5,516.7,185.7,1050.4,23,34,0
2026-09-29-urgup,D-noise-002,D,energy,dem,0.5,average,1.0,1002,0.5,average,1.0,1002,opt-ef4852df-2,Optimize Rota 2,reverse,8889.4,8916.9,263.8,254.8,2305.2,4202.4,4927.9,1242.2,516.7,159.2,1050.4,23,38,0
2026-09-29-urgup,D-noise-002,D,energy,dem,0.5,average,1.0,1002,0.5,average,1.0,1002,opt-ef4852df-3,Optimize Rota 3,forward,10752.2,10787.5,301.2,314.7,2835.1,4838.5,5691.5,1483.5,630.6,271.4,959.0,21,68,0
2026-09-29-urgup,D-noise-002,D,energy,dem,0.5,average,1.0,1002,0.5,average,1.0,1002,opt-ef4852df-3,Optimize Rota 3,reverse,10752.2,10787.0,308.9,307.5,2835.1,5032.2,5862.8,1461.1,630.5,275.3,959.0,21,65,0
2026-09-29-urgup,D-noise-002,D,energy,dem,0.5,average,1.0,1002,0.5,average,1.0,1002,opt-ef4852df-4,Optimize Rota 4,forward,10187.8,10216.1,279.4,282.1,2959.3,4824.1,5637.5,1303.2,489.8,211.5,959.0,21,37,0
2026-09-29-urgup,D-noise-002,D,energy,dem,0.5,average,1.0,1002,0.5,average,1.0,1002,opt-ef4852df-4,Optimize Rota 4,reverse,10187.8,10216.9,281.8,284.7,2959.3,4805.2,5441.3,1125.9,489.8,396.3,959.0,21,39,0
2026-09-29-urgup,D-noise-002,D,energy,dem,0.5,average,1.0,1002,0.5,average,1.0,1002,opt-ef4852df-5,Optimize Rota 5,forward,13168.6,13202.4,325.6,344.7,3524.3,5480.6,6301.6,1587.6,766.6,185.8,913.4,20,61,0
2026-09-29-urgup,D-noise-002,D,energy,dem,0.5,average,1.0,1002,0.5,average,1.0,1002,opt-ef4852df-5,Optimize Rota 5,reverse,13168.6,13203.4,340.4,330.9,3524.3,5918.0,6657.0,1505.7,766.7,293.8,913.4,20,61,0
2026-09-29-urgup,D-noise-002,D,energy,dem,0.5,average,1.0,1002,0.5,average,1.0,1002,opt-ef4852df-6,Optimize Rota 6,forward,25755.5,25858.2,852.5,883.8,6824.6,12785.0,15515.8,4072.0,1341.2,1076.6,639.3,14,140,0
2026-09-29-urgup,D-noise-002,D,energy,dem,0.5,average,1.0,1002,0.5,average,1.0,1002,opt-ef4852df-6,Optimize Rota 6,reverse,25755.5,25857.4,882.5,860.3,6824.6,13523.4,16026.7,3844.5,1341.2,1292.0,639.3,14,129,0
2026-09-29-urgup,D-noise-002,D,energy,dem,0.5,average,1.0,1002,0.5,average,1.0,1002,opt-ef4852df-7,Optimize Rota 7,forward,3731.6,3745.2,112.8,117.8,989.4,1762.1,2115.1,553.0,200.1,123.3,274.0,6,24,0
2026-09-29-urgup,D-noise-002,D,energy,dem,0.5,average,1.0,1002,0.5,average,1.0,1002,opt-ef4852df-7,Optimize Rota 7,reverse,3731.6,3745.1,116.9,110.0,989.4,1898.5,2196.2,497.8,200.1,152.7,274.0,6,27,0
2026-09-29-urgup,D-noise-002,D,energy,dem,0.5,average,1.0,1002,0.5,average,1.0,1002,opt-ef4852df-8,Optimize Rota 8,forward,2537.3,2545.1,71.3,72.8,687.1,1153.3,1359.4,330.4,124.3,58.2,274.0,6,13,0
2026-09-29-urgup,D-noise-002,D,energy,dem,0.5,average,1.0,1002,0.5,average,1.0,1002,opt-ef4852df-8,Optimize Rota 8,reverse,2537.3,2544.7,70.7,70.7,687.1,1171.2,1359.2,312.3,124.3,74.9,274.0,6,12,0
2026-09-29-urgup,D-noise-002,D,energy,dem,0.5,average,1.0,1002,0.5,average,1.0,,opt-ef4852df-1,Optimize Rota 1,forward,8576.2,8586.4,145.0,145.0,2188.8,3028.3,3140.2,646.6,534.7,13.0,1187.4,26,20,0
2026-09-29-urgup,D-noise-002,D,energy,dem,0.5,average,1.0,1002,0.5,average,1.0,,opt-ef4852df-1,Optimize Rota 1,reverse,8576.2,8586.1,145.8,145.6,2188.8,2995.4,3076.5,615.7,534.7,17.0,1187.4,26,19,0
2026-09-29-urgup,D-noise-002,D,energy,dem,0.5,average,1.0,1002,0.5,average,1.0,,opt-ef4852df-2,Optimize Rota 2,forward,8889.4,8905.2,182.8,181.2,2305.2,3429.4,3735.2,821.8,516.0,47.2,1050.4,23,12,0
2026-09-29-urgup,D-noise-002,D,energy,dem,0.5,average,1.0,1002,0.5,average,1.0,,opt-ef4852df-2,Optimize Rota 2,reverse,8889.4,8904.8,182.5,178.1,2305.2,3457.0,3762.3,821.3,516.0,35.8,1050.4,23,15,0
2026-09-29-urgup,D-noise-002,D,energy,dem,0.5,average,1.0,1002,0.5,average,1.0,,opt-ef4852df-3,Optimize Rota 3,forward,10752.2,10772.8,228.3,223.3,2835.1,4318.5,4695.0,1006.2,629.7,111.8,959.0,21,35,0
2026-09-29-urgup,D-noise-002,D,energy,dem,0.5,average,1.0,1002,0.5,average,1.0,,opt-ef4852df-3,Optimize Rota 3,reverse,10752.2,10772.8,227.3,224.9,2835.1,4263.1,4651.8,1018.4,629.7,83.0,959.0,21,34,0
2026-09-29-urgup,D-noise-002,D,energy,dem,0.5,average,1.0,1002,0.5,average,1.0,,opt-ef4852df-4,Optimize Rota 4,forward,10187.8,10202.6,204.7,200.0,2959.3,4162.0,4523.6,850.8,489.2,42.6,959.0,21,19,0
2026-09-29-urgup,D-noise-002,D,energy,dem,0.5,average,1.0,1002,0.5,average,1.0,,opt-ef4852df-4,Optimize Rota 4,reverse,10187.8,10203.2,202.4,204.8,2959.3,4032.1,4320.9,777.9,489.2,102.1,959.0,21,14,0
2026-09-29-urgup,D-noise-002,D,energy,dem,0.5,average,1.0,1002,0.5,average,1.0,,opt-ef4852df-5,Optimize Rota 5,forward,13168.6,13186.6,236.0,239.0,3524.3,4852.2,5135.2,1048.8,765.8,30.9,913.4,20,35,0
2026-09-29-urgup,D-noise-002,D,energy,dem,0.5,average,1.0,1002,0.5,average,1.0,,opt-ef4852df-5,Optimize Rota 5,reverse,13168.6,13186.5,240.5,234.7,3524.3,4957.7,5204.7,1012.8,765.8,50.6,913.4,20,33,0
2026-09-29-urgup,D-noise-002,D,energy,dem,0.5,average,1.0,1002,0.5,average,1.0,,opt-ef4852df-6,Optimize Rota 6,forward,25755.5,25830.4,730.4,742.7,6824.6,11541.7,13618.2,3416.3,1339.8,474.5,639.3,14,74,0
2026-09-29-urgup,D-noise-002,D,energy,dem,0.5,average,1.0,1002,0.5,average,1.0,,opt-ef4852df-6,Optimize Rota 6,reverse,25755.5,25829.5,739.9,728.4,6824.6,12149.6,14064.4,3254.5,1339.7,884.9,639.3,14,77,0
2026-09-29-urgup,D-noise-002,D,energy,dem,0.5,average,1.0,1002,0.5,average,1.0,,opt-ef4852df-7,Optimize Rota 7,forward,3731.6,3742.6,98.8,100.5,989.4,1619.4,1899.6,480.2,200.0,37.8,274.0,6,20,0
2026-09-29-urgup,D-noise-002,D,energy,dem,0.5,average,1.0,1002,0.5,average,1.0,,opt-ef4852df-7,Optimize Rota 7,reverse,3731.6,3742.2,101.3,95.4,989.4,1749.4,1994.8,445.3,199.9,93.2,274.0,6,20,0
2026-09-29-urgup,D-noise-002,D,energy,dem,0.5,average,1.0,1002,0.5,average,1.0,,opt-ef4852df-8,Optimize Rota 8,forward,2537.3,2539.4,35.5,33.9,687.1,870.6,864.0,117.5,124.1,8.5,274.0,6,8,0
2026-09-29-urgup,D-noise-002,D,energy,dem,0.5,average,1.0,1002,0.5,average,1.0,,opt-ef4852df-8,Optimize Rota 8,reverse,2537.3,2539.5,35.0,35.9,687.1,853.4,863.0,133.7,124.1,7.5,274.0,6,8,0
2026-09-29-urgup,A-distance,A,distance,none,0.5,average,1.0,,0.5,average,1.0,1003,opt-aad24bc2-1,Optimize Rota 1,forward,8379.2,8404.3,231.1,231.4,2139.3,3733.6,4354.2,1143.2,522.6,124.6,1187.4,26,41,0
2026-09-29-urgup,A-distance,A,distance,none,0.5,average,1.0,,0.5,average,1.0,1003,opt-aad24bc2-1,Optimize Rota 1,reverse,8379.2,8404.0,226.1,231.6,2139.3,3610.1,4205.1,1117.6,522.6,110.3,1187.4,26,41,0
2026-09-29-urgup,A-distance,A,distance,none,0.5,average,1.0,,0.5,average,1.0,1003,opt-aad24bc2-2,Optimize Rota 2,forward,8718.6,8751.1,270.8,267.3,2262.9,4182.6,4961.8,1284.2,504.9,202.6,1050.4,23,40,0
2026-09-29-urgup,A-distance,A,distance,none,0.5,average,1.0,,0.5,average,1.0,1003,opt-aad24bc2-2,Optimize Rota 2,reverse,8718.6,8750.7,261.0,265.2,2262.9,4110.0,4878.5,1273.4,504.9,250.2,1050.4,23,48,0
2026-09-29-urgup,A-distance,A,distance,none,0.5,average,1.0,,0.5,average,1.0,1003,opt-aad24bc2-3,Optimize Rota 3,forward,10547.6,10585.9,330.4,313.5,2782.8,5291.9,6182.6,1506.6,615.9,300.2,959.0,21,74,0
2026-09-29-urgup,A-distance,A,distance,none,0.5,average,1.0,,0.5,average,1.0,1003,opt-aad24bc2-3,Optimize Rota 3,reverse,10547.6,10584.8,317.9,322.5,2782.8,4989.9,5901.1,1527.1,615.8,287.7,959.0,21,77,0
2026-09-29-urgup,A-distance,A,distance,none,0.5,average,1.0,,0.5,average,1.0,1003,opt-aad24bc2-4,Optimize Rota 4,forward,9995.9,10029.0,308.6,303.6,2910.3,5146.7,6038.4,1361.0,469.3,375.4,959.0,21,39,0
2026-09-29-urgup,A-distance,A,distance,none,0.5,average,1.0,,0.5,average,1.0,1003,opt-aad24bc2-4,Optimize Rota 4,reverse,9995.9,10029.1,302.3,305.8,2910.3,4977.1,5722.1,1214.2,469.2,498.8,959.0,21,39,0
2026-09-29-urgup,A-distance,A,distance,none,0.5,average,1.0,,0.5,average,1.0,1003,opt-aad24bc2-5,Optimize Rota 5,forward,12446.3,12484.4,343.3,348.1,3336.3,5611.3,6502.8,1619.3,727.8,245.1,913.4,20,56,0
2026-09-29-urgup,A-distance,A,distance,none,0.5,average,1.0,,0.5,average,1.0,1003,opt-aad24bc2-5,Optimize Rota 5,reverse,12446.3,12484.8,354.9,346.8,3336.3,5839.6,6742.0,1630.2,727.8,269.7,913.4,20,55,0
2026-09-29-urgup,A-distance,A,distance,none,0.5,average,1.0,,0.5,average,1.0,1003,opt-aad24bc2-6,Optimize Rota 6,forward,25638.0,25742.3,877.9,872.9,6801.4,13456.4,16040.0,3908.9,1325.2,1403.6,639.3,14,132,0
2026-09-29-urgup,A-distance,A,distance,none,0.5,average,1.0,,0.5,average,1.0,1003,opt-aad24bc2-6,Optimize Rota 6,reverse,25638.0,25744.4,873.9,887.3,6801.4,13096.6,15807.9,4036.6,1325.3,1179.7,639.3,14,127,0
2026-09-29-urgup,A-distance,A,distance,none,0.5,average,1.0,,0.5,average,1.0,1003,opt-aad24bc2-7,Optimize Rota 7,forward,3602.8,3617.3,117.7,114.1,948.5,1835.7,2172.8,536.2,199.1,132.4,274.0,6,27,0
2026-09-29-urgup,A-distance,A,distance,none,0.5,average,1.0,,0.5,average,1.0,1003,opt-aad24bc2-7,Optimize Rota 7,reverse,3602.8,3617.3,113.5,117.9,948.5,1733.2,2097.1,563.0,199.1,115.8,274.0,6,31,0
2026-09-29-urgup,A-distance,A,distance,none,0.5,average,1.0,,0.5,average,1.0,1003,opt-aad24bc2-8,Optimize Rota 8,forward,2509.5,2515.5,58.9,57.0,681.0,1103.9,1221.5,239.3,121.7,79.2,274.0,6,10,0
2026-09-29-urgup,A-distance,A,distance,none,0.5,average,1.0,,0.5,average,1.0,1003,opt-aad24bc2-8,Optimize Rota 8,reverse,2509.5,2515.3,55.5,55.6,681.0,1035.8,1149.9,235.9,121.7,48.6,274.0,6,16,0
2026-09-29-urgup,D-noise-003,D,energy,dem,0.5,average,1.0,1003,0.5,average,1.0,1003,opt-8c81a5b5-1,Optimize Rota 1,forward,8784.6,8807.6,216.7,233.5,2225.3,3546.3,4127.9,1143.6,561.9,95.8,1187.4,26,37,0
2026-09-29-urgup,D-noise-003,D,energy,dem,0.5,average,1.0,1003,0.5,average,1.0,1003,opt-8c81a5b5-1,Optimize Rota 1,reverse,8784.6,8807.8,225.0,221.6,2225.3,3775.7,4282.9,1069.2,561.9,119.9,1187.4,26,38,0
2026-09-29-urgup,D-noise-003,D,energy,dem,0.5,average,1.0,1003,0.5,average,1.0,1003,opt-8c81a5b5-2,Optimize Rota 2,forward,9220.2,9251.1,255.3,275.1,2382.8,4005.5,4770.2,1306.1,541.4,216.3,1050.4,23,49,0
2026-09-29-urgup,D-noise-003,D,energy,dem,0.5,average,1.0,1003,0.5,average,1.0,1003,opt-8c81a5b5-2,Optimize Rota 2,reverse,9220.2,9251.5,274.6,258.4,2382.8,4446.5,5151.9,1246.9,541.4,208.1,1050.4,23,45,0
2026-09-29-urgup,D-noise-003,D,energy,dem,0.5,average,1.0,1003,0.5,average,1.0,1003,opt-8c81a5b5-3,Optimize Rota 3,forward,11074.5,11112.5,308.6,334.8,2919.8,4882.3,5804.3,1566.6,644.7,305.8,959.0,21,78,0
2026-09-29-urgup,D-noise-003,D,energy,dem,0.5,average,1.0,1003,0.5,average,1.0,1003,opt-8c81a5b5-3,Optimize Rota 3,reverse,11074.5,11113.5,339.5,315.1,2919.8,5556.3,6408.1,1496.5,644.7,326.0,959.0,21,79,0
2026-09-29-urgup,D-noise-003,D,energy,dem,0.5,average,1.0,1003,0.5,average,1.0,1003,opt-8c81a5b5-4,Optimize Rota 4,forward,10114.1,10145.9,298.9,299.1,2935.7,5045.2,5902.1,1339.0,482.1,354.6,959.0,21,37,0
2026-09-29-urgup,D-noise-003,D,energy,dem,0.5,average,1.0,1003,0.5,average,1.0,1003,opt-8c81a5b5-4,Optimize Rota 4,reverse,10114.1,10146.1,296.6,298.8,2935.7,4969.8,5670.8,1183.1,482.1,490.0,959.0,21,39,0
2026-09-29-urgup,D-noise-003,D,energy,dem,0.5,average,1.0,1003,0.5,average,1.0,1003,opt-8c81a5b5-5,Optimize Rota 5,forward,12793.7,12828.7,326.6,337.8,3418.6,5497.4,6293.3,1554.9,759.0,229.3,913.4,20,54,0
2026-09-29-urgup,D-noise-003,D,energy,dem,0.5,average,1.0,1003,0.5,average,1.0,1003,opt-8c81a5b5-5,Optimize Rota 5,reverse,12793.7,12829.6,341.0,336.1,3418.6,5783.5,6587.1,1562.6,759.0,264.0,913.4,20,57,0
2026-09-29-urgup,D-noise-003,D,energy,dem,0.5,average,1.0,1003,0.5,average,1.0,1003,opt-8c81a5b5-6,Optimize Rota 6,forward,26018.1,26122.4,852.4,882.0,6897.7,12906.4,15555.0,4000.7,1352.1,1176.2,639.3,14,121,0
2026-09-29-urgup,D-noise-003,D,energy,dem,0.5,average,1.0,1003,0.5,average,1.0,1003,opt-8c81a5b5-6,Optimize Rota 6,reverse,26018.1,26121.0,873.0,867.0,6897.7,13513.3,16031.2,3869.9,1352.0,1400.4,639.3,14,123,0
2026-09-29-urgup,D-noise-003,D,energy,dem,0.5,average,1.0,1003,0.5,average,1.0,1003,opt-8c81a5b5-7,Optimize Rota 7,forward,4008.7,4024.4,118.3,139.1,1060.8,1741.8,2194.6,671.5,218.6,113.5,274.0,6,27,0
2026-09-29-urgup,D-noise-003,D,energy,dem,0.5,average,1.0,1003,0.5,average,1.0,1003,opt-8c81a5b5-7,Optimize Rota 7,reverse,4008.7,4024.5,136.2,115.7,1060.8,2224.5,2534.9,529.0,218.6,165.8,274.0,6,33,0
2026-09-29-urgup,D-noise-003,D,energy,dem,0.5,average,1.0,1003,0.5,average,1.0,1003,opt-8c81a5b5-8,Optimize Rota 8,forward,2509.5,2515.5,58.9,57.0,681.0,1103.9,1221.5,239.3,121.7,79.2,274.0,6,10,0
2026-09-29-urgup,D-noise-003,D,energy,dem,0.5,average,1.0,1003,0.5,average,1.0,1003,opt-8c81a5b5-8,Optimize Rota 8,reverse,2509.5,2515.3,55.5,55.6,681.0,1035.8,1149.9,235.9,121.7,48.6,274.0,6,16,0
2026-09-29-urgup,D-noise-003,D,energy,dem,0.5,average,1.0,1003,0.5,average,1.0,,opt-8c81a5b5-1,Optimize Rota 1,forward,8784.6,8795.0,149.8,151.3,2225.3,3080.1,3198.6,679.6,561.1,9.3,1187.4,26,16,0
2026-09-29-urgup,D-noise-003,D,energy,dem,0.5,average,1.0,1003,0.5,average,1.0,,opt-8c81a5b5-1,Optimize Rota 1,reverse,8784.6,8794.3,148.7,149.3,2225.3,3070.2,3165.2,656.0,561.1,15.9,1187.4,26,17,0
2026-09-29-urgup,D-noise-003,D,energy,dem,0.5,average,1.0,1003,0.5,average,1.0,,opt-8c81a5b5-2,Optimize Rota 2,forward,9220.2,9235.7,177.5,176.3,2382.8,3473.4,3726.8,793.9,540.5,53.5,1050.4,23,15,0
2026-09-29-urgup,D-noise-003,D,energy,dem,0.5,average,1.0,1003,0.5,average,1.0,,opt-8c81a5b5-2,Optimize Rota 2,reverse,9220.2,9235.3,179.8,174.3,2382.8,3522.8,3774.0,791.7,540.5,43.7,1050.4,23,13,0
2026-09-29-urgup,D-noise-003,D,energy,dem,0.5,average,1.0,1003,0.5,average,1.0,,opt-8c81a5b5-3,Optimize Rota 3,forward,11074.5,11097.0,231.5,239.5,2919.8,4292.2,4731.2,1082.8,643.8,96.0,959.0,21,36,0
2026-09-29-urgup,D-noise-003,D,energy,dem,0.5,average,1.0,1003,0.5,average,1.0,,opt-8c81a5b5-3,Optimize Rota 3,reverse,11074.5,11097.0,241.7,229.2,2919.8,4590.7,5016.8,1070.0,643.8,109.0,959.0,21,39,0
2026-09-29-urgup,D-noise-003,D,energy,dem,0.5,average,1.0,1003,0.5,average,1.0,,opt-8c81a5b5-4,Optimize Rota 4,forward,10114.1,10129.1,201.9,200.3,2935.7,4159.6,4497.6,819.3,481.3,136.4,959.0,21,17,0
2026-09-29-urgup,D-noise-003,D,energy,dem,0.5,average,1.0,1003,0.5,average,1.0,,opt-8c81a5b5-4,Optimize Rota 4,reverse,10114.1,10129.0,198.1,200.8,2935.7,3982.5,4259.0,757.8,481.3,105.5,959.0,21,15,0
2026-09-29-urgup,D-noise-003,D,energy,dem,0.5,average,1.0,1003,0.5,average,1.0,,opt-8c81a5b5-5,Optimize Rota 5,forward,12793.7,12812.1,239.6,241.0,3418.6,4790.5,5101.7,1069.3,758.0,26.7,913.4,20,32,0
2026-09-29-urgup,D-noise-003,D,energy,dem,0.5,average,1.0,1003,0.5,average,1.0,,opt-8c81a5b5-5,Optimize Rota 5,reverse,12793.7,12811.9,243.4,237.8,3418.6,4907.2,5214.3,1065.1,758.0,42.9,913.4,20,28,0
2026-09-29-urgup,D-noise-003,D,energy,dem,0.5,average,1.0,1003,0.5,average,1.0,,opt-8c81a5b5-6,Optimize Rota 6,forward,26018.1,26093.8,737.3,750.8,6897.7,11629.9,13719.7,3440.4,1350.6,476.2,639.3,14,69,0
2026-09-29-urgup,D-noise-003,D,energy,dem,0.5,average,1.0,1003,0.5,average,1.0,,opt-8c81a5b5-6,Optimize Rota 6,reverse,26018.1,26093.5,748.3,740.7,6897.7,12280.5,14261.6,3331.7,1350.6,898.7,639.3,14,74,0
2026-09-29-urgup,D-noise-003,D,energy,dem,0.5,average,1.0,1003,0.5,average,1.0,,opt-8c81a5b5-7,Optimize Rota 7,forward,4008.7,4019.1,93.4,101.7,1060.8,1577.8,1832.4,473.0,218.3,31.6,274.0,6,17,0
2026-09-29-urgup,D-noise-003,D,energy,dem,0.5,average,1.0,1003,0.5,average,1.0,,opt-8c81a5b5-7,Optimize Rota 7,reverse,4008.7,4019.3,102.9,91.2,1060.8,1877.1,2072.3,413.5,218.3,102.8,274.0,6,15,0
2026-09-29-urgup,D-noise-003,D,energy,dem,0.5,average,1.0,1003,0.5,average,1.0,,opt-8c81a5b5-8,Optimize Rota 8,forward,2509.5,2511.6,35.5,33.9,681.0,867.5,864.0,118.1,121.6,10.4,274.0,6,8,0
2026-09-29-urgup,D-noise-003,D,energy,dem,0.5,average,1.0,1003,0.5,average,1.0,,opt-8c81a5b5-8,Optimize Rota 8,reverse,2509.5,2511.7,35.0,35.9,681.0,847.2,859.4,133.7,121.6,7.5,274.0,6,8,0
2026-09-29-urgup,A-distance,A,distance,none,0.5,average,1.0,,0.5,average,1.0,1004,opt-aad24bc2-1,Optimize Rota 1,forward,8379.2,8407.1,251.5,252.6,2139.3,3918.7,4613.1,1217.1,522.7,213.8,1187.4,26,44,0
2026-09-29-urgup,A-distance,A,distance,none,0.5,average,1.0,,0.5,average,1.0,1004,opt-aad24bc2-1,Optimize Rota 1,reverse,8379.2,8406.9,248.1,252.4,2139.3,3821.1,4527.8,1229.4,522.7,155.8,1187.4,26,39,0
2026-09-29-urgup,A-distance,A,distance,none,0.5,average,1.0,,0.5,average,1.0,1004,opt-aad24bc2-2,Optimize Rota 2,forward,8718.6,8750.8,283.0,279.1,2262.9,4272.0,5119.9,1352.8,504.9,198.8,1050.4,23,32,0
2026-09-29-urgup,A-distance,A,distance,none,0.5,average,1.0,,0.5,average,1.0,1004,opt-aad24bc2-2,Optimize Rota 2,reverse,8718.6,8750.5,275.1,275.4,2262.9,4206.4,5037.5,1336.1,504.9,213.9,1050.4,23,39,0
2026-09-29-urgup,A-distance,A,distance,none,0.5,average,1.0,,0.5,average,1.0,1004,opt-aad24bc2-3,Optimize Rota 3,forward,10547.6,10586.3,340.3,326.6,2782.8,5342.9,6323.2,1596.3,615.9,285.2,959.0,21,68,0
2026-09-29-urgup,A-distance,A,distance,none,0.5,average,1.0,,0.5,average,1.0,1004,opt-aad24bc2-3,Optimize Rota 3,reverse,10547.6,10586.8,326.5,344.9,2782.8,4923.8,5980.9,1673.1,616.0,242.7,959.0,21,74,0
2026-09-29-urgup,A-distance,A,distance,none,0.5,average,1.0,,0.5,average,1.0,1004,opt-aad24bc2-4,Optimize Rota 4,forward,9995.9,10030.3,312.2,306.0,2910.3,5169.3,6062.5,1362.6,469.4,377.2,959.0,21,47,0
2026-09-29-urgup,A-distance,A,distance,none,0.5,average,1.0,,0.5,average,1.0,1004,opt-aad24bc2-4,Optimize Rota 4,reverse,9995.9,10030.5,304.3,312.4,2910.3,5005.4,5831.5,1295.5,469.4,492.9,959.0,21,49,0
2026-09-29-urgup,A-distance,A,distance,none,0.5,average,1.0,,0.5,average,1.0,1004,opt-aad24bc2-5,Optimize Rota 5,forward,12446.3,12487.6,381.3,382.1,3336.3,6001.3,7065.0,1791.6,727.9,343.5,913.4,20,64,0
2026-09-29-urgup,A-distance,A,distance,none,0.5,average,1.0,,0.5,average,1.0,1004,opt-aad24bc2-5,Optimize Rota 5,reverse,12446.3,12487.4,380.6,375.7,3336.3,6006.7,7075.3,1796.5,727.9,269.7,913.4,20,52,0
2026-09-29-urgup,A-distance,A,distance,none,0.5,average,1.0,,0.5,average,1.0,1004,opt-aad24bc2-6,Optimize Rota 6,forward,25638.0,25744.7,911.9,902.7,6801.4,13689.6,16523.4,4159.2,1325.4,1273.2,639.3,14,128,0
2026-09-29-urgup,A-distance,A,distance,none,0.5,average,1.0,,0.5,average,1.0,1004,opt-aad24bc2-6,Optimize Rota 6,reverse,25638.0,25747.0,912.1,915.8,6801.4,13387.9,16361.9,4299.5,1325.5,1016.7,639.3,14,133,0
2026-09-29-urgup,A-distance,A,distance,none,0.5,average,1.0,,0.5,average,1.0,1004,opt-aad24bc2-7,Optimize Rota 7,forward,3602.8,3617.6,122.2,114.9,948.5,1872.4,2213.8,540.5,199.1,111.9,274.0,6,22,0
2026-09-29-urgup,A-distance,A,distance,none,0.5,average,1.0,,0.5,average,1.0,1004,opt-aad24bc2-7,Optimize Rota 7,reverse,3602.8,3617.4,119.6,118.5,948.5,1824.6,2211.2,585.8,199.1,99.0,274.0,6,22,0
2026-09-29-urgup,A-distance,A,distance,none,0.5,average,1.0,,0.5,average,1.0,1004,opt-aad24bc2-8,Optimize Rota 8,forward,2509.5,2517.2,73.4,71.7,681.0,1202.5,1396.0,315.3,121.8,83.9,274.0,6,14,0
2026-09-29-urgup,A-distance,A,distance,none,0.5,average,1.0,,0.5,average,1.0,1004,opt-aad24bc2-8,Optimize Rota 8,reverse,2509.5,2517.3,72.7,72.0,681.0,1210.1,1403.7,315.5,121.8,102.3,274.0,6,16,0
2026-09-29-urgup,D-noise-004,D,energy,dem,0.5,average,1.0,1004,0.5,average,1.0,1004,opt-a8c6ecf5-1,Optimize Rota 1,forward,8662.6,8688.8,229.0,247.7,2215.4,3642.5,4323.5,1218.5,537.5,129.0,1187.4,26,45,0
2026-09-29-urgup,D-noise-004,D,energy,dem,0.5,average,1.0,1004,0.5,average,1.0,1004,opt-a8c6ecf5-1,Optimize Rota 1,reverse,8662.6,8689.8,255.9,243.6,2215.4,4124.1,4732.1,1145.5,537.5,236.5,1187.4,26,44,0
2026-09-29-urgup,D-noise-004,D,energy,dem,0.5,average,1.0,1004,0.5,average,1.0,1004,opt-a8c6ecf5-2,Optimize Rota 2,forward,8943.6,8973.2,267.1,272.7,2330.9,4129.3,4931.5,1310.0,507.8,184.7,1050.4,23,28,0
2026-09-29-urgup,D-noise-004,D,energy,dem,0.5,average,1.0,1004,0.5,average,1.0,1004,opt-a8c6ecf5-2,Optimize Rota 2,reverse,8943.6,8972.9,270.5,257.4,2330.9,4307.7,5044.7,1244.8,507.8,174.8,1050.4,23,31,0
2026-09-29-urgup,D-noise-004,D,energy,dem,0.5,average,1.0,1004,0.5,average,1.0,1004,opt-a8c6ecf5-3,Optimize Rota 3,forward,10434.3,10465.1,299.4,288.0,3020.7,5117.5,5961.1,1352.4,508.8,180.7,1004.7,22,43,0
2026-09-29-urgup,D-noise-004,D,energy,dem,0.5,average,1.0,1004,0.5,average,1.0,1004,opt-a8c6ecf5-3,Optimize Rota 3,reverse,10434.3,10466.3,290.0,299.5,3020.7,4994.8,5708.4,1222.5,508.8,485.6,1004.7,22,46,0
2026-09-29-urgup,D-noise-004,D,energy,dem,0.5,average,1.0,1004,0.5,average,1.0,1004,opt-a8c6ecf5-4,Optimize Rota 4,forward,11120.8,11155.1,301.9,330.0,2927.7,4772.5,5714.5,1584.5,642.6,207.2,959.0,21,62,0
2026-09-29-urgup,D-noise-004,D,energy,dem,0.5,average,1.0,1004,0.5,average,1.0,1004,opt-a8c6ecf5-4,Optimize Rota 4,reverse,11120.8,11155.7,329.2,303.1,2927.7,5461.1,6259.5,1441.1,642.6,275.8,959.0,21,54,0
2026-09-29-urgup,D-noise-004,D,energy,dem,0.5,average,1.0,1004,0.5,average,1.0,1004,opt-a8c6ecf5-5,Optimize Rota 5,forward,13140.0,13176.8,349.4,367.5,3505.2,5709.9,6658.6,1731.9,783.2,229.6,913.4,20,66,0
2026-09-29-urgup,D-noise-004,D,energy,dem,0.5,average,1.0,1004,0.5,average,1.0,1004,opt-a8c6ecf5-5,Optimize Rota 5,reverse,13140.0,13177.9,372.7,353.9,3505.2,6213.3,7082.2,1652.2,783.3,287.3,913.4,20,56,0
2026-09-29-urgup,D-noise-004,D,energy,dem,0.5,average,1.0,1004,0.5,average,1.0,1004,opt-a8c6ecf5-6,Optimize Rota 6,forward,26225.8,26333.4,883.8,930.3,6944.9,12979.6,15981.3,4370.4,1368.7,1003.9,639.3,14,138,0
2026-09-29-urgup,D-noise-004,D,energy,dem,0.5,average,1.0,1004,0.5,average,1.0,1004,opt-a8c6ecf5-6,Optimize Rota 6,reverse,26225.8,26332.0,929.9,884.2,6944.9,14242.0,16947.7,4074.4,1368.6,1258.8,639.3,14,126,0
2026-09-29-urgup,D-noise-004,D,energy,dem,0.5,average,1.0,1004,0.5,average,1.0,1004,opt-a8c6ecf5-7,Optimize Rota 7,forward,2537.3,2544.8,73.4,71.6,687.1,1198.3,1396.0,322.0,124.3,65.6,274.0,6,14,0
2026-09-29-urgup,D-noise-004,D,energy,dem,0.5,average,1.0,1004,0.5,average,1.0,1004,opt-a8c6ecf5-7,Optimize Rota 7,reverse,2537.3,2545.0,73.1,72.0,687.1,1220.9,1412.1,315.5,124.3,102.3,274.0,6,16,0
2026-09-29-urgup,D-noise-004,D,energy,dem,0.5,average,1.0,1004,0.5,average,1.0,1004,opt-a8c6ecf5-8,Optimize Rota 8,forward,2165.6,2172.5,59.4,61.4,577.5,973.0,1119.6,259.3,112.6,82.3,228.3,5,15,0
2026-09-29-urgup,D-noise-004,D,energy,dem,0.5,average,1.0,1004,0.5,average,1.0,1004,opt-a8c6ecf5-8,Optimize Rota 8,reverse,2165.6,2173.1,64.1,64.9,577.5,1044.6,1233.1,301.1,112.7,82.6,228.3,5,16,0
2026-09-29-urgup,D-noise-004,D,energy,dem,0.5,average,1.0,1004,0.5,average,1.0,,opt-a8c6ecf5-1,Optimize Rota 1,forward,8662.6,8672.3,142.6,142.9,2215.4,3014.6,3099.3,621.2,536.5,10.8,1187.4,26,17,0
2026-09-29-urgup,D-noise-004,D,energy,dem,0.5,average,1.0,1004,0.5,average,1.0,,opt-a8c6ecf5-1,Optimize Rota 1,reverse,8662.6,8672.3,143.7,144.0,2215.4,3021.9,3107.2,621.8,536.5,16.2,1187.4,26,17,0
2026-09-29-urgup,D-noise-004,D,energy,dem,0.5,average,1.0,1004,0.5,average,1.0,,opt-a8c6ecf5-2,Optimize Rota 2,forward,8943.6,8959.0,181.8,180.8,2330.9,3435.8,3731.8,803.0,507.0,59.0,1050.4,23,10,0
2026-09-29-urgup,D-noise-004,D,energy,dem,0.5,average,1.0,1004,0.5,average,1.0,,opt-a8c6ecf5-2,Optimize Rota 2,reverse,8943.6,8958.8,180.9,178.0,2330.9,3459.0,3770.8,818.8,507.0,36.4,1050.4,23,14,0
2026-09-29-urgup,D-noise-004,D,energy,dem,0.5,average,1.0,1004,0.5,average,1.0,,opt-a8c6ecf5-3,Optimize Rota 3,forward,10434.3,10449.8,208.5,205.7,3020.7,4242.4,4622.5,888.2,508.0,42.8,1004.7,22,20,0
2026-09-29-urgup,D-noise-004,D,energy,dem,0.5,average,1.0,1004,0.5,average,1.0,,opt-a8c6ecf5-3,Optimize Rota 3,reverse,10434.3,10450.3,206.3,209.6,3020.7,4109.6,4401.2,799.7,508.1,104.0,1004.7,22,16,0
2026-09-29-urgup,D-noise-004,D,energy,dem,0.5,average,1.0,1004,0.5,average,1.0,,opt-a8c6ecf5-4,Optimize Rota 4,forward,11120.8,11143.4,239.0,242.5,2927.7,4398.8,4881.3,1124.5,642.0,77.8,959.0,21,37,0
2026-09-29-urgup,D-noise-004,D,energy,dem,0.5,average,1.0,1004,0.5,average,1.0,,opt-a8c6ecf5-4,Optimize Rota 4,reverse,11120.8,11143.9,246.5,236.9,2927.7,4598.5,5044.8,1088.2,642.0,126.5,959.0,21,35,0
2026-09-29-urgup,D-noise-004,D,energy,dem,0.5,average,1.0,1004,0.5,average,1.0,,opt-a8c6ecf5-5,Optimize Rota 5,forward,13140.0,13158.0,237.3,238.1,3505.2,4866.9,5133.3,1048.6,782.1,32.7,913.4,20,35,0
2026-09-29-urgup,D-noise-004,D,energy,dem,0.5,average,1.0,1004,0.5,average,1.0,,opt-a8c6ecf5-5,Optimize Rota 5,reverse,13140.0,13158.1,241.6,236.5,3505.2,4947.4,5200.7,1035.4,782.2,40.8,913.4,20,28,0
2026-09-29-urgup,D-noise-004,D,energy,dem,0.5,average,1.0,1004,0.5,average,1.0,,opt-a8c6ecf5-6,Optimize Rota 6,forward,26225.8,26302.6,744.8,763.7,6944.9,11720.1,13878.3,3525.3,1367.1,489.3,639.3,14,78,0
2026-09-29-urgup,D-noise-004,D,energy,dem,0.5,average,1.0,1004,0.5,average,1.0,,opt-a8c6ecf5-6,Optimize Rota 6,reverse,26225.8,26302.4,761.1,746.3,6944.9,12458.2,14450.0,3359.0,1367.1,891.4,639.3,14,83,0
2026-09-29-urgup,D-noise-004,D,energy,dem,0.5,average,1.0,1004,0.5,average,1.0,,opt-a8c6ecf5-7,Optimize Rota 7,forward,2537.3,2539.4,35.5,33.9,687.1,870.6,864.0,117.5,124.1,8.5,274.0,6,8,0
2026-09-29-urgup,D-noise-004,D,energy,dem,0.5,average,1.0,1004,0.5,average,1.0,,opt-a8c6ecf5-7,Optimize Rota 7,reverse,2537.3,2539.5,35.0,35.9,687.1,853.4,863.0,133.7,124.1,7.5,274.0,6,8,0
2026-09-29-urgup,D-noise-004,D,energy,dem,0.5,average,1.0,1004,0.5,average,1.0,,opt-a8c6ecf5-8,Optimize Rota 8,forward,2165.6,2168.3,37.1,37.7,577.5,770.3,806.6,148.6,112.4,10.6,228.3,5,8,0
2026-09-29-urgup,D-noise-004,D,energy,dem,0.5,average,1.0,1004,0.5,average,1.0,,opt-a8c6ecf5-8,Optimize Rota 8,reverse,2165.6,2168.2,37.8,36.8,577.5,803.5,850.9,159.9,112.4,7.3,228.3,5,7,0
2026-09-29-urgup,A-distance,A,distance,none,0.5,average,1.0,,0.5,average,1.0,1005,opt-aad24bc2-1,Optimize Rota 1,forward,8379.2,8404.1,233.3,234.0,2139.3,3754.5,4371.3,1139.4,522.5,152.9,1187.4,26,46,0
2026-09-29-urgup,A-distance,A,distance,none,0.5,average,1.0,,0.5,average,1.0,1005,opt-aad24bc2-1,Optimize Rota 1,reverse,8379.2,8404.7,240.3,233.2,2139.3,3859.4,4471.6,1134.8,522.6,149.4,1187.4,26,44,0
2026-09-29-urgup,A-distance,A,distance,none,0.5,average,1.0,,0.5,average,1.0,1005,opt-aad24bc2-2,Optimize Rota 2,forward,8718.6,8751.4,289.0,272.4,2262.9,4471.7,5267.6,1300.9,504.9,268.8,1050.4,23,47,0
2026-09-29-urgup,A-distance,A,distance,none,0.5,average,1.0,,0.5,average,1.0,1005,opt-aad24bc2-2,Optimize Rota 2,reverse,8718.6,8752.4,279.8,282.0,2262.9,4220.3,5097.9,1382.6,505.0,199.1,1050.4,23,51,0
2026-09-29-urgup,A-distance,A,distance,none,0.5,average,1.0,,0.5,average,1.0,1005,opt-aad24bc2-3,Optimize Rota 3,forward,10547.6,10586.0,326.3,318.4,2782.8,5171.5,6103.7,1548.2,616.0,262.1,959.0,21,64,0
2026-09-29-urgup,A-distance,A,distance,none,0.5,average,1.0,,0.5,average,1.0,1005,opt-aad24bc2-3,Optimize Rota 3,reverse,10547.6,10586.1,326.8,321.0,2782.8,5174.6,6108.7,1550.0,616.0,289.5,959.0,21,64,0
2026-09-29-urgup,A-distance,A,distance,none,0.5,average,1.0,,0.5,average,1.0,1005,opt-aad24bc2-4,Optimize Rota 4,forward,9995.9,10030.3,307.3,301.1,2910.3,5185.0,6058.8,1343.2,469.4,413.3,959.0,21,49,0
2026-09-29-urgup,A-distance,A,distance,none,0.5,average,1.0,,0.5,average,1.0,1005,opt-aad24bc2-4,Optimize Rota 4,reverse,9995.9,10030.6,296.4,308.8,2910.3,4916.5,5671.2,1224.1,469.4,549.1,959.0,21,51,0
2026-09-29-urgup,A-distance,A,distance,none,0.5,average,1.0,,0.5,average,1.0,1005,opt-aad24bc2-5,Optimize Rota 5,forward,12446.3,12481.9,346.5,338.8,3336.3,5737.7,6629.9,1619.8,727.6,195.7,913.4,20,46,0
2026-09-29-urgup,A-distance,A,distance,none,0.5,average,1.0,,0.5,average,1.0,1005,opt-aad24bc2-5,Optimize Rota 5,reverse,12446.3,12481.4,335.3,341.1,3336.3,5557.2,6449.3,1619.8,727.6,211.2,913.4,20,47,0
2026-09-29-urgup,A-distance,A,distance,none,0.5,average,1.0,,0.5,average,1.0,1005,opt-aad24bc2-6,Optimize Rota 6,forward,25638.0,25741.0,887.0,874.0,6801.4,13513.4,16164.4,3976.2,1325.2,1274.9,639.3,14,126,0
2026-09-29-urgup,A-distance,A,distance,none,0.5,average,1.0,,0.5,average,1.0,1005,opt-aad24bc2-6,Optimize Rota 6,reverse,25638.0,25741.9,870.3,889.5,6801.4,12906.2,15730.8,4149.9,1325.3,960.8,639.3,14,124,0
2026-09-29-urgup,A-distance,A,distance,none,0.5,average,1.0,,0.5,average,1.0,1005,opt-aad24bc2-7,Optimize Rota 7,forward,3602.8,3619.6,129.9,126.4,948.5,1902.9,2330.3,626.6,199.2,91.5,274.0,6,26,0
2026-09-29-urgup,A-distance,A,distance,none,0.5,average,1.0,,0.5,average,1.0,1005,opt-aad24bc2-7,Optimize Rota 7,reverse,3602.8,3619.5,132.5,122.4,948.5,2025.0,2410.4,584.7,199.2,160.5,274.0,6,32,0
2026-09-29-urgup,A-distance,A,distance,none,0.5,average,1.0,,0.5,average,1.0,1005,opt-aad24bc2-8,Optimize Rota 8,forward,2509.5,2518.2,74.8,72.3,681.0,1223.1,1417.0,315.7,121.9,89.3,274.0,6,10,0
2026-09-29-urgup,A-distance,A,distance,none,0.5,average,1.0,,0.5,average,1.0,1005,opt-aad24bc2-8,Optimize Rota 8,reverse,2509.5,2517.5,71.8,68.0,681.0,1213.8,1376.9,284.9,121.8,100.6,274.0,6,17,0
2026-09-29-urgup,D-noise-005,D,energy,dem,0.5,average,1.0,1005,0.5,average,1.0,1005,opt-04b76e02-1,Optimize Rota 1,forward,8760.3,8783.6,220.4,233.5,2251.2,3612.7,4202.3,1123.1,533.5,106.5,1187.4,26,41,0
2026-09-29-urgup,D-noise-005,D,energy,dem,0.5,average,1.0,1005,0.5,average,1.0,1005,opt-04b76e02-1,Optimize Rota 1,reverse,8760.3,8784.3,236.7,229.1,2251.2,3912.8,4485.2,1105.9,533.5,123.0,1187.4,26,39,0
2026-09-29-urgup,D-noise-005,D,energy,dem,0.5,average,1.0,1005,0.5,average,1.0,1005,opt-04b76e02-2,Optimize Rota 2,forward,9165.9,9198.3,288.4,289.0,2371.6,4383.7,5273.4,1427.3,537.5,176.0,1050.4,23,48,0
2026-09-29-urgup,D-noise-005,D,energy,dem,0.5,average,1.0,1005,0.5,average,1.0,1005,opt-04b76e02-2,Optimize Rota 2,reverse,9165.9,9200.1,298.9,283.5,2371.6,4602.2,5438.5,1373.9,537.6,222.3,1050.4,23,51,0
2026-09-29-urgup,D-noise-005,D,energy,dem,0.5,average,1.0,1005,0.5,average,1.0,1005,opt-04b76e02-3,Optimize Rota 3,forward,11131.2,11167.5,304.8,333.2,2904.5,4781.0,5732.5,1592.7,641.2,230.1,959.0,21,64,0
2026-09-29-urgup,D-noise-005,D,energy,dem,0.5,average,1.0,1005,0.5,average,1.0,1005,opt-04b76e02-3,Optimize Rota 3,reverse,11131.2,11167.0,333.5,311.1,2904.5,5479.5,6314.1,1475.8,641.1,321.4,959.0,21,67,0
2026-09-29-urgup,D-noise-005,D,energy,dem,0.5,average,1.0,1005,0.5,average,1.0,1005,opt-04b76e02-4,Optimize Rota 4,forward,10303.2,10336.7,298.8,302.4,2977.4,5075.3,5934.1,1358.5,499.7,366.4,959.0,21,48,0
2026-09-29-urgup,D-noise-005,D,energy,dem,0.5,average,1.0,1005,0.5,average,1.0,1005,opt-04b76e02-4,Optimize Rota 4,reverse,10303.2,10337.2,296.1,305.5,2977.4,4979.6,5700.7,1220.8,499.7,511.2,959.0,21,51,0
2026-09-29-urgup,D-noise-005,D,energy,dem,0.5,average,1.0,1005,0.5,average,1.0,1005,opt-04b76e02-5,Optimize Rota 5,forward,13106.5,13139.9,324.1,341.9,3506.5,5493.3,6372.0,1646.8,768.0,129.4,913.4,20,49,0
2026-09-29-urgup,D-noise-005,D,energy,dem,0.5,average,1.0,1005,0.5,average,1.0,1005,opt-04b76e02-5,Optimize Rota 5,reverse,13106.5,13140.6,343.0,334.4,3506.5,5858.6,6659.2,1568.7,768.1,197.9,913.4,20,45,0
2026-09-29-urgup,D-noise-005,D,energy,dem,0.5,average,1.0,1005,0.5,average,1.0,1005,opt-04b76e02-6,Optimize Rota 6,forward,26089.1,26191.2,843.7,901.6,6948.9,12495.2,15351.3,4183.8,1327.7,930.0,639.3,14,127,0
2026-09-29-urgup,D-noise-005,D,energy,dem,0.5,average,1.0,1005,0.5,average,1.0,1005,opt-04b76e02-6,Optimize Rota 6,reverse,26089.1,26189.6,890.8,854.0,6948.9,13896.8,16368.8,3799.7,1327.6,1374.4,639.3,14,128,0
2026-09-29-urgup,D-noise-005,D,energy,dem,0.5,average,1.0,1005,0.5,average,1.0,1005,opt-04b76e02-7,Optimize Rota 7,forward,4163.4,4179.2,129.3,129.9,1112.1,2009.4,2416.8,623.1,215.7,98.3,319.7,7,27,0
2026-09-29-urgup,D-noise-005,D,energy,dem,0.5,average,1.0,1005,0.5,average,1.0,1005,opt-04b76e02-7,Optimize Rota 7,reverse,4163.4,4178.3,133.5,117.0,1112.1,2195.1,2512.9,533.4,215.6,141.7,319.7,7,29,0
2026-09-29-urgup,D-noise-005,D,energy,dem,0.5,average,1.0,1005,0.5,average,1.0,1005,opt-04b76e02-8,Optimize Rota 8,forward,2096.9,2104.5,60.9,64.5,555.4,952.3,1141.5,302.2,112.9,55.8,228.3,5,13,0
2026-09-29-urgup,D-noise-005,D,energy,dem,0.5,average,1.0,1005,0.5,average,1.0,1005,opt-04b76e02-8,Optimize Rota 8,reverse,2096.9,2104.5,64.6,59.0,555.4,1088.0,1238.3,263.2,112.9,101.2,228.3,5,17,0
2026-09-29-urgup,D-noise-005,D,energy,dem,0.5,average,1.0,1005,0.5,average,1.0,,opt-04b76e02-1,Optimize Rota 1,forward,8760.3,8770.4,143.4,144.6,2251.2,3057.1,3148.3,624.0,532.7,24.3,1187.4,26,19,0
2026-09-29-urgup,D-noise-005,D,energy,dem,0.5,average,1.0,1005,0.5,average,1.0,,opt-04b76e02-1,Optimize Rota 1,reverse,8760.3,8770.4,144.7,144.8,2251.2,3060.4,3146.6,618.8,532.7,18.9,1187.4,26,19,0
2026-09-29-urgup,D-noise-005,D,energy,dem,0.5,average,1.0,1005,0.5,average,1.0,,opt-04b76e02-2,Optimize Rota 2,forward,9165.9,9181.8,185.5,180.9,2371.6,3551.7,3844.7,829.5,536.6,48.1,1050.4,23,15,0
2026-09-29-urgup,D-noise-005,D,energy,dem,0.5,average,1.0,1005,0.5,average,1.0,,opt-04b76e02-2,Optimize Rota 2,reverse,9165.9,9182.0,183.0,180.0,2371.6,3495.6,3769.2,810.2,536.6,41.7,1050.4,23,22,0
2026-09-29-urgup,D-noise-005,D,energy,dem,0.5,average,1.0,1005,0.5,average,1.0,,opt-04b76e02-3,Optimize Rota 3,forward,11131.2,11155.3,253.3,245.4,2904.5,4601.4,5094.0,1133.1,640.5,120.4,959.0,21,37,0
2026-09-29-urgup,D-noise-005,D,energy,dem,0.5,average,1.0,1005,0.5,average,1.0,,opt-04b76e02-3,Optimize Rota 3,reverse,11131.2,11154.4,247.0,244.3,2904.5,4499.9,4982.8,1123.4,640.5,107.9,959.0,21,41,0
2026-09-29-urgup,D-noise-005,D,energy,dem,0.5,average,1.0,1005,0.5,average,1.0,,opt-04b76e02-4,Optimize Rota 4,forward,10303.2,10318.5,202.7,202.6,2977.4,4190.5,4519.0,827.3,498.7,137.1,959.0,21,18,0
2026-09-29-urgup,D-noise-005,D,energy,dem,0.5,average,1.0,1005,0.5,average,1.0,,opt-04b76e02-4,Optimize Rota 4,reverse,10303.2,10318.4,199.8,202.9,2977.4,4032.7,4304.8,770.8,498.7,103.1,959.0,21,16,0
2026-09-29-urgup,D-noise-005,D,energy,dem,0.5,average,1.0,1005,0.5,average,1.0,,opt-04b76e02-5,Optimize Rota 5,forward,13106.5,13124.6,235.4,233.1,3506.5,4867.2,5116.5,1016.4,767.1,27.9,913.4,20,29,0
2026-09-29-urgup,D-noise-005,D,energy,dem,0.5,average,1.0,1005,0.5,average,1.0,,opt-04b76e02-5,Optimize Rota 5,reverse,13106.5,13123.9,234.1,234.3,3506.5,4875.7,5148.1,1039.5,767.1,41.8,913.4,20,28,0
2026-09-29-urgup,D-noise-005,D,energy,dem,0.5,average,1.0,1005,0.5,average,1.0,,opt-04b76e02-6,Optimize Rota 6,forward,26089.1,26165.3,750.3,761.4,6948.9,11789.9,13961.7,3498.1,1326.4,476.9,639.3,14,69,0
2026-09-29-urgup,D-noise-005,D,energy,dem,0.5,average,1.0,1005,0.5,average,1.0,,opt-04b76e02-6,Optimize Rota 6,reverse,26089.1,26164.7,755.6,752.5,6948.9,12321.5,14361.8,3366.7,1326.4,909.7,639.3,14,79,0
2026-09-29-urgup,D-noise-005,D,energy,dem,0.5,average,1.0,1005,0.5,average,1.0,,opt-04b76e02-7,Optimize Rota 7,forward,4163.4,4174.2,101.1,99.3,1112.1,1773.1,2023.9,466.2,215.4,36.4,319.7,7,23,0
2026-09-29-urgup,D-noise-005,D,energy,dem,0.5,average,1.0,1005,0.5,average,1.0,,opt-04b76e02-7,Optimize Rota 7,reverse,4163.4,4174.2,103.2,98.7,1112.1,1843.0,2061.2,433.6,215.4,97.5,319.7,7,20,0
2026-09-29-urgup,D-noise-005,D,energy,dem,0.5,average,1.0,1005,0.5,average,1.0,,opt-04b76e02-8,Optimize Rota 8,forward,2096.9,2099.7,38.3,37.4,555.4,774.1,814.9,153.4,112.6,8.4,228.3,5,7,0
2026-09-29-urgup,D-noise-005,D,energy,dem,0.5,average,1.0,1005,0.5,average,1.0,,opt-04b76e02-8,Optimize Rota 8,reverse,2096.9,2099.7,38.8,38.1,555.4,791.1,848.8,170.3,112.6,7.1,228.3,5,7,0
2026-09-29-urgup,A-distance,A,distance,none,0.5,average,1.0,,0.5,average,1.0,1006,opt-aad24bc2-1,Optimize Rota 1,forward,8379.2,8410.4,268.9,254.9,2139.3,4146.9,4893.9,1269.9,523.0,161.5,1187.4,26,50,0
2026-09-29-urgup,A-distance,A,distance,none,0.5,average,1.0,,0.5,average,1.0,1006,opt-aad24bc2-1,Optimize Rota 1,reverse,8379.2,8409.3,260.4,257.4,2139.3,3978.0,4716.3,1261.3,522.9,163.7,1187.4,26,49,0
2026-09-29-urgup,A-distance,A,distance,none,0.5,average,1.0,,0.5,average,1.0,1006,opt-aad24bc2-2,Optimize Rota 2,forward,8718.6,8751.5,289.1,286.4,2262.9,4301.6,5239.1,1442.5,505.0,139.8,1050.4,23,35,0
2026-09-29-urgup,A-distance,A,distance,none,0.5,average,1.0,,0.5,average,1.0,1006,opt-aad24bc2-2,Optimize Rota 2,reverse,8718.6,8751.4,288.9,281.1,2262.9,4339.8,5207.1,1372.3,505.0,187.6,1050.4,23,44,0
2026-09-29-urgup,A-distance,A,distance,none,0.5,average,1.0,,0.5,average,1.0,1006,opt-aad24bc2-3,Optimize Rota 3,forward,10547.6,10589.6,358.5,342.5,2782.8,5457.1,6530.0,1689.0,616.2,251.8,959.0,21,75,0
2026-09-29-urgup,A-distance,A,distance,none,0.5,average,1.0,,0.5,average,1.0,1006,opt-aad24bc2-3,Optimize Rota 3,reverse,10547.6,10588.9,351.8,343.6,2782.8,5315.7,6368.9,1669.4,616.2,248.8,959.0,21,80,0
2026-09-29-urgup,A-distance,A,distance,none,0.5,average,1.0,,0.5,average,1.0,1006,opt-aad24bc2-4,Optimize Rota 4,forward,9995.9,10029.9,309.6,294.7,2910.3,5259.6,6106.1,1315.8,469.4,398.5,959.0,21,47,0
2026-09-29-urgup,A-distance,A,distance,none,0.5,average,1.0,,0.5,average,1.0,1006,opt-aad24bc2-4,Optimize Rota 4,reverse,9995.9,10031.0,299.3,312.0,2910.3,4900.3,5706.2,1275.4,469.4,481.8,959.0,21,50,0
2026-09-29-urgup,A-distance,A,distance,none,0.5,average,1.0,,0.5,average,1.0,1006,opt-aad24bc2-5,Optimize Rota 5,forward,12446.3,12489.8,381.9,379.7,3336.3,5997.6,7112.7,1843.1,728.1,244.6,913.4,20,66,0
2026-09-29-urgup,A-distance,A,distance,none,0.5,average,1.0,,0.5,average,1.0,1006,opt-aad24bc2-5,Optimize Rota 5,reverse,12446.3,12490.0,393.3,383.5,3336.3,6145.8,7255.7,1838.0,728.1,282.8,913.4,20,61,0
2026-09-29-urgup,A-distance,A,distance,none,0.5,average,1.0,,0.5,average,1.0,1006,opt-aad24bc2-6,Optimize Rota 6,forward,25638.0,25745.2,902.3,883.0,6801.4,13658.2,16301.8,3969.1,1325.4,1328.1,639.3,14,133,0
2026-09-29-urgup,A-distance,A,distance,none,0.5,average,1.0,,0.5,average,1.0,1006,opt-aad24bc2-6,Optimize Rota 6,reverse,25638.0,25746.6,889.0,906.4,6801.4,13231.8,16063.2,4156.9,1325.5,1215.2,639.3,14,128,0
2026-09-29-urgup,A-distance,A,distance,none,0.5,average,1.0,,0.5,average,1.0,1006,opt-aad24bc2-7,Optimize Rota 7,forward,3602.8,3620.1,135.3,129.0,948.5,2026.5,2422.6,595.4,199.3,199.6,274.0,6,35,0
2026-09-29-urgup,A-distance,A,distance,none,0.5,average,1.0,,0.5,average,1.0,1006,opt-aad24bc2-7,Optimize Rota 7,reverse,3602.8,3620.1,129.7,134.7,948.5,1888.1,2333.6,644.8,199.3,166.8,274.0,6,36,0
2026-09-29-urgup,A-distance,A,distance,none,0.5,average,1.0,,0.5,average,1.0,1006,opt-aad24bc2-8,Optimize Rota 8,forward,2509.5,2518.5,81.1,78.2,681.0,1293.2,1522.5,351.2,121.9,106.5,274.0,6,12,0
2026-09-29-urgup,A-distance,A,distance,none,0.5,average,1.0,,0.5,average,1.0,1006,opt-aad24bc2-8,Optimize Rota 8,reverse,2509.5,2518.0,73.6,79.0,681.0,1162.9,1380.1,339.0,121.9,114.0,274.0,6,18,0
2026-09-29-urgup,D-noise-006,D,energy,dem,0.5,average,1.0,1006,0.5,average,1.0,1006,opt-89e88690-1,Optimize Rota 1,forward,8976.1,8998.9,224.5,232.0,2287.1,3695.7,4252.2,1124.7,568.3,74.5,1187.4,26,32,0
2026-09-29-urgup,D-noise-006,D,energy,dem,0.5,average,1.0,1006,0.5,average,1.0,1006,opt-89e88690-1,Optimize Rota 1,reverse,8976.1,8999.1,239.3,221.4,2287.1,4040.8,4560.0,1087.5,568.3,93.7,1187.4,26,32,0
2026-09-29-urgup,D-noise-006,D,energy,dem,0.5,average,1.0,1006,0.5,average,1.0,1006,opt-89e88690-2,Optimize Rota 2,forward,9181.6,9211.8,272.0,280.7,2386.6,4168.2,5019.3,1382.3,531.2,129.0,1050.4,23,32,0
2026-09-29-urgup,D-noise-006,D,energy,dem,0.5,average,1.0,1006,0.5,average,1.0,1006,opt-89e88690-2,Optimize Rota 2,reverse,9181.6,9211.4,277.0,267.1,2386.6,4389.0,5175.6,1317.7,531.1,155.5,1050.4,23,40,0
2026-09-29-urgup,D-noise-006,D,energy,dem,0.5,average,1.0,1006,0.5,average,1.0,1006,opt-89e88690-3,Optimize Rota 3,forward,11236.4,11275.3,326.1,340.0,2992.9,5153.0,6157.5,1642.5,637.9,236.9,959.0,21,71,0
2026-09-29-urgup,D-noise-006,D,energy,dem,0.5,average,1.0,1006,0.5,average,1.0,1006,opt-89e88690-3,Optimize Rota 3,reverse,11236.4,11274.2,345.6,322.1,2992.9,5588.1,6474.5,1524.2,637.9,270.1,959.0,21,64,0
2026-09-29-urgup,D-noise-006,D,energy,dem,0.5,average,1.0,1006,0.5,average,1.0,1006,opt-89e88690-4,Optimize Rota 4,forward,10019.8,10052.0,295.5,284.0,2916.3,5121.3,5912.2,1263.5,472.7,372.6,959.0,21,45,0
2026-09-29-urgup,D-noise-006,D,energy,dem,0.5,average,1.0,1006,0.5,average,1.0,1006,opt-89e88690-4,Optimize Rota 4,reverse,10019.8,10052.9,287.4,297.9,2916.3,4831.9,5550.0,1190.9,472.7,483.2,959.0,21,48,0
2026-09-29-urgup,D-noise-006,D,energy,dem,0.5,average,1.0,1006,0.5,average,1.0,1006,opt-89e88690-5,Optimize Rota 5,forward,13152.6,13188.8,342.1,349.7,3509.7,5743.5,6628.3,1667.9,783.1,191.8,913.4,20,63,0
2026-09-29-urgup,D-noise-006,D,energy,dem,0.5,average,1.0,1006,0.5,average,1.0,1006,opt-89e88690-5,Optimize Rota 5,reverse,13152.6,13190.0,359.7,352.5,3509.7,5990.1,6870.9,1664.0,783.2,222.4,913.4,20,55,0
2026-09-29-urgup,D-noise-006,D,energy,dem,0.5,average,1.0,1006,0.5,average,1.0,1006,opt-89e88690-6,Optimize Rota 6,forward,26120.3,26227.1,861.5,900.9,6951.0,12970.4,15716.8,4077.3,1330.9,1226.3,639.3,14,124,0
2026-09-29-urgup,D-noise-006,D,energy,dem,0.5,average,1.0,1006,0.5,average,1.0,1006,opt-89e88690-6,Optimize Rota 6,reverse,26120.3,26224.8,890.1,864.7,6951.0,13787.8,16327.8,3870.9,1330.8,1342.5,639.3,14,125,0
2026-09-29-urgup,D-noise-006,D,energy,dem,0.5,average,1.0,1006,0.5,average,1.0,1006,opt-89e88690-7,Optimize Rota 7,forward,4315.5,4331.5,125.2,146.6,1141.3,1887.0,2359.4,707.5,235.1,137.5,274.0,6,31,0
2026-09-29-urgup,D-noise-006,D,energy,dem,0.5,average,1.0,1006,0.5,average,1.0,1006,opt-89e88690-7,Optimize Rota 7,reverse,4315.5,4331.7,139.9,125.2,1141.3,2265.1,2610.7,580.8,235.2,147.3,274.0,6,34,0
2026-09-29-urgup,D-noise-006,D,energy,dem,0.5,average,1.0,1006,0.5,average,1.0,1006,opt-89e88690-8,Optimize Rota 8,forward,2580.1,2590.1,82.0,85.7,693.7,1252.7,1530.0,406.0,128.8,83.1,274.0,6,16,0
2026-09-29-urgup,D-noise-006,D,energy,dem,0.5,average,1.0,1006,0.5,average,1.0,1006,opt-89e88690-8,Optimize Rota 8,reverse,2580.1,2589.6,81.3,78.3,693.7,1324.8,1521.6,325.5,128.7,151.2,274.0,6,21,0
2026-09-29-urgup,D-noise-006,D,energy,dem,0.5,average,1.0,1006,0.5,average,1.0,,opt-89e88690-1,Optimize Rota 1,forward,8976.1,8985.5,142.3,143.3,2287.1,3096.7,3164.8,635.5,567.4,11.7,1187.4,26,15,0
2026-09-29-urgup,D-noise-006,D,energy,dem,0.5,average,1.0,1006,0.5,average,1.0,,opt-89e88690-1,Optimize Rota 1,reverse,8976.1,8985.3,142.5,143.7,2287.1,3052.4,3090.3,605.3,567.4,10.3,1187.4,26,15,0
2026-09-29-urgup,D-noise-006,D,energy,dem,0.5,average,1.0,1006,0.5,average,1.0,,opt-89e88690-2,Optimize Rota 2,forward,9181.6,9197.7,190.0,188.8,2386.6,3546.3,3869.9,853.9,530.3,47.1,1050.4,23,13,0
2026-09-29-urgup,D-noise-006,D,energy,dem,0.5,average,1.0,1006,0.5,average,1.0,,opt-89e88690-2,Optimize Rota 2,reverse,9181.6,9197.3,189.6,186.9,2386.6,3563.6,3897.7,864.4,530.3,31.9,1050.4,23,14,0
2026-09-29-urgup,D-noise-006,D,energy,dem,0.5,average,1.0,1006,0.5,average,1.0,,opt-89e88690-3,Optimize Rota 3,forward,11236.4,11258.5,239.2,229.1,2992.9,4607.6,5010.6,1040.0,637.0,124.3,959.0,21,43,0
2026-09-29-urgup,D-noise-006,D,energy,dem,0.5,average,1.0,1006,0.5,average,1.0,,opt-89e88690-3,Optimize Rota 3,reverse,11236.4,11257.7,233.0,233.8,2992.9,4424.9,4841.4,1053.5,636.9,88.6,959.0,21,37,0
2026-09-29-urgup,D-noise-006,D,energy,dem,0.5,average,1.0,1006,0.5,average,1.0,,opt-89e88690-4,Optimize Rota 4,forward,10019.8,10034.7,200.8,198.9,2916.3,4138.2,4479.9,813.5,471.9,137.0,959.0,21,17,0
2026-09-29-urgup,D-noise-006,D,energy,dem,0.5,average,1.0,1006,0.5,average,1.0,,opt-89e88690-4,Optimize Rota 4,reverse,10019.8,10034.6,196.9,200.5,2916.3,3938.6,4215.6,748.9,471.8,104.6,959.0,21,16,0
2026-09-29-urgup,D-noise-006,D,energy,dem,0.5,average,1.0,1006,0.5,average,1.0,,opt-89e88690-5,Optimize Rota 5,forward,13152.6,13170.1,225.4,231.8,3509.7,4725.4,4943.6,1000.2,782.0,30.3,913.4,20,35,0
2026-09-29-urgup,D-noise-006,D,energy,dem,0.5,average,1.0,1006,0.5,average,1.0,,opt-89e88690-5,Optimize Rota 5,reverse,13152.6,13170.1,234.7,231.0,3509.7,4937.3,5180.4,1025.2,782.0,58.5,913.4,20,30,0
2026-09-29-urgup,D-noise-006,D,energy,dem,0.5,average,1.0,1006,0.5,average,1.0,,opt-89e88690-6,Optimize Rota 6,forward,26120.3,26196.2,743.0,754.7,6951.0,11709.7,13816.1,3435.8,1329.4,482.3,639.3,14,67,0
2026-09-29-urgup,D-noise-006,D,energy,dem,0.5,average,1.0,1006,0.5,average,1.0,,opt-89e88690-6,Optimize Rota 6,reverse,26120.3,26195.8,750.0,747.3,6951.0,12306.2,14346.0,3369.1,1329.4,895.7,639.3,14,73,0
2026-09-29-urgup,D-noise-006,D,energy,dem,0.5,average,1.0,1006,0.5,average,1.0,,opt-89e88690-7,Optimize Rota 7,forward,4315.5,4326.2,97.4,107.9,1141.3,1667.0,1934.2,502.1,234.9,33.2,274.0,6,21,0
2026-09-29-urgup,D-noise-006,D,energy,dem,0.5,average,1.0,1006,0.5,average,1.0,,opt-89e88690-7,Optimize Rota 7,reverse,4315.5,4326.5,108.8,96.5,1141.3,1984.1,2194.5,445.2,234.9,84.3,274.0,6,20,0
2026-09-29-urgup,D-noise-006,D,energy,dem,0.5,average,1.0,1006,0.5,average,1.0,,opt-89e88690-8,Optimize Rota 8,forward,2580.1,2582.9,40.7,39.7,693.7,914.2,939.2,153.4,128.4,8.3,274.0,6,8,0
2026-09-29-urgup,D-noise-006,D,energy,dem,0.5,average,1.0,1006,0.5,average,1.0,,opt-89e88690-8,Optimize Rota 8,reverse,2580.1,2582.9,40.7,41.3,693.7,906.6,941.8,163.6,128.4,11.4,274.0,6,7,0
2026-09-29-urgup,A-distance,A,distance,none,0.5,average,1.0,,0.5,average,1.0,1007,opt-aad24bc2-1,Optimize Rota 1,forward,8379.2,8401.4,219.9,218.3,2139.3,3625.0,4151.6,1049.0,522.4,109.8,1187.4,26,42,0
2026-09-29-urgup,A-distance,A,distance,none,0.5,average,1.0,,0.5,average,1.0,1007,opt-aad24bc2-1,Optimize Rota 1,reverse,8379.2,8402.3,222.8,220.8,2139.3,3650.5,4199.4,1071.3,522.5,102.2,1187.4,26,48,0
2026-09-29-urgup,A-distance,A,distance,none,0.5,average,1.0,,0.5,average,1.0,1007,opt-aad24bc2-2,Optimize Rota 2,forward,8718.6,8747.9,258.5,254.9,2262.9,4095.9,4803.5,1212.3,504.7,206.2,1050.4,23,45,0
2026-09-29-urgup,A-distance,A,distance,none,0.5,average,1.0,,0.5,average,1.0,1007,opt-aad24bc2-2,Optimize Rota 2,reverse,8718.6,8747.6,252.0,250.6,2262.9,4020.6,4722.7,1206.9,504.7,174.7,1050.4,23,45,0
2026-09-29-urgup,A-distance,A,distance,none,0.5,average,1.0,,0.5,average,1.0,1007,opt-aad24bc2-3,Optimize Rota 3,forward,10547.6,10588.8,348.6,348.2,2782.8,5288.0,6348.8,1676.8,616.1,317.0,959.0,21,77,0
2026-09-29-urgup,A-distance,A,distance,none,0.5,average,1.0,,0.5,average,1.0,1007,opt-aad24bc2-3,Optimize Rota 3,reverse,10547.6,10588.9,349.7,350.7,2782.8,5304.3,6387.2,1698.9,616.1,323.9,959.0,21,73,0
2026-09-29-urgup,A-distance,A,distance,none,0.5,average,1.0,,0.5,average,1.0,1007,opt-aad24bc2-4,Optimize Rota 4,forward,9995.9,10028.0,308.4,301.2,2910.3,5142.0,6053.3,1380.6,469.3,320.5,959.0,21,39,0
2026-09-29-urgup,A-distance,A,distance,none,0.5,average,1.0,,0.5,average,1.0,1007,opt-aad24bc2-4,Optimize Rota 4,reverse,9995.9,10028.7,304.6,308.4,2910.3,4950.2,5737.6,1256.7,469.3,433.3,959.0,21,39,0
2026-09-29-urgup,A-distance,A,distance,none,0.5,average,1.0,,0.5,average,1.0,1007,opt-aad24bc2-5,Optimize Rota 5,forward,12446.3,12481.9,345.1,335.8,3336.3,5753.1,6620.8,1595.4,727.7,216.6,913.4,20,59,0
2026-09-29-urgup,A-distance,A,distance,none,0.5,average,1.0,,0.5,average,1.0,1007,opt-aad24bc2-5,Optimize Rota 5,reverse,12446.3,12484.3,345.8,349.7,3336.3,5590.0,6511.9,1649.6,727.8,181.5,913.4,20,62,0
2026-09-29-urgup,A-distance,A,distance,none,0.5,average,1.0,,0.5,average,1.0,1007,opt-aad24bc2-6,Optimize Rota 6,forward,25638.0,25742.1,892.1,890.8,6801.4,13522.4,16211.9,4014.8,1325.2,1390.1,639.3,14,118,0
2026-09-29-urgup,A-distance,A,distance,none,0.5,average,1.0,,0.5,average,1.0,1007,opt-aad24bc2-6,Optimize Rota 6,reverse,25638.0,25741.8,883.2,900.8,6801.4,12955.1,15803.2,4173.3,1325.2,956.7,639.3,14,121,0
2026-09-29-urgup,A-distance,A,distance,none,0.5,average,1.0,,0.5,average,1.0,1007,opt-aad24bc2-7,Optimize Rota 7,forward,3602.8,3615.9,114.9,112.1,948.5,1783.6,2128.7,544.2,199.0,87.3,274.0,6,20,0
2026-09-29-urgup,A-distance,A,distance,none,0.5,average,1.0,,0.5,average,1.0,1007,opt-aad24bc2-7,Optimize Rota 7,reverse,3602.8,3616.4,117.7,114.0,948.5,1824.3,2174.8,549.6,199.1,106.6,274.0,6,21,0
2026-09-29-urgup,A-distance,A,distance,none,0.5,average,1.0,,0.5,average,1.0,1007,opt-aad24bc2-8,Optimize Rota 8,forward,2509.5,2515.6,59.5,58.3,681.0,1086.7,1233.5,268.5,121.8,39.5,274.0,6,13,0
2026-09-29-urgup,A-distance,A,distance,none,0.5,average,1.0,,0.5,average,1.0,1007,opt-aad24bc2-8,Optimize Rota 8,reverse,2509.5,2515.9,61.4,60.9,681.0,1096.4,1226.4,251.7,121.8,76.4,274.0,6,15,0
2026-09-29-urgup,D-noise-007,D,energy,dem,0.5,average,1.0,1007,0.5,average,1.0,1007,opt-a9148f95-1,Optimize Rota 1,forward,8574.1,8592.8,193.3,197.5,2195.4,3414.6,3823.1,936.7,528.2,75.8,1187.4,26,39,0
2026-09-29-urgup,D-noise-007,D,energy,dem,0.5,average,1.0,1007,0.5,average,1.0,1007,opt-a9148f95-1,Optimize Rota 1,reverse,8574.1,8593.4,201.9,199.6,2195.4,3516.8,3933.1,944.5,528.3,73.5,1187.4,26,34,0
2026-09-29-urgup,D-noise-007,D,energy,dem,0.5,average,1.0,1007,0.5,average,1.0,1007,opt-a9148f95-2,Optimize Rota 2,forward,9754.2,9779.5,235.8,254.7,2540.5,3979.7,4605.2,1181.3,555.8,184.1,1050.4,23,43,0
2026-09-29-urgup,D-noise-007,D,energy,dem,0.5,average,1.0,1007,0.5,average,1.0,1007,opt-a9148f95-2,Optimize Rota 2,reverse,9754.2,9778.8,247.2,234.6,2540.5,4283.9,4824.3,1096.1,555.8,141.5,1050.4,23,37,0
2026-09-29-urgup,D-noise-007,D,energy,dem,0.5,average,1.0,1007,0.5,average,1.0,1007,opt-a9148f95-3,Optimize Rota 3,forward,11119.6,11158.4,321.4,343.1,2935.8,5044.7,6020.9,1622.9,646.7,313.3,959.0,21,74,0
2026-09-29-urgup,D-noise-007,D,energy,dem,0.5,average,1.0,1007,0.5,average,1.0,1007,opt-a9148f95-3,Optimize Rota 3,reverse,11119.6,11158.1,339.4,326.3,2935.8,5491.9,6392.7,1547.5,646.7,343.0,959.0,21,66,0
2026-09-29-urgup,D-noise-007,D,energy,dem,0.5,average,1.0,1007,0.5,average,1.0,1007,opt-a9148f95-4,Optimize Rota 4,forward,10193.6,10224.5,300.2,296.2,2958.9,5092.9,5957.8,1349.7,484.7,309.8,959.0,21,40,0
2026-09-29-urgup,D-noise-007,D,energy,dem,0.5,average,1.0,1007,0.5,average,1.0,1007,opt-a9148f95-4,Optimize Rota 4,reverse,10193.6,10225.0,297.8,301.0,2958.9,4920.0,5666.9,1231.7,484.7,383.0,959.0,21,37,0
2026-09-29-urgup,D-noise-007,D,energy,dem,0.5,average,1.0,1007,0.5,average,1.0,1007,opt-a9148f95-5,Optimize Rota 5,forward,12615.2,12650.1,330.9,333.3,3383.9,5573.6,6416.4,1577.3,734.5,187.7,913.4,20,57,0
2026-09-29-urgup,D-noise-007,D,energy,dem,0.5,average,1.0,1007,0.5,average,1.0,1007,opt-a9148f95-5,Optimize Rota 5,reverse,12615.2,12651.3,340.3,337.4,3383.9,5665.8,6523.3,1592.1,734.6,184.2,913.4,20,58,0
2026-09-29-urgup,D-noise-007,D,energy,dem,0.5,average,1.0,1007,0.5,average,1.0,1007,opt-a9148f95-6,Optimize Rota 6,forward,26291.6,26395.6,861.9,908.6,6974.3,12720.8,15582.7,4224.6,1362.7,915.2,639.3,14,125,0
2026-09-29-urgup,D-noise-007,D,energy,dem,0.5,average,1.0,1007,0.5,average,1.0,1007,opt-a9148f95-6,Optimize Rota 6,reverse,26291.6,26394.4,890.5,871.6,6974.3,13820.0,16329.1,3871.7,1362.6,1433.9,639.3,14,123,0
2026-09-29-urgup,D-noise-007,D,energy,dem,0.5,average,1.0,1007,0.5,average,1.0,1007,opt-a9148f95-7,Optimize Rota 7,forward,4347.4,4361.7,116.2,125.8,1160.5,1878.0,2268.2,618.4,228.2,60.5,319.7,7,27,0
2026-09-29-urgup,D-noise-007,D,energy,dem,0.5,average,1.0,1007,0.5,average,1.0,1007,opt-a9148f95-7,Optimize Rota 7,reverse,4347.4,4362.6,131.1,118.3,1160.5,2229.2,2507.4,506.5,228.3,206.2,319.7,7,30,0
2026-09-29-urgup,D-noise-007,D,energy,dem,0.5,average,1.0,1007,0.5,average,1.0,1007,opt-a9148f95-8,Optimize Rota 8,forward,2133.0,2137.9,49.1,53.6,566.3,855.9,993.3,250.2,112.7,32.2,228.3,5,11,0
2026-09-29-urgup,D-noise-007,D,energy,dem,0.5,average,1.0,1007,0.5,average,1.0,1007,opt-a9148f95-8,Optimize Rota 8,reverse,2133.0,2138.3,56.5,53.9,566.3,968.9,1105.8,249.7,112.8,40.0,228.3,5,10,0
2026-09-29-urgup,D-noise-007,D,energy,dem,0.5,average,1.0,1007,0.5,average,1.0,,opt-a9148f95-1,Optimize Rota 1,forward,8574.1,8584.1,148.8,148.8,2195.4,3055.7,3188.0,660.0,527.7,17.4,1187.4,26,19,0
2026-09-29-urgup,D-noise-007,D,energy,dem,0.5,average,1.0,1007,0.5,average,1.0,,opt-a9148f95-1,Optimize Rota 1,reverse,8574.1,8584.2,149.2,151.0,2195.4,3011.9,3133.7,649.5,527.7,13.2,1187.4,26,19,0
2026-09-29-urgup,D-noise-007,D,energy,dem,0.5,average,1.0,1007,0.5,average,1.0,,opt-a9148f95-2,Optimize Rota 2,forward,9754.2,9768.3,186.0,187.6,2540.5,3557.6,3795.2,792.8,555.2,26.7,1050.4,23,16,0
2026-09-29-urgup,D-noise-007,D,energy,dem,0.5,average,1.0,1007,0.5,average,1.0,,opt-a9148f95-2,Optimize Rota 2,reverse,9754.2,9768.4,189.3,185.4,2540.5,3735.7,4038.7,858.2,555.2,39.0,1050.4,23,17,0
2026-09-29-urgup,D-noise-007,D,energy,dem,0.5,average,1.0,1007,0.5,average,1.0,,opt-a9148f95-3,Optimize Rota 3,forward,11119.6,11140.6,232.6,228.0,2935.8,4450.0,4840.1,1035.7,645.7,110.5,959.0,21,34,0
2026-09-29-urgup,D-noise-007,D,energy,dem,0.5,average,1.0,1007,0.5,average,1.0,,opt-a9148f95-3,Optimize Rota 3,reverse,11119.6,11140.3,230.8,231.4,2935.8,4372.0,4784.8,1058.5,645.7,83.9,959.0,21,33,0
2026-09-29-urgup,D-noise-007,D,energy,dem,0.5,average,1.0,1007,0.5,average,1.0,,opt-a9148f95-4,Optimize Rota 4,forward,10193.6,10208.5,201.5,200.1,2958.9,4167.7,4494.6,810.8,483.9,136.0,959.0,21,17,0
2026-09-29-urgup,D-noise-007,D,energy,dem,0.5,average,1.0,1007,0.5,average,1.0,,opt-a9148f95-4,Optimize Rota 4,reverse,10193.6,10208.3,197.5,202.2,2958.9,3970.3,4243.4,757.1,483.9,100.0,959.0,21,14,0
2026-09-29-urgup,D-noise-007,D,energy,dem,0.5,average,1.0,1007,0.5,average,1.0,,opt-a9148f95-5,Optimize Rota 5,forward,12615.2,12633.1,236.1,231.6,3383.9,4773.1,5051.4,1011.8,733.6,29.9,913.4,20,30,0
2026-09-29-urgup,D-noise-007,D,energy,dem,0.5,average,1.0,1007,0.5,average,1.0,,opt-a9148f95-5,Optimize Rota 5,reverse,12615.2,12632.4,233.7,233.3,3383.9,4765.8,5079.4,1047.1,733.5,35.9,913.4,20,26,0
2026-09-29-urgup,D-noise-007,D,energy,dem,0.5,average,1.0,1007,0.5,average,1.0,,opt-a9148f95-6,Optimize Rota 6,forward,26291.6,26368.1,742.0,759.1,6974.3,11709.8,13834.2,3485.6,1361.2,475.6,639.3,14,76,0
2026-09-29-urgup,D-noise-007,D,energy,dem,0.5,average,1.0,1007,0.5,average,1.0,,opt-a9148f95-6,Optimize Rota 6,reverse,26291.6,26367.0,751.7,743.4,6974.3,12387.5,14364.8,3338.4,1361.2,910.5,639.3,14,82,0
2026-09-29-urgup,D-noise-007,D,energy,dem,0.5,average,1.0,1007,0.5,average,1.0,,opt-a9148f95-7,Optimize Rota 7,forward,4347.4,4358.6,101.9,102.4,1160.5,1830.5,2085.0,482.7,228.1,54.2,319.7,7,26,0
2026-09-29-urgup,D-noise-007,D,energy,dem,0.5,average,1.0,1007,0.5,average,1.0,,opt-a9148f95-7,Optimize Rota 7,reverse,4347.4,4358.5,103.9,100.1,1160.5,1875.4,2082.4,435.1,228.1,91.9,319.7,7,25,0
2026-09-29-urgup,D-noise-007,D,energy,dem,0.5,average,1.0,1007,0.5,average,1.0,,opt-a9148f95-8,Optimize Rota 8,forward,2133.0,2135.8,36.7,37.2,566.3,758.4,793.5,147.7,112.6,10.6,228.3,5,8,0
2026-09-29-urgup,D-noise-007,D,energy,dem,0.5,average,1.0,1007,0.5,average,1.0,,opt-a9148f95-8,Optimize Rota 8,reverse,2133.0,2135.6,37.4,36.3,566.3,795.2,842.3,159.8,112.6,7.7,228.3,5,8,0
2026-09-29-urgup,A-distance,A,distance,none,0.5,average,1.0,,0.5,average,1.0,1008,opt-aad24bc2-1,Optimize Rota 1,forward,8379.2,8406.2,248.9,246.7,2139.3,3873.0,4541.9,1191.6,522.7,160.0,1187.4,26,46,0
2026-09-29-urgup,A-distance,A,distance,none,0.5,average,1.0,,0.5,average,1.0,1008,opt-aad24bc2-1,Optimize Rota 1,reverse,8379.2,8405.3,250.6,239.6,2139.3,3956.1,4625.9,1192.5,522.7,119.1,1187.4,26,44,0
2026-09-29-urgup,A-distance,A,distance,none,0.5,average,1.0,,0.5,average,1.0,1008,opt-aad24bc2-2,Optimize Rota 2,forward,8718.6,8749.0,267.4,267.5,2262.9,4139.1,4924.9,1290.6,504.8,204.2,1050.4,23,37,0
2026-09-29-urgup,A-distance,A,distance,none,0.5,average,1.0,,0.5,average,1.0,1008,opt-aad24bc2-2,Optimize Rota 2,reverse,8718.6,8749.2,267.9,263.6,2262.9,4141.0,4933.1,1296.9,504.8,143.0,1050.4,23,40,0
2026-09-29-urgup,A-distance,A,distance,none,0.5,average,1.0,,0.5,average,1.0,1008,opt-aad24bc2-3,Optimize Rota 3,forward,10547.6,10587.9,338.4,318.0,2782.8,5358.4,6261.5,1519.2,616.1,298.9,959.0,21,84,0
2026-09-29-urgup,A-distance,A,distance,none,0.5,average,1.0,,0.5,average,1.0,1008,opt-aad24bc2-3,Optimize Rota 3,reverse,10547.6,10587.6,332.5,325.6,2782.8,5188.0,6147.3,1575.3,616.1,260.0,959.0,21,81,0
2026-09-29-urgup,A-distance,A,distance,none,0.5,average,1.0,,0.5,average,1.0,1008,opt-aad24bc2-4,Optimize Rota 4,forward,9995.9,10027.1,286.8,280.1,2910.3,4998.1,5737.1,1208.2,469.2,394.2,959.0,21,35,0
2026-09-29-urgup,A-distance,A,distance,none,0.5,average,1.0,,0.5,average,1.0,1008,opt-aad24bc2-4,Optimize Rota 4,reverse,9995.9,10026.4,278.4,281.3,2910.3,4854.7,5454.8,1069.3,469.1,546.7,959.0,21,40,0
2026-09-29-urgup,A-distance,A,distance,none,0.5,average,1.0,,0.5,average,1.0,1008,opt-aad24bc2-5,Optimize Rota 5,forward,12446.3,12482.1,347.8,338.5,3336.3,5719.7,6624.2,1632.2,727.7,145.1,913.4,20,56,0
2026-09-29-urgup,A-distance,A,distance,none,0.5,average,1.0,,0.5,average,1.0,1008,opt-aad24bc2-5,Optimize Rota 5,reverse,12446.3,12483.5,352.9,345.9,3336.3,5761.6,6697.8,1664.0,727.8,176.6,913.4,20,53,0
2026-09-29-urgup,A-distance,A,distance,none,0.5,average,1.0,,0.5,average,1.0,1008,opt-aad24bc2-6,Optimize Rota 6,forward,25638.0,25745.3,898.6,886.1,6801.4,13663.4,16286.8,3948.8,1325.4,1443.7,639.3,14,158,0
2026-09-29-urgup,A-distance,A,distance,none,0.5,average,1.0,,0.5,average,1.0,1008,opt-aad24bc2-6,Optimize Rota 6,reverse,25638.0,25746.5,889.9,902.1,6801.4,13246.5,16070.4,4149.4,1325.5,1170.2,639.3,14,148,0
2026-09-29-urgup,A-distance,A,distance,none,0.5,average,1.0,,0.5,average,1.0,1008,opt-aad24bc2-7,Optimize Rota 7,forward,3602.8,3619.0,127.2,121.0,948.5,1933.2,2326.6,592.7,199.2,121.1,274.0,6,36,0
2026-09-29-urgup,A-distance,A,distance,none,0.5,average,1.0,,0.5,average,1.0,1008,opt-aad24bc2-7,Optimize Rota 7,reverse,3602.8,3619.5,126.7,126.2,948.5,1882.4,2283.1,600.0,199.3,143.0,274.0,6,39,0
2026-09-29-urgup,A-distance,A,distance,none,0.5,average,1.0,,0.5,average,1.0,1008,opt-aad24bc2-8,Optimize Rota 8,forward,2509.5,2518.2,79.8,74.6,681.0,1284.7,1500.3,337.4,121.9,86.3,274.0,6,21,0
2026-09-29-urgup,A-distance,A,distance,none,0.5,average,1.0,,0.5,average,1.0,1008,opt-aad24bc2-8,Optimize Rota 8,reverse,2509.5,2519.0,77.0,85.4,681.0,1164.1,1424.5,382.3,121.9,103.3,274.0,6,19,0
2026-09-29-urgup,D-noise-008,D,energy,dem,0.5,average,1.0,1008,0.5,average,1.0,1008,opt-198fbebd-1,Optimize Rota 1,forward,9101.5,9125.7,232.1,242.8,2313.9,3749.6,4359.7,1179.8,569.6,78.2,1187.4,26,40,0
2026-09-29-urgup,D-noise-008,D,energy,dem,0.5,average,1.0,1008,0.5,average,1.0,1008,opt-198fbebd-1,Optimize Rota 1,reverse,9101.5,9124.9,244.7,224.8,2313.9,4137.4,4647.7,1080.0,569.6,137.3,1187.4,26,43,0
2026-09-29-urgup,D-noise-008,D,energy,dem,0.5,average,1.0,1008,0.5,average,1.0,1008,opt-198fbebd-2,Optimize Rota 2,forward,9138.6,9165.4,250.0,252.1,2366.4,4048.5,4727.2,1209.5,530.9,150.0,1050.4,23,36,0
2026-09-29-urgup,D-noise-008,D,energy,dem,0.5,average,1.0,1008,0.5,average,1.0,1008,opt-198fbebd-2,Optimize Rota 2,reverse,9138.6,9165.7,253.8,248.2,2366.4,4140.1,4831.2,1221.9,530.9,117.8,1050.4,23,35,0
2026-09-29-urgup,D-noise-008,D,energy,dem,0.5,average,1.0,1008,0.5,average,1.0,1008,opt-198fbebd-3,Optimize Rota 3,forward,11082.2,11119.5,314.4,315.3,2927.5,5127.7,5955.1,1468.1,640.6,300.3,959.0,21,77,0
2026-09-29-urgup,D-noise-008,D,energy,dem,0.5,average,1.0,1008,0.5,average,1.0,1008,opt-198fbebd-3,Optimize Rota 3,reverse,11082.2,11119.6,328.3,313.0,2927.5,5365.7,6229.0,1503.9,640.6,260.3,959.0,21,72,0
2026-09-29-urgup,D-noise-008,D,energy,dem,0.5,average,1.0,1008,0.5,average,1.0,1008,opt-198fbebd-4,Optimize Rota 4,forward,10099.4,10130.0,280.4,277.4,2938.9,4956.3,5675.4,1192.1,473.1,397.9,959.0,21,36,0
2026-09-29-urgup,D-noise-008,D,energy,dem,0.5,average,1.0,1008,0.5,average,1.0,1008,opt-198fbebd-4,Optimize Rota 4,reverse,10099.4,10129.1,274.2,276.4,2938.9,4847.3,5407.3,1032.9,473.0,547.4,959.0,21,41,0
2026-09-29-urgup,D-noise-008,D,energy,dem,0.5,average,1.0,1008,0.5,average,1.0,1008,opt-198fbebd-5,Optimize Rota 5,forward,13173.3,13206.8,328.1,337.5,3551.7,5603.1,6440.5,1616.2,778.8,112.6,913.4,20,55,0
2026-09-29-urgup,D-noise-008,D,energy,dem,0.5,average,1.0,1008,0.5,average,1.0,1008,opt-198fbebd-5,Optimize Rota 5,reverse,13173.3,13208.3,346.3,327.3,3551.7,5994.2,6765.9,1550.6,778.9,163.8,913.4,20,54,0
2026-09-29-urgup,D-noise-008,D,energy,dem,0.5,average,1.0,1008,0.5,average,1.0,1008,opt-198fbebd-6,Optimize Rota 6,forward,26117.3,26225.0,875.7,908.0,6914.4,13095.6,15908.0,4176.5,1364.2,1165.4,639.3,14,147,0
2026-09-29-urgup,D-noise-008,D,energy,dem,0.5,average,1.0,1008,0.5,average,1.0,1008,opt-198fbebd-6,Optimize Rota 6,reverse,26117.3,26222.7,900.2,878.5,6914.4,13826.6,16384.1,3921.6,1364.1,1400.4,639.3,14,152,0
2026-09-29-urgup,D-noise-008,D,energy,dem,0.5,average,1.0,1008,0.5,average,1.0,1008,opt-198fbebd-7,Optimize Rota 7,forward,3857.5,3872.9,112.0,126.3,1014.4,1727.4,2120.8,608.7,215.3,128.4,274.0,6,37,0
2026-09-29-urgup,D-noise-008,D,energy,dem,0.5,average,1.0,1008,0.5,average,1.0,1008,opt-198fbebd-7,Optimize Rota 7,reverse,3857.5,3873.6,131.6,112.5,1014.4,2119.5,2422.6,518.4,215.3,143.8,274.0,6,40,0
2026-09-29-urgup,D-noise-008,D,energy,dem,0.5,average,1.0,1008,0.5,average,1.0,1008,opt-198fbebd-8,Optimize Rota 8,forward,2635.2,2643.4,74.4,71.8,702.3,1234.9,1422.0,323.8,136.7,71.8,274.0,6,24,0
2026-09-29-urgup,D-noise-008,D,energy,dem,0.5,average,1.0,1008,0.5,average,1.0,1008,opt-198fbebd-8,Optimize Rota 8,reverse,2635.2,2643.6,72.4,79.0,702.3,1157.6,1383.4,362.5,136.7,78.8,274.0,6,18,0
2026-09-29-urgup,D-noise-008,D,energy,dem,0.5,average,1.0,1008,0.5,average,1.0,,opt-198fbebd-1,Optimize Rota 1,forward,9101.5,9111.4,147.4,147.5,2313.9,3111.3,3160.1,617.5,568.7,9.7,1187.4,26,16,0
2026-09-29-urgup,D-noise-008,D,energy,dem,0.5,average,1.0,1008,0.5,average,1.0,,opt-198fbebd-1,Optimize Rota 1,reverse,9101.5,9111.5,148.3,146.9,2313.9,3180.9,3255.3,643.2,568.7,22.4,1187.4,26,17,0
2026-09-29-urgup,D-noise-008,D,energy,dem,0.5,average,1.0,1008,0.5,average,1.0,,opt-198fbebd-2,Optimize Rota 2,forward,9138.6,9154.6,184.6,183.3,2366.4,3503.7,3794.2,820.8,530.2,63.9,1050.4,23,14,0
2026-09-29-urgup,D-noise-008,D,energy,dem,0.5,average,1.0,1008,0.5,average,1.0,,opt-198fbebd-2,Optimize Rota 2,reverse,9138.6,9154.4,184.2,180.0,2366.4,3544.5,3851.9,837.7,530.2,43.9,1050.4,23,17,0
2026-09-29-urgup,D-noise-008,D,energy,dem,0.5,average,1.0,1008,0.5,average,1.0,,opt-198fbebd-3,Optimize Rota 3,forward,11082.2,11103.4,240.2,230.4,2927.5,4537.3,4939.5,1041.9,639.7,122.1,959.0,21,35,0
2026-09-29-urgup,D-noise-008,D,energy,dem,0.5,average,1.0,1008,0.5,average,1.0,,opt-198fbebd-3,Optimize Rota 3,reverse,11082.2,11103.3,236.7,238.5,2927.5,4377.8,4818.9,1080.8,639.7,87.4,959.0,21,36,0
2026-09-29-urgup,D-noise-008,D,energy,dem,0.5,average,1.0,1008,0.5,average,1.0,,opt-198fbebd-4,Optimize Rota 4,forward,10099.4,10114.3,200.4,199.0,2938.9,4133.4,4458.4,797.3,472.3,137.6,959.0,21,18,0
2026-09-29-urgup,D-noise-008,D,energy,dem,0.5,average,1.0,1008,0.5,average,1.0,,opt-198fbebd-4,Optimize Rota 4,reverse,10099.4,10114.1,196.8,200.5,2938.9,3964.0,4244.3,752.7,472.3,104.7,959.0,21,16,0
2026-09-29-urgup,D-noise-008,D,energy,dem,0.5,average,1.0,1008,0.5,average,1.0,,opt-198fbebd-5,Optimize Rota 5,forward,13173.3,13191.4,235.2,238.5,3551.7,4853.3,5110.7,1035.3,777.8,27.6,913.4,20,33,0
2026-09-29-urgup,D-noise-008,D,energy,dem,0.5,average,1.0,1008,0.5,average,1.0,,opt-198fbebd-5,Optimize Rota 5,reverse,13173.3,13191.3,241.6,232.9,3551.7,5051.9,5308.9,1034.9,777.8,47.3,913.4,20,31,0
2026-09-29-urgup,D-noise-008,D,energy,dem,0.5,average,1.0,1008,0.5,average,1.0,,opt-198fbebd-6,Optimize Rota 6,forward,26117.3,26195.0,752.1,765.9,6914.4,11770.5,13940.0,3532.1,1362.6,486.8,639.3,14,75,0
2026-09-29-urgup,D-noise-008,D,energy,dem,0.5,average,1.0,1008,0.5,average,1.0,,opt-198fbebd-6,Optimize Rota 6,reverse,26117.3,26193.9,762.3,752.0,6914.4,12424.9,14446.5,3384.1,1362.6,917.9,639.3,14,78,0
2026-09-29-urgup,D-noise-008,D,energy,dem,0.5,average,1.0,1008,0.5,average,1.0,,opt-198fbebd-7,Optimize Rota 7,forward,3857.5,3868.0,99.3,98.4,1014.4,1673.7,1932.9,474.2,215.0,36.4,274.0,6,20,0
2026-09-29-urgup,D-noise-008,D,energy,dem,0.5,average,1.0,1008,0.5,average,1.0,,opt-198fbebd-7,Optimize Rota 7,reverse,3857.5,3868.0,102.7,95.2,1014.4,1756.7,1998.4,456.7,215.0,43.5,274.0,6,20,0
2026-09-29-urgup,D-noise-008,D,energy,dem,0.5,average,1.0,1008,0.5,average,1.0,,opt-198fbebd-8,Optimize Rota 8,forward,2635.2,2638.3,43.1,42.5,702.3,945.8,984.5,175.1,136.4,9.8,274.0,6,11,0
2026-09-29-urgup,D-noise-008,D,energy,dem,0.5,average,1.0,1008,0.5,average,1.0,,opt-198fbebd-8,Optimize Rota 8,reverse,2635.2,2638.4,43.2,44.2,702.3,929.0,971.9,179.3,136.4,11.8,274.0,6,11,0
2026-09-29-urgup,A-distance,A,distance,none,0.5,average,1.0,,0.5,average,1.0,1009,opt-aad24bc2-1,Optimize Rota 1,forward,8379.2,8403.1,231.4,230.7,2139.3,3728.4,4321.8,1115.8,522.5,136.4,1187.4,26,41,0
2026-09-29-urgup,A-distance,A,distance,none,0.5,average,1.0,,0.5,average,1.0,1009,opt-aad24bc2-1,Optimize Rota 1,reverse,8379.2,8402.6,219.4,233.0,2139.3,3524.0,4127.6,1126.0,522.5,130.0,1187.4,26,42,0
2026-09-29-urgup,A-distance,A,distance,none,0.5,average,1.0,,0.5,average,1.0,1009,opt-aad24bc2-2,Optimize Rota 2,forward,8718.6,8751.2,285.8,278.0,2262.9,4345.5,5208.8,1368.3,504.9,196.7,1050.4,23,34,0
2026-09-29-urgup,A-distance,A,distance,none,0.5,average,1.0,,0.5,average,1.0,1009,opt-aad24bc2-2,Optimize Rota 2,reverse,8718.6,8750.6,276.6,282.5,2262.9,4193.7,5072.5,1383.7,504.9,221.4,1050.4,23,34,0
2026-09-29-urgup,A-distance,A,distance,none,0.5,average,1.0,,0.5,average,1.0,1009,opt-aad24bc2-3,Optimize Rota 3,forward,10547.6,10589.2,346.1,340.2,2782.8,5329.8,6374.5,1660.9,616.1,300.4,959.0,21,72,0
2026-09-29-urgup,A-distance,A,distance,none,0.5,average,1.0,,0.5,average,1.0,1009,opt-aad24bc2-3,Optimize Rota 3,reverse,10547.6,10587.8,338.8,337.0,2782.8,5268.3,6266.7,1614.4,616.0,352.1,959.0,21,76,0
2026-09-29-urgup,A-distance,A,distance,none,0.5,average,1.0,,0.5,average,1.0,1009,opt-aad24bc2-4,Optimize Rota 4,forward,9995.9,10027.1,281.9,281.5,2910.3,4876.8,5666.9,1259.4,469.2,311.3,959.0,21,37,0
2026-09-29-urgup,A-distance,A,distance,none,0.5,average,1.0,,0.5,average,1.0,1009,opt-aad24bc2-4,Optimize Rota 4,reverse,9995.9,10027.2,279.4,280.5,2910.3,4850.3,5458.3,1077.2,469.2,510.9,959.0,21,45,0
2026-09-29-urgup,A-distance,A,distance,none,0.5,average,1.0,,0.5,average,1.0,1009,opt-aad24bc2-5,Optimize Rota 5,forward,12446.3,12484.9,363.0,350.1,3336.3,5925.0,6825.1,1627.9,727.8,284.0,913.4,20,65,0
2026-09-29-urgup,A-distance,A,distance,none,0.5,average,1.0,,0.5,average,1.0,1009,opt-aad24bc2-5,Optimize Rota 5,reverse,12446.3,12485.3,357.4,360.7,3336.3,5742.5,6746.4,1731.7,727.8,216.1,913.4,20,54,0
2026-09-29-urgup,A-distance,A,distance,none,0.5,average,1.0,,0.5,average,1.0,1009,opt-aad24bc2-6,Optimize Rota 6,forward,25638.0,25747.0,904.4,915.8,6801.4,13509.3,16344.4,4160.6,1325.5,1377.9,639.3,14,137,0
2026-09-29-urgup,A-distance,A,distance,none,0.5,average,1.0,,0.5,average,1.0,1009,opt-aad24bc2-6,Optimize Rota 6,reverse,25638.0,25748.3,906.5,918.8,6801.4,13390.5,16310.0,4245.1,1325.6,1190.6,639.3,14,128,0
2026-09-29-urgup,A-distance,A,distance,none,0.5,average,1.0,,0.5,average,1.0,1009,opt-aad24bc2-7,Optimize Rota 7,forward,3602.8,3619.7,132.5,127.2,948.5,1987.8,2380.7,592.1,199.2,181.2,274.0,6,34,0
2026-09-29-urgup,A-distance,A,distance,none,0.5,average,1.0,,0.5,average,1.0,1009,opt-aad24bc2-7,Optimize Rota 7,reverse,3602.8,3619.3,122.5,134.7,948.5,1765.6,2210.0,643.6,199.2,154.1,274.0,6,31,0
2026-09-29-urgup,A-distance,A,distance,none,0.5,average,1.0,,0.5,average,1.0,1009,opt-aad24bc2-8,Optimize Rota 8,forward,2509.5,2517.6,82.1,70.6,681.0,1362.7,1557.9,317.1,121.9,96.1,274.0,6,15,0
2026-09-29-urgup,A-distance,A,distance,none,0.5,average,1.0,,0.5,average,1.0,1009,opt-aad24bc2-8,Optimize Rota 8,reverse,2509.5,2516.9,68.4,80.9,681.0,1046.1,1300.4,376.2,121.8,60.2,274.0,6,16,0
2026-09-29-urgup,D-noise-009,D,energy,dem,0.5,average,1.0,1009,0.5,average,1.0,1009,opt-aab23547-1,Optimize Rota 1,forward,8509.8,8533.3,214.2,235.5,2174.1,3433.9,4054.7,1149.6,528.8,93.2,1187.4,26,50,0
2026-09-29-urgup,D-noise-009,D,energy,dem,0.5,average,1.0,1009,0.5,average,1.0,1009,opt-aab23547-1,Optimize Rota 1,reverse,8509.8,8534.2,235.5,233.8,2174.1,3828.1,4414.6,1115.4,528.9,182.4,1187.4,26,45,0
2026-09-29-urgup,D-noise-009,D,energy,dem,0.5,average,1.0,1009,0.5,average,1.0,1009,opt-aab23547-2,Optimize Rota 2,forward,9206.7,9237.2,274.4,282.3,2390.0,4196.2,5039.4,1374.9,531.7,148.4,1050.4,23,38,0
2026-09-29-urgup,D-noise-009,D,energy,dem,0.5,average,1.0,1009,0.5,average,1.0,1009,opt-aab23547-2,Optimize Rota 2,reverse,9206.7,9236.9,277.8,279.0,2390.0,4347.7,5198.4,1382.3,531.7,187.9,1050.4,23,37,0
2026-09-29-urgup,D-noise-009,D,energy,dem,0.5,average,1.0,1009,0.5,average,1.0,1009,opt-aab23547-3,Optimize Rota 3,forward,11097.8,11135.2,317.6,343.7,2871.6,4904.1,5905.5,1675.6,674.1,243.5,959.0,21,72,0
2026-09-29-urgup,D-noise-009,D,energy,dem,0.5,average,1.0,1009,0.5,average,1.0,1009,opt-aab23547-3,Optimize Rota 3,reverse,11097.8,11136.2,345.1,325.2,2871.6,5497.6,6420.2,1596.7,674.2,261.9,959.0,21,66,0
2026-09-29-urgup,D-noise-009,D,energy,dem,0.5,average,1.0,1009,0.5,average,1.0,1009,opt-aab23547-4,Optimize Rota 4,forward,10171.7,10200.9,270.1,272.4,2957.1,4768.3,5492.1,1203.4,479.6,271.1,959.0,21,38,0
2026-09-29-urgup,D-noise-009,D,energy,dem,0.5,average,1.0,1009,0.5,average,1.0,1009,opt-aab23547-4,Optimize Rota 4,reverse,10171.7,10201.9,271.5,273.5,2957.1,4841.3,5404.8,1043.1,479.6,511.6,959.0,21,49,0
2026-09-29-urgup,D-noise-009,D,energy,dem,0.5,average,1.0,1009,0.5,average,1.0,1009,opt-aab23547-5,Optimize Rota 5,forward,12827.4,12863.8,339.3,349.0,3425.2,5565.9,6439.1,1635.5,762.2,173.3,913.4,20,75,0
2026-09-29-urgup,D-noise-009,D,energy,dem,0.5,average,1.0,1009,0.5,average,1.0,1009,opt-aab23547-5,Optimize Rota 5,reverse,12827.4,12865.5,355.1,354.5,3425.2,5899.4,6817.3,1680.2,762.3,284.8,913.4,20,70,0
2026-09-29-urgup,D-noise-009,D,energy,dem,0.5,average,1.0,1009,0.5,average,1.0,1009,opt-aab23547-6,Optimize Rota 6,forward,26089.4,26198.5,893.3,924.4,6890.1,13215.9,16122.9,4287.1,1380.2,1154.2,639.3,14,131,0
2026-09-29-urgup,D-noise-009,D,energy,dem,0.5,average,1.0,1009,0.5,average,1.0,1009,opt-aab23547-6,Optimize Rota 6,reverse,26089.4,26197.6,914.5,915.8,6890.1,13733.1,16522.2,4169.2,1380.1,1358.2,639.3,14,128,0
2026-09-29-urgup,D-noise-009,D,energy,dem,0.5,average,1.0,1009,0.5,average,1.0,1009,opt-aab23547-7,Optimize Rota 7,forward,3711.8,3728.3,127.8,127.6,987.6,1942.5,2339.1,593.5,196.9,171.2,274.0,6,38,0
2026-09-29-urgup,D-noise-009,D,energy,dem,0.5,average,1.0,1009,0.5,average,1.0,1009,opt-aab23547-7,Optimize Rota 7,reverse,3711.8,3727.8,123.3,130.3,987.6,1877.1,2265.0,584.7,196.8,217.1,274.0,6,32,0
2026-09-29-urgup,D-noise-009,D,energy,dem,0.5,average,1.0,1009,0.5,average,1.0,1009,opt-aab23547-8,Optimize Rota 8,forward,2638.2,2647.9,86.4,85.8,709.7,1337.2,1609.2,403.3,131.3,92.1,274.0,6,18,0
2026-09-29-urgup,D-noise-009,D,energy,dem,0.5,average,1.0,1009,0.5,average,1.0,1009,opt-aab23547-8,Optimize Rota 8,reverse,2638.2,2646.8,79.8,84.2,709.7,1246.1,1505.0,390.1,131.2,90.3,274.0,6,20,0
2026-09-29-urgup,D-noise-009,D,energy,dem,0.5,average,1.0,1009,0.5,average,1.0,,opt-aab23547-1,Optimize Rota 1,forward,8509.8,8520.0,145.4,146.3,2174.1,3004.9,3123.6,646.8,528.1,17.5,1187.4,26,22,0
2026-09-29-urgup,D-noise-009,D,energy,dem,0.5,average,1.0,1009,0.5,average,1.0,,opt-aab23547-1,Optimize Rota 1,reverse,8509.8,8519.9,146.0,145.6,2174.1,2993.3,3089.4,624.2,528.0,15.4,1187.4,26,23,0
2026-09-29-urgup,D-noise-009,D,energy,dem,0.5,average,1.0,1009,0.5,average,1.0,,opt-aab23547-2,Optimize Rota 2,forward,9206.7,9223.3,192.1,191.3,2390.0,3584.5,3943.6,890.0,530.9,42.6,1050.4,23,15,0
2026-09-29-urgup,D-noise-009,D,energy,dem,0.5,average,1.0,1009,0.5,average,1.0,,opt-aab23547-2,Optimize Rota 2,reverse,9206.7,9223.3,191.8,187.2,2390.0,3594.7,3921.9,858.1,530.9,38.4,1050.4,23,20,0
2026-09-29-urgup,D-noise-009,D,energy,dem,0.5,average,1.0,1009,0.5,average,1.0,,opt-aab23547-3,Optimize Rota 3,forward,11097.8,11123.0,248.4,249.7,2871.6,4486.1,4981.0,1168.3,673.4,126.6,959.0,21,38,0
2026-09-29-urgup,D-noise-009,D,energy,dem,0.5,average,1.0,1009,0.5,average,1.0,,opt-aab23547-3,Optimize Rota 3,reverse,11097.8,11122.0,249.4,243.1,2871.6,4525.5,4999.5,1147.3,673.3,87.2,959.0,21,33,0
2026-09-29-urgup,D-noise-009,D,energy,dem,0.5,average,1.0,1009,0.5,average,1.0,,opt-aab23547-4,Optimize Rota 4,forward,10171.7,10186.8,201.5,199.6,2957.1,4183.0,4520.3,816.2,478.9,138.9,959.0,21,18,0
2026-09-29-urgup,D-noise-009,D,energy,dem,0.5,average,1.0,1009,0.5,average,1.0,,opt-aab23547-4,Optimize Rota 4,reverse,10171.7,10186.5,197.6,201.2,2957.1,3983.6,4256.7,752.0,478.9,105.0,959.0,21,19,0
2026-09-29-urgup,D-noise-009,D,energy,dem,0.5,average,1.0,1009,0.5,average,1.0,,opt-aab23547-5,Optimize Rota 5,forward,12827.4,12846.4,246.5,246.4,3425.2,4877.3,5223.2,1107.1,761.2,35.6,913.4,20,34,0
2026-09-29-urgup,D-noise-009,D,energy,dem,0.5,average,1.0,1009,0.5,average,1.0,,opt-aab23547-5,Optimize Rota 5,reverse,12827.4,12846.4,247.7,241.8,3425.2,4932.7,5242.3,1070.8,761.2,49.0,913.4,20,35,0
2026-09-29-urgup,D-noise-009,D,energy,dem,0.5,average,1.0,1009,0.5,average,1.0,,opt-aab23547-6,Optimize Rota 6,forward,26089.4,26165.9,748.0,752.1,6890.1,11792.9,13878.3,3463.8,1378.5,479.7,639.3,14,68,0
2026-09-29-urgup,D-noise-009,D,energy,dem,0.5,average,1.0,1009,0.5,average,1.0,,opt-aab23547-6,Optimize Rota 6,reverse,26089.4,26163.7,748.9,740.2,6890.1,12247.3,14214.3,3345.3,1378.3,847.1,639.3,14,75,0
2026-09-29-urgup,D-noise-009,D,energy,dem,0.5,average,1.0,1009,0.5,average,1.0,,opt-aab23547-7,Optimize Rota 7,forward,3711.8,3722.3,99.0,97.6,987.6,1649.2,1923.1,470.5,196.6,36.4,274.0,6,20,0
2026-09-29-urgup,D-noise-009,D,energy,dem,0.5,average,1.0,1009,0.5,average,1.0,,opt-aab23547-7,Optimize Rota 7,reverse,3711.8,3722.5,101.8,95.8,987.6,1745.3,1970.2,421.4,196.6,116.2,274.0,6,19,0
2026-09-29-urgup,D-noise-009,D,energy,dem,0.5,average,1.0,1009,0.5,average,1.0,,opt-aab23547-8,Optimize Rota 8,forward,2638.2,2641.0,41.2,40.1,709.7,930.8,953.6,153.8,131.0,8.3,274.0,6,8,0
2026-09-29-urgup,D-noise-009,D,energy,dem,0.5,average,1.0,1009,0.5,average,1.0,,opt-aab23547-8,Optimize Rota 8,reverse,2638.2,2641.0,41.1,41.7,709.7,923.6,957.0,164.4,131.0,11.4,274.0,6,7,0
2026-09-29-urgup,A-distance,A,distance,none,0.5,average,1.0,,0.5,average,1.0,1010,opt-aad24bc2-1,Optimize Rota 1,forward,8379.2,8404.1,232.2,237.3,2139.3,3681.3,4305.7,1146.9,522.6,135.9,1187.4,26,44,0
2026-09-29-urgup,A-distance,A,distance,none,0.5,average,1.0,,0.5,average,1.0,1010,opt-aad24bc2-1,Optimize Rota 1,reverse,8379.2,8403.7,229.1,232.0,2139.3,3701.8,4317.0,1137.8,522.6,136.1,1187.4,26,46,0
2026-09-29-urgup,A-distance,A,distance,none,0.5,average,1.0,,0.5,average,1.0,1010,opt-aad24bc2-2,Optimize Rota 2,forward,8718.6,8751.7,293.9,289.3,2262.9,4366.0,5277.9,1416.8,504.9,201.9,1050.4,23,32,0
2026-09-29-urgup,A-distance,A,distance,none,0.5,average,1.0,,0.5,average,1.0,1010,opt-aad24bc2-2,Optimize Rota 2,reverse,8718.6,8751.3,286.0,290.5,2262.9,4287.7,5192.1,1409.3,504.9,258.1,1050.4,23,42,0
2026-09-29-urgup,A-distance,A,distance,none,0.5,average,1.0,,0.5,average,1.0,1010,opt-aad24bc2-3,Optimize Rota 3,forward,10547.6,10587.6,344.1,332.5,2782.8,5367.1,6324.4,1573.3,616.0,359.7,959.0,21,73,0
2026-09-29-urgup,A-distance,A,distance,none,0.5,average,1.0,,0.5,average,1.0,1010,opt-aad24bc2-3,Optimize Rota 3,reverse,10547.6,10586.5,329.9,343.1,2782.8,5036.9,6046.8,1625.8,615.9,328.1,959.0,21,72,0
2026-09-29-urgup,A-distance,A,distance,none,0.5,average,1.0,,0.5,average,1.0,1010,opt-aad24bc2-4,Optimize Rota 4,forward,9995.9,10029.3,306.1,297.2,2910.3,5186.8,6041.4,1323.9,469.4,401.6,959.0,21,42,0
2026-09-29-urgup,A-distance,A,distance,none,0.5,average,1.0,,0.5,average,1.0,1010,opt-aad24bc2-4,Optimize Rota 4,reverse,9995.9,10028.6,292.1,306.7,2910.3,4769.5,5554.2,1254.0,469.3,415.0,959.0,21,38,0
2026-09-29-urgup,A-distance,A,distance,none,0.5,average,1.0,,0.5,average,1.0,1010,opt-aad24bc2-5,Optimize Rota 5,forward,12446.3,12483.9,349.9,350.0,3336.3,5670.0,6595.5,1653.3,727.8,199.2,913.4,20,63,0
2026-09-29-urgup,A-distance,A,distance,none,0.5,average,1.0,,0.5,average,1.0,1010,opt-aad24bc2-5,Optimize Rota 5,reverse,12446.3,12483.7,345.8,347.6,3336.3,5733.1,6642.1,1636.8,727.8,295.7,913.4,20,61,0
2026-09-29-urgup,A-distance,A,distance,none,0.5,average,1.0,,0.5,average,1.0,1010,opt-aad24bc2-6,Optimize Rota 6,forward,25638.0,25739.7,858.6,868.3,6801.4,13110.4,15658.7,3873.4,1325.1,1328.1,639.3,14,131,0
2026-09-29-urgup,A-distance,A,distance,none,0.5,average,1.0,,0.5,average,1.0,1010,opt-aad24bc2-6,Optimize Rota 6,reverse,25638.0,25742.1,867.1,875.3,6801.4,13131.3,15794.1,3988.1,1325.2,1198.4,639.3,14,127,0
2026-09-29-urgup,A-distance,A,distance,none,0.5,average,1.0,,0.5,average,1.0,1010,opt-aad24bc2-7,Optimize Rota 7,forward,3602.8,3618.6,122.8,120.1,948.5,1880.9,2245.7,564.0,199.2,152.3,274.0,6,22,0
2026-09-29-urgup,A-distance,A,distance,none,0.5,average,1.0,,0.5,average,1.0,1010,opt-aad24bc2-7,Optimize Rota 7,reverse,3602.8,3618.7,122.5,125.0,948.5,1827.6,2225.5,597.0,199.2,136.0,274.0,6,22,0
2026-09-29-urgup,A-distance,A,distance,none,0.5,average,1.0,,0.5,average,1.0,1010,opt-aad24bc2-8,Optimize Rota 8,forward,2509.5,2516.1,71.3,63.6,681.0,1216.0,1379.0,284.8,121.8,52.5,274.0,6,11,0
2026-09-29-urgup,A-distance,A,distance,none,0.5,average,1.0,,0.5,average,1.0,1010,opt-aad24bc2-8,Optimize Rota 8,reverse,2509.5,2516.5,70.1,69.2,681.0,1144.2,1332.8,310.4,121.8,48.1,274.0,6,16,0
2026-09-29-urgup,D-noise-010,D,energy,dem,0.5,average,1.0,1010,0.5,average,1.0,1010,opt-fa0753dd-1,Optimize Rota 1,forward,8546.1,8569.2,218.1,226.7,2184.1,3608.1,4182.3,1104.9,530.7,123.7,1187.4,26,48,0
2026-09-29-urgup,D-noise-010,D,energy,dem,0.5,average,1.0,1010,0.5,average,1.0,1010,opt-fa0753dd-1,Optimize Rota 1,reverse,8546.1,8568.7,224.1,223.8,2184.1,3695.2,4235.5,1070.9,530.7,124.8,1187.4,26,43,0
2026-09-29-urgup,D-noise-010,D,energy,dem,0.5,average,1.0,1010,0.5,average,1.0,1010,opt-fa0753dd-2,Optimize Rota 2,forward,8798.6,8830.4,279.2,282.0,2288.5,4218.6,5081.2,1366.5,503.8,200.7,1050.4,23,31,0
2026-09-29-urgup,D-noise-010,D,energy,dem,0.5,average,1.0,1010,0.5,average,1.0,1010,opt-fa0753dd-2,Optimize Rota 2,reverse,8798.6,8830.2,283.2,282.2,2288.5,4324.0,5186.3,1366.2,503.8,245.3,1050.4,23,37,0
2026-09-29-urgup,D-noise-010,D,energy,dem,0.5,average,1.0,1010,0.5,average,1.0,1010,opt-fa0753dd-3,Optimize Rota 3,forward,11062.0,11099.3,311.7,336.5,2849.0,4816.9,5740.9,1598.1,674.2,257.3,959.0,21,78,0
2026-09-29-urgup,D-noise-010,D,energy,dem,0.5,average,1.0,1010,0.5,average,1.0,1010,opt-fa0753dd-3,Optimize Rota 3,reverse,11062.0,11100.6,341.1,324.4,2849.0,5478.8,6352.0,1547.5,674.2,361.9,959.0,21,68,0
2026-09-29-urgup,D-noise-010,D,energy,dem,0.5,average,1.0,1010,0.5,average,1.0,1010,opt-fa0753dd-4,Optimize Rota 4,forward,10148.1,10181.0,298.0,292.0,2943.2,5072.5,5936.3,1354.8,491.0,275.1,959.0,21,39,0
2026-09-29-urgup,D-noise-010,D,energy,dem,0.5,average,1.0,1010,0.5,average,1.0,1010,opt-fa0753dd-4,Optimize Rota 4,reverse,10148.1,10180.8,290.7,297.6,2943.2,4862.0,5559.7,1188.7,491.0,442.0,959.0,21,35,0
2026-09-29-urgup,D-noise-010,D,energy,dem,0.5,average,1.0,1010,0.5,average,1.0,1010,opt-fa0753dd-5,Optimize Rota 5,forward,12801.4,12838.9,340.3,356.9,3430.7,5573.1,6500.1,1672.3,745.3,222.0,913.4,20,66,0
2026-09-29-urgup,D-noise-010,D,energy,dem,0.5,average,1.0,1010,0.5,average,1.0,1010,opt-fa0753dd-5,Optimize Rota 5,reverse,12801.4,12839.4,358.7,345.3,3430.7,6025.8,6898.6,1618.2,745.3,294.9,913.4,20,66,0
2026-09-29-urgup,D-noise-010,D,energy,dem,0.5,average,1.0,1010,0.5,average,1.0,1010,opt-fa0753dd-6,Optimize Rota 6,forward,25966.4,26068.5,840.3,874.6,6872.7,12770.9,15375.3,3961.8,1357.4,1184.1,639.3,14,136,0
2026-09-29-urgup,D-noise-010,D,energy,dem,0.5,average,1.0,1010,0.5,average,1.0,1010,opt-fa0753dd-6,Optimize Rota 6,reverse,25966.4,26068.1,865.0,858.1,6872.7,13366.5,15862.4,3853.4,1357.4,1299.4,639.3,14,131,0
2026-09-29-urgup,D-noise-010,D,energy,dem,0.5,average,1.0,1010,0.5,average,1.0,1010,opt-fa0753dd-7,Optimize Rota 7,forward,3797.9,3813.9,115.6,132.6,1007.2,1743.6,2168.1,628.0,203.5,161.2,274.0,6,30,0
2026-09-29-urgup,D-noise-010,D,energy,dem,0.5,average,1.0,1010,0.5,average,1.0,1010,opt-fa0753dd-7,Optimize Rota 7,reverse,3797.9,3814.3,134.7,120.8,1007.2,2114.0,2465.7,555.3,203.5,170.8,274.0,6,28,0
2026-09-29-urgup,D-noise-010,D,energy,dem,0.5,average,1.0,1010,0.5,average,1.0,1010,opt-fa0753dd-8,Optimize Rota 8,forward,2557.7,2565.0,72.0,67.6,677.6,1193.2,1373.8,317.3,136.7,40.4,274.0,6,12,0
2026-09-29-urgup,D-noise-010,D,energy,dem,0.5,average,1.0,1010,0.5,average,1.0,1010,opt-fa0753dd-8,Optimize Rota 8,reverse,2557.7,2565.2,70.3,69.0,677.6,1168.4,1342.2,310.5,136.7,67.0,274.0,6,16,0
2026-09-29-urgup,D-noise-010,D,energy,dem,0.5,average,1.0,1010,0.5,average,1.0,,opt-fa0753dd-1,Optimize Rota 1,forward,8546.1,8555.3,138.1,139.6,2184.1,2941.0,3010.4,599.2,529.8,13.3,1187.4,26,20,0
2026-09-29-urgup,D-noise-010,D,energy,dem,0.5,average,1.0,1010,0.5,average,1.0,,opt-fa0753dd-1,Optimize Rota 1,reverse,8546.1,8555.4,139.2,138.2,2184.1,2966.5,3029.8,593.1,529.8,11.5,1187.4,26,19,0
2026-09-29-urgup,D-noise-010,D,energy,dem,0.5,average,1.0,1010,0.5,average,1.0,,opt-fa0753dd-2,Optimize Rota 2,forward,8798.6,8814.8,185.1,184.5,2288.5,3439.1,3781.0,844.8,503.0,56.8,1050.4,23,11,0
2026-09-29-urgup,D-noise-010,D,energy,dem,0.5,average,1.0,1010,0.5,average,1.0,,opt-fa0753dd-2,Optimize Rota 2,reverse,8798.6,8814.2,184.8,180.4,2288.5,3462.5,3797.9,838.4,503.0,37.0,1050.4,23,15,0
2026-09-29-urgup,D-noise-010,D,energy,dem,0.5,average,1.0,1010,0.5,average,1.0,,opt-fa0753dd-3,Optimize Rota 3,forward,11062.0,11086.3,246.0,245.3,2849.0,4464.9,4961.9,1170.4,673.4,100.5,959.0,21,42,0
2026-09-29-urgup,D-noise-010,D,energy,dem,0.5,average,1.0,1010,0.5,average,1.0,,opt-fa0753dd-3,Optimize Rota 3,reverse,11062.0,11086.7,251.6,246.1,2849.0,4537.0,5019.9,1156.4,673.5,117.6,959.0,21,38,0
2026-09-29-urgup,D-noise-010,D,energy,dem,0.5,average,1.0,1010,0.5,average,1.0,,opt-fa0753dd-4,Optimize Rota 4,forward,10148.1,10164.3,214.5,209.7,2943.2,4260.2,4706.5,936.4,490.1,46.0,959.0,21,21,0
2026-09-29-urgup,D-noise-010,D,energy,dem,0.5,average,1.0,1010,0.5,average,1.0,,opt-fa0753dd-4,Optimize Rota 4,reverse,10148.1,10164.8,212.9,213.8,2943.2,4101.6,4434.2,822.8,490.2,107.7,959.0,21,13,0
2026-09-29-urgup,D-noise-010,D,energy,dem,0.5,average,1.0,1010,0.5,average,1.0,,opt-fa0753dd-5,Optimize Rota 5,forward,12801.4,12819.0,230.9,234.3,3430.7,4713.9,4989.4,1019.6,744.2,30.0,913.4,20,34,0
2026-09-29-urgup,D-noise-010,D,energy,dem,0.5,average,1.0,1010,0.5,average,1.0,,opt-fa0753dd-5,Optimize Rota 5,reverse,12801.4,12819.2,237.9,234.3,3430.7,4870.3,5169.4,1043.2,744.2,50.3,913.4,20,27,0
2026-09-29-urgup,D-noise-010,D,energy,dem,0.5,average,1.0,1010,0.5,average,1.0,,opt-fa0753dd-6,Optimize Rota 6,forward,25966.4,26042.7,740.6,755.6,6872.7,11655.0,13784.8,3485.9,1356.1,488.7,639.3,14,74,0
2026-09-29-urgup,D-noise-010,D,energy,dem,0.5,average,1.0,1010,0.5,average,1.0,,opt-fa0753dd-6,Optimize Rota 6,reverse,25966.4,26042.9,753.9,743.6,6872.7,12318.9,14326.5,3363.7,1356.1,884.6,639.3,14,81,0
2026-09-29-urgup,D-noise-010,D,energy,dem,0.5,average,1.0,1010,0.5,average,1.0,,opt-fa0753dd-7,Optimize Rota 7,forward,3797.9,3808.5,97.9,99.2,1007.2,1635.8,1906.1,473.5,203.2,38.7,274.0,6,20,0
2026-09-29-urgup,D-noise-010,D,energy,dem,0.5,average,1.0,1010,0.5,average,1.0,,opt-fa0753dd-7,Optimize Rota 7,reverse,3797.9,3808.6,102.2,95.4,1007.2,1775.3,2013.3,441.2,203.2,92.6,274.0,6,19,0
2026-09-29-urgup,D-noise-010,D,energy,dem,0.5,average,1.0,1010,0.5,average,1.0,,opt-fa0753dd-8,Optimize Rota 8,forward,2557.7,2561.1,46.1,45.2,677.6,963.8,1028.5,201.3,136.5,13.5,274.0,6,9,0
2026-09-29-urgup,D-noise-010,D,energy,dem,0.5,average,1.0,1010,0.5,average,1.0,,opt-fa0753dd-8,Optimize Rota 8,reverse,2557.7,2561.2,46.1,45.8,677.6,934.9,985.2,186.9,136.5,13.1,274.0,6,8,0
2026-09-29-urgup,A-distance,A,distance,none,0.5,average,1.0,,0.5,average,1.0,1011,opt-aad24bc2-1,Optimize Rota 1,forward,8379.2,8403.2,227.2,233.7,2139.3,3592.4,4233.0,1163.2,522.6,56.8,1187.4,26,42,0
2026-09-29-urgup,A-distance,A,distance,none,0.5,average,1.0,,0.5,average,1.0,1011,opt-aad24bc2-1,Optimize Rota 1,reverse,8379.2,8402.8,229.6,228.4,2139.3,3679.1,4277.2,1120.6,522.5,81.6,1187.4,26,48,0
2026-09-29-urgup,A-distance,A,distance,none,0.5,average,1.0,,0.5,average,1.0,1011,opt-aad24bc2-2,Optimize Rota 2,forward,8718.6,8748.3,267.0,268.3,2262.9,4110.3,4913.6,1308.1,504.8,174.7,1050.4,23,31,0
2026-09-29-urgup,A-distance,A,distance,none,0.5,average,1.0,,0.5,average,1.0,1011,opt-aad24bc2-2,Optimize Rota 2,reverse,8718.6,8747.1,265.2,260.0,2262.9,4083.1,4877.7,1299.3,504.7,76.2,1050.4,23,32,0
2026-09-29-urgup,A-distance,A,distance,none,0.5,average,1.0,,0.5,average,1.0,1011,opt-aad24bc2-3,Optimize Rota 3,forward,10547.6,10588.2,337.8,329.1,2782.8,5228.6,6200.3,1587.7,616.0,258.1,959.0,21,79,0
2026-09-29-urgup,A-distance,A,distance,none,0.5,average,1.0,,0.5,average,1.0,1011,opt-aad24bc2-3,Optimize Rota 3,reverse,10547.6,10587.4,340.5,332.9,2782.8,5286.4,6298.6,1628.2,616.0,277.8,959.0,21,76,0
2026-09-29-urgup,A-distance,A,distance,none,0.5,average,1.0,,0.5,average,1.0,1011,opt-aad24bc2-4,Optimize Rota 4,forward,9995.9,10022.5,271.2,261.0,2910.3,4828.9,5520.9,1161.0,469.0,253.1,959.0,21,36,0
2026-09-29-urgup,A-distance,A,distance,none,0.5,average,1.0,,0.5,average,1.0,1011,opt-aad24bc2-4,Optimize Rota 4,reverse,9995.9,10023.5,263.1,264.7,2910.3,4608.7,5191.2,1051.5,469.1,335.0,959.0,21,37,0
2026-09-29-urgup,A-distance,A,distance,none,0.5,average,1.0,,0.5,average,1.0,1011,opt-aad24bc2-5,Optimize Rota 5,forward,12446.3,12483.6,351.1,356.5,3336.3,5677.5,6657.7,1708.0,727.8,214.0,913.4,20,58,0
2026-09-29-urgup,A-distance,A,distance,none,0.5,average,1.0,,0.5,average,1.0,1011,opt-aad24bc2-5,Optimize Rota 5,reverse,12446.3,12483.6,362.1,352.5,3336.3,5829.5,6792.5,1690.7,727.8,172.4,913.4,20,55,0
2026-09-29-urgup,A-distance,A,distance,none,0.5,average,1.0,,0.5,average,1.0,1011,opt-aad24bc2-6,Optimize Rota 6,forward,25638.0,25738.4,864.4,855.9,6801.4,13287.2,15781.8,3819.7,1325.1,1310.3,639.3,14,129,0
2026-09-29-urgup,A-distance,A,distance,none,0.5,average,1.0,,0.5,average,1.0,1011,opt-aad24bc2-6,Optimize Rota 6,reverse,25638.0,25738.4,852.3,860.0,6801.4,12906.5,15538.9,3957.5,1325.0,1029.0,639.3,14,129,0
2026-09-29-urgup,A-distance,A,distance,none,0.5,average,1.0,,0.5,average,1.0,1011,opt-aad24bc2-7,Optimize Rota 7,forward,3602.8,3619.4,134.9,125.0,948.5,2011.3,2427.4,615.4,199.2,117.8,274.0,6,25,0
2026-09-29-urgup,A-distance,A,distance,none,0.5,average,1.0,,0.5,average,1.0,1011,opt-aad24bc2-7,Optimize Rota 7,reverse,3602.8,3619.2,129.5,131.1,948.5,1861.5,2307.7,645.4,199.2,99.5,274.0,6,24,0
2026-09-29-urgup,A-distance,A,distance,none,0.5,average,1.0,,0.5,average,1.0,1011,opt-aad24bc2-8,Optimize Rota 8,forward,2509.5,2514.3,59.4,55.8,681.0,1087.7,1210.4,244.4,121.7,36.9,274.0,6,11,0
2026-09-29-urgup,A-distance,A,distance,none,0.5,average,1.0,,0.5,average,1.0,1011,opt-aad24bc2-8,Optimize Rota 8,reverse,2509.5,2514.5,55.9,57.8,681.0,1006.3,1131.8,247.1,121.7,33.4,274.0,6,13,0
2026-09-29-urgup,D-noise-011,D,energy,dem,0.5,average,1.0,1011,0.5,average,1.0,1011,opt-62de87c7-1,Optimize Rota 1,forward,8466.6,8490.0,222.6,228.5,2160.4,3581.5,4190.6,1138.5,529.4,49.1,1187.4,26,40,0
2026-09-29-urgup,D-noise-011,D,energy,dem,0.5,average,1.0,1011,0.5,average,1.0,1011,opt-62de87c7-1,Optimize Rota 1,reverse,8466.6,8489.5,229.0,224.2,2160.4,3711.8,4279.7,1097.3,529.3,72.5,1187.4,26,43,0
2026-09-29-urgup,D-noise-011,D,energy,dem,0.5,average,1.0,1011,0.5,average,1.0,1011,opt-62de87c7-2,Optimize Rota 2,forward,8870.9,8901.5,266.7,273.9,2285.5,4064.8,4897.6,1361.8,529.1,130.8,1050.4,23,34,0
2026-09-29-urgup,D-noise-011,D,energy,dem,0.5,average,1.0,1011,0.5,average,1.0,1011,opt-62de87c7-2,Optimize Rota 2,reverse,8870.9,8901.0,272.8,265.6,2285.5,4201.6,4998.3,1325.8,529.0,105.5,1050.4,23,35,0
2026-09-29-urgup,D-noise-011,D,energy,dem,0.5,average,1.0,1011,0.5,average,1.0,1011,opt-62de87c7-3,Optimize Rota 3,forward,11009.7,11047.3,316.4,325.9,2902.9,5047.3,5959.0,1555.8,644.2,261.7,959.0,21,76,0
2026-09-29-urgup,D-noise-011,D,energy,dem,0.5,average,1.0,1011,0.5,average,1.0,1011,opt-62de87c7-3,Optimize Rota 3,reverse,11009.7,11046.9,331.4,320.5,2902.9,5354.4,6252.0,1541.8,644.2,286.4,959.0,21,66,0
2026-09-29-urgup,D-noise-011,D,energy,dem,0.5,average,1.0,1011,0.5,average,1.0,1011,opt-62de87c7-4,Optimize Rota 4,forward,10116.3,10143.1,271.5,267.2,2938.9,4814.8,5529.5,1193.6,478.9,255.0,959.0,21,37,0
2026-09-29-urgup,D-noise-011,D,energy,dem,0.5,average,1.0,1011,0.5,average,1.0,1011,opt-62de87c7-4,Optimize Rota 4,reverse,10116.3,10144.5,270.6,269.6,2938.9,4716.9,5320.7,1082.7,479.0,335.8,959.0,21,37,0
2026-09-29-urgup,D-noise-011,D,energy,dem,0.5,average,1.0,1011,0.5,average,1.0,1011,opt-62de87c7-5,Optimize Rota 5,forward,12806.5,12839.4,327.1,334.1,3424.0,5552.6,6374.8,1577.1,754.9,193.3,913.4,20,61,0
2026-09-29-urgup,D-noise-011,D,energy,dem,0.5,average,1.0,1011,0.5,average,1.0,1011,opt-62de87c7-5,Optimize Rota 5,reverse,12806.5,12840.4,344.4,333.2,3424.0,5770.8,6572.7,1556.9,754.9,174.1,913.4,20,49,0
2026-09-29-urgup,D-noise-011,D,energy,dem,0.5,average,1.0,1011,0.5,average,1.0,1011,opt-62de87c7-6,Optimize Rota 6,forward,26107.4,26207.0,842.6,866.8,6908.2,12765.7,15378.6,3981.7,1368.8,995.0,639.3,14,138,0
2026-09-29-urgup,D-noise-011,D,energy,dem,0.5,average,1.0,1011,0.5,average,1.0,1011,opt-62de87c7-6,Optimize Rota 6,reverse,26107.4,26207.3,872.4,853.9,6908.2,13546.3,15978.5,3801.0,1368.8,1335.8,639.3,14,129,0
2026-09-29-urgup,D-noise-011,D,energy,dem,0.5,average,1.0,1011,0.5,average,1.0,1011,opt-62de87c7-7,Optimize Rota 7,forward,3741.4,3757.9,121.5,135.6,995.1,1769.3,2242.1,671.7,198.9,109.0,274.0,6,34,0
2026-09-29-urgup,D-noise-011,D,energy,dem,0.5,average,1.0,1011,0.5,average,1.0,1011,opt-62de87c7-7,Optimize Rota 7,reverse,3741.4,3758.7,141.4,124.6,995.1,2196.2,2552.6,555.3,198.9,217.6,274.0,6,31,0
2026-09-29-urgup,D-noise-011,D,energy,dem,0.5,average,1.0,1011,0.5,average,1.0,1011,opt-62de87c7-8,Optimize Rota 8,forward,2580.1,2586.2,62.9,67.8,683.8,1052.1,1227.1,312.7,137.6,36.5,274.0,6,10,0
2026-09-29-urgup,D-noise-011,D,energy,dem,0.5,average,1.0,1011,0.5,average,1.0,1011,opt-62de87c7-8,Optimize Rota 8,reverse,2580.1,2586.4,66.9,62.4,683.8,1169.4,1305.4,273.7,137.7,62.2,274.0,6,12,0
2026-09-29-urgup,D-noise-011,D,energy,dem,0.5,average,1.0,1011,0.5,average,1.0,,opt-62de87c7-1,Optimize Rota 1,forward,8466.6,8476.8,146.3,145.1,2160.4,3018.0,3136.2,646.7,528.5,14.6,1187.4,26,20,0
2026-09-29-urgup,D-noise-011,D,energy,dem,0.5,average,1.0,1011,0.5,average,1.0,,opt-62de87c7-1,Optimize Rota 1,reverse,8466.6,8476.6,148.9,146.4,2160.4,3014.8,3116.4,630.2,528.5,13.8,1187.4,26,20,0
2026-09-29-urgup,D-noise-011,D,energy,dem,0.5,average,1.0,1011,0.5,average,1.0,,opt-62de87c7-2,Optimize Rota 2,forward,8870.9,8887.9,192.6,191.1,2285.5,3492.5,3857.2,892.9,528.2,40.5,1050.4,23,11,0
2026-09-29-urgup,D-noise-011,D,energy,dem,0.5,average,1.0,1011,0.5,average,1.0,,opt-62de87c7-2,Optimize Rota 2,reverse,8870.9,8888.0,192.2,187.7,2285.5,3524.4,3880.0,883.8,528.2,40.8,1050.4,23,17,0
2026-09-29-urgup,D-noise-011,D,energy,dem,0.5,average,1.0,1011,0.5,average,1.0,,opt-62de87c7-3,Optimize Rota 3,forward,11009.7,11030.8,231.8,223.9,2902.9,4452.0,4826.2,1017.5,643.3,120.1,959.0,21,38,0
2026-09-29-urgup,D-noise-011,D,energy,dem,0.5,average,1.0,1011,0.5,average,1.0,,opt-62de87c7-3,Optimize Rota 3,reverse,11009.7,11030.5,228.2,231.1,2902.9,4282.9,4682.2,1042.5,643.2,82.0,959.0,21,32,0
2026-09-29-urgup,D-noise-011,D,energy,dem,0.5,average,1.0,1011,0.5,average,1.0,,opt-62de87c7-4,Optimize Rota 4,forward,10116.3,10131.2,201.4,199.6,2938.9,4145.2,4470.0,803.1,478.3,136.8,959.0,21,19,0
2026-09-29-urgup,D-noise-011,D,energy,dem,0.5,average,1.0,1011,0.5,average,1.0,,opt-62de87c7-4,Optimize Rota 4,reverse,10116.3,10131.1,198.8,202.2,2938.9,3975.7,4259.9,762.4,478.3,100.0,959.0,21,14,0
2026-09-29-urgup,D-noise-011,D,energy,dem,0.5,average,1.0,1011,0.5,average,1.0,,opt-62de87c7-5,Optimize Rota 5,forward,12806.5,12823.6,226.6,231.2,3424.0,4692.3,4959.8,1021.5,754.0,29.5,913.4,20,35,0
2026-09-29-urgup,D-noise-011,D,energy,dem,0.5,average,1.0,1011,0.5,average,1.0,,opt-62de87c7-5,Optimize Rota 5,reverse,12806.5,12823.8,236.2,230.7,3424.0,4850.2,5104.2,1008.1,754.0,52.4,913.4,20,28,0
2026-09-29-urgup,D-noise-011,D,energy,dem,0.5,average,1.0,1011,0.5,average,1.0,,opt-62de87c7-6,Optimize Rota 6,forward,26107.4,26184.3,745.7,753.8,6908.2,11762.0,13856.0,3461.6,1367.6,490.4,639.3,14,71,0
2026-09-29-urgup,D-noise-011,D,energy,dem,0.5,average,1.0,1011,0.5,average,1.0,,opt-62de87c7-6,Optimize Rota 6,reverse,26107.4,26182.9,750.8,742.0,6908.2,12295.3,14271.3,3343.6,1367.6,874.6,639.3,14,74,0
2026-09-29-urgup,D-noise-011,D,energy,dem,0.5,average,1.0,1011,0.5,average,1.0,,opt-62de87c7-7,Optimize Rota 7,forward,3741.4,3751.9,97.3,97.6,995.1,1632.2,1904.2,470.5,198.5,36.4,274.0,6,23,0
2026-09-29-urgup,D-noise-011,D,energy,dem,0.5,average,1.0,1011,0.5,average,1.0,,opt-62de87c7-7,Optimize Rota 7,reverse,3741.4,3751.9,101.8,94.7,995.1,1756.1,1971.7,414.1,198.5,112.5,274.0,6,21,0
2026-09-29-urgup,D-noise-011,D,energy,dem,0.5,average,1.0,1011,0.5,average,1.0,,opt-62de87c7-8,Optimize Rota 8,forward,2580.1,2583.5,46.3,45.3,683.8,971.0,1035.5,202.1,137.5,13.5,274.0,6,9,0
2026-09-29-urgup,D-noise-011,D,energy,dem,0.5,average,1.0,1011,0.5,average,1.0,,opt-62de87c7-8,Optimize Rota 8,reverse,2580.1,2583.6,46.3,46.0,683.8,941.0,990.4,186.9,137.5,13.1,274.0,6,8,0
2026-09-29-urgup,A-distance,A,distance,none,0.5,average,1.0,,0.5,average,1.0,1012,opt-aad24bc2-1,Optimize Rota 1,forward,8379.2,8401.7,230.1,226.9,2139.3,3689.1,4295.0,1128.3,522.4,56.3,1187.4,26,26,0
2026-09-29-urgup,A-distance,A,distance,none,0.5,average,1.0,,0.5,average,1.0,1012,opt-aad24bc2-1,Optimize Rota 1,reverse,8379.2,8401.4,226.3,218.9,2139.3,3716.7,4269.2,1074.9,522.4,85.9,1187.4,26,31,0
2026-09-29-urgup,A-distance,A,distance,none,0.5,average,1.0,,0.5,average,1.0,1012,opt-aad24bc2-2,Optimize Rota 2,forward,8718.6,8748.2,270.2,270.1,2262.9,4145.7,4950.6,1309.6,504.7,185.4,1050.4,23,37,0
2026-09-29-urgup,A-distance,A,distance,none,0.5,average,1.0,,0.5,average,1.0,1012,opt-aad24bc2-2,Optimize Rota 2,reverse,8718.6,8748.8,270.9,270.3,2262.9,4174.3,4998.2,1328.6,504.8,182.6,1050.4,23,41,0
2026-09-29-urgup,A-distance,A,distance,none,0.5,average,1.0,,0.5,average,1.0,1012,opt-aad24bc2-3,Optimize Rota 3,forward,10547.6,10587.6,348.5,333.7,2782.8,5397.6,6383.3,1601.8,616.0,311.8,959.0,21,72,0
2026-09-29-urgup,A-distance,A,distance,none,0.5,average,1.0,,0.5,average,1.0,1012,opt-aad24bc2-3,Optimize Rota 3,reverse,10547.6,10586.5,339.6,338.1,2782.8,5212.0,6225.7,1629.6,616.0,290.1,959.0,21,73,0
2026-09-29-urgup,A-distance,A,distance,none,0.5,average,1.0,,0.5,average,1.0,1012,opt-aad24bc2-4,Optimize Rota 4,forward,9995.9,10030.7,311.0,314.4,2910.3,5103.4,6017.9,1383.8,469.4,419.2,959.0,21,39,0
2026-09-29-urgup,A-distance,A,distance,none,0.5,average,1.0,,0.5,average,1.0,1012,opt-aad24bc2-4,Optimize Rota 4,reverse,9995.9,10030.7,305.9,316.2,2910.3,4986.0,5810.1,1293.5,469.3,506.5,959.0,21,44,0
2026-09-29-urgup,A-distance,A,distance,none,0.5,average,1.0,,0.5,average,1.0,1012,opt-aad24bc2-5,Optimize Rota 5,forward,12446.3,12481.1,338.4,346.2,3336.3,5521.3,6457.4,1663.8,727.6,155.8,913.4,20,46,0
2026-09-29-urgup,A-distance,A,distance,none,0.5,average,1.0,,0.5,average,1.0,1012,opt-aad24bc2-5,Optimize Rota 5,reverse,12446.3,12481.3,350.9,342.6,3336.3,5725.9,6673.5,1675.2,727.6,116.4,913.4,20,40,0
2026-09-29-urgup,A-distance,A,distance,none,0.5,average,1.0,,0.5,average,1.0,1012,opt-aad24bc2-6,Optimize Rota 6,forward,25638.0,25751.5,944.3,933.7,6801.4,13947.1,16829.0,4207.6,1325.7,1427.3,639.3,14,144,0
2026-09-29-urgup,A-distance,A,distance,none,0.5,average,1.0,,0.5,average,1.0,1012,opt-aad24bc2-6,Optimize Rota 6,reverse,25638.0,25751.8,929.8,948.3,6801.4,13557.2,16666.6,4435.2,1325.7,1203.7,639.3,14,133,0
2026-09-29-urgup,A-distance,A,distance,none,0.5,average,1.0,,0.5,average,1.0,1012,opt-aad24bc2-7,Optimize Rota 7,forward,3602.8,3618.1,120.8,120.0,948.5,1846.1,2212.9,565.9,199.1,143.4,274.0,6,30,0
2026-09-29-urgup,A-distance,A,distance,none,0.5,average,1.0,,0.5,average,1.0,1012,opt-aad24bc2-7,Optimize Rota 7,reverse,3602.8,3618.3,119.4,121.8,948.5,1813.7,2183.9,569.4,199.1,152.8,274.0,6,39,0
2026-09-29-urgup,A-distance,A,distance,none,0.5,average,1.0,,0.5,average,1.0,1012,opt-aad24bc2-8,Optimize Rota 8,forward,2509.5,2520.2,85.2,81.3,681.0,1343.0,1571.1,350.1,122.0,138.7,274.0,6,19,0
2026-09-29-urgup,A-distance,A,distance,none,0.5,average,1.0,,0.5,average,1.0,1012,opt-aad24bc2-8,Optimize Rota 8,reverse,2509.5,2519.9,81.3,84.4,681.0,1265.3,1497.9,354.6,122.0,156.3,274.0,6,25,0
2026-09-29-urgup,D-noise-012,D,energy,dem,0.5,average,1.0,1012,0.5,average,1.0,1012,opt-a2557368-1,Optimize Rota 1,forward,9029.5,9049.2,207.0,213.7,2301.6,3581.7,4019.3,996.0,558.3,96.2,1187.4,26,34,0
2026-09-29-urgup,D-noise-012,D,energy,dem,0.5,average,1.0,1012,0.5,average,1.0,1012,opt-a2557368-1,Optimize Rota 1,reverse,9029.5,9049.3,214.9,206.3,2301.6,3797.1,4247.7,1008.9,558.3,72.5,1187.4,26,35,0
2026-09-29-urgup,D-noise-012,D,energy,dem,0.5,average,1.0,1012,0.5,average,1.0,1012,opt-a2557368-2,Optimize Rota 2,forward,9015.0,9042.4,251.0,256.9,2323.6,3998.8,4701.3,1240.1,537.6,158.2,1050.4,23,38,0
2026-09-29-urgup,D-noise-012,D,energy,dem,0.5,average,1.0,1012,0.5,average,1.0,1012,opt-a2557368-2,Optimize Rota 2,reverse,9015.0,9043.4,260.3,256.1,2323.6,4191.0,4891.2,1237.8,537.7,201.0,1050.4,23,40,0
2026-09-29-urgup,D-noise-012,D,energy,dem,0.5,average,1.0,1012,0.5,average,1.0,1012,opt-a2557368-3,Optimize Rota 3,forward,11086.2,11120.8,315.3,319.7,2941.6,5086.9,5941.2,1499.4,645.1,261.8,959.0,21,56,0
2026-09-29-urgup,D-noise-012,D,energy,dem,0.5,average,1.0,1012,0.5,average,1.0,1012,opt-a2557368-3,Optimize Rota 3,reverse,11086.2,11121.3,327.3,319.8,2941.6,5285.2,6159.5,1519.5,645.1,259.9,959.0,21,54,0
2026-09-29-urgup,D-noise-012,D,energy,dem,0.5,average,1.0,1012,0.5,average,1.0,1012,opt-a2557368-4,Optimize Rota 4,forward,10017.3,10051.6,306.9,313.6,2921.7,5057.2,5968.7,1376.3,464.8,419.2,959.0,21,42,0
2026-09-29-urgup,D-noise-012,D,energy,dem,0.5,average,1.0,1012,0.5,average,1.0,1012,opt-a2557368-4,Optimize Rota 4,reverse,10017.3,10051.9,304.3,313.9,2921.7,4994.6,5795.8,1266.0,464.8,526.2,959.0,21,47,0
2026-09-29-urgup,D-noise-012,D,energy,dem,0.5,average,1.0,1012,0.5,average,1.0,1012,opt-a2557368-5,Optimize Rota 5,forward,13016.6,13048.7,319.5,335.7,3491.3,5422.2,6236.3,1565.6,751.5,151.5,913.4,20,57,0
2026-09-29-urgup,D-noise-012,D,energy,dem,0.5,average,1.0,1012,0.5,average,1.0,1012,opt-a2557368-5,Optimize Rota 5,reverse,13016.6,13050.2,342.2,331.3,3491.3,5858.0,6695.7,1589.3,751.6,158.9,913.4,20,48,0
2026-09-29-urgup,D-noise-012,D,energy,dem,0.5,average,1.0,1012,0.5,average,1.0,1012,opt-a2557368-6,Optimize Rota 6,forward,26774.6,26885.9,898.5,952.0,7076.0,13219.6,16236.3,4428.5,1411.8,1123.5,639.3,14,142,0
2026-09-29-urgup,D-noise-012,D,energy,dem,0.5,average,1.0,1012,0.5,average,1.0,1012,opt-a2557368-6,Optimize Rota 6,reverse,26774.6,26886.3,953.7,913.9,7076.0,14519.0,17210.5,4103.3,1411.8,1430.8,639.3,14,142,0
2026-09-29-urgup,D-noise-012,D,energy,dem,0.5,average,1.0,1012,0.5,average,1.0,1012,opt-a2557368-7,Optimize Rota 7,forward,3857.1,3872.7,122.1,132.5,1019.3,1820.9,2241.8,631.3,210.3,130.6,274.0,6,31,0
2026-09-29-urgup,D-noise-012,D,energy,dem,0.5,average,1.0,1012,0.5,average,1.0,1012,opt-a2557368-7,Optimize Rota 7,reverse,3857.1,3873.4,129.2,126.5,1019.3,2013.9,2392.3,588.8,210.4,180.0,274.0,6,39,0
2026-09-29-urgup,D-noise-012,D,energy,dem,0.5,average,1.0,1012,0.5,average,1.0,1012,opt-a2557368-8,Optimize Rota 8,forward,2698.3,2708.5,83.9,85.9,710.5,1300.5,1545.2,393.1,148.3,103.9,274.0,6,22,0
2026-09-29-urgup,D-noise-012,D,energy,dem,0.5,average,1.0,1012,0.5,average,1.0,1012,opt-a2557368-8,Optimize Rota 8,reverse,2698.3,2708.5,84.7,83.2,710.5,1343.1,1577.5,382.7,148.3,107.7,274.0,6,24,0
2026-09-29-urgup,D-noise-012,D,energy,dem,0.5,average,1.0,1012,0.5,average,1.0,,opt-a2557368-1,Optimize Rota 1,forward,9029.5,9039.4,144.0,144.0,2301.6,3090.8,3134.4,601.4,557.7,20.7,1187.4,26,19,0
2026-09-29-urgup,D-noise-012,D,energy,dem,0.5,average,1.0,1012,0.5,average,1.0,,opt-a2557368-1,Optimize Rota 1,reverse,9029.5,9039.3,143.8,143.2,2301.6,3130.9,3198.4,625.2,557.7,20.8,1187.4,26,19,0
2026-09-29-urgup,D-noise-012,D,energy,dem,0.5,average,1.0,1012,0.5,average,1.0,,opt-a2557368-2,Optimize Rota 2,forward,9015.0,9031.2,184.9,182.8,2323.6,3477.1,3771.8,831.7,537.0,55.8,1050.4,23,14,0
2026-09-29-urgup,D-noise-012,D,energy,dem,0.5,average,1.0,1012,0.5,average,1.0,,opt-a2557368-2,Optimize Rota 2,reverse,9015.0,9030.9,184.7,180.9,2323.6,3505.5,3820.4,851.8,537.0,34.9,1050.4,23,14,0
2026-09-29-urgup,D-noise-012,D,energy,dem,0.5,average,1.0,1012,0.5,average,1.0,,opt-a2557368-3,Optimize Rota 3,forward,11086.2,11107.1,229.9,223.5,2941.6,4444.3,4802.6,1002.6,644.3,114.7,959.0,21,33,0
2026-09-29-urgup,D-noise-012,D,energy,dem,0.5,average,1.0,1012,0.5,average,1.0,,opt-a2557368-3,Optimize Rota 3,reverse,11086.2,11106.4,227.5,227.2,2941.6,4349.9,4738.6,1033.0,644.3,77.1,959.0,21,29,0
2026-09-29-urgup,D-noise-012,D,energy,dem,0.5,average,1.0,1012,0.5,average,1.0,,opt-a2557368-4,Optimize Rota 4,forward,10017.3,10032.0,199.4,197.2,2921.7,4120.2,4447.0,790.7,463.9,139.2,959.0,21,18,0
2026-09-29-urgup,D-noise-012,D,energy,dem,0.5,average,1.0,1012,0.5,average,1.0,,opt-a2557368-4,Optimize Rota 4,reverse,10017.3,10031.9,195.6,199.1,2921.7,3939.4,4221.0,745.4,463.8,104.6,959.0,21,16,0
2026-09-29-urgup,D-noise-012,D,energy,dem,0.5,average,1.0,1012,0.5,average,1.0,,opt-a2557368-5,Optimize Rota 5,forward,13016.6,13035.0,236.8,234.0,3491.3,4842.5,5084.7,993.0,750.8,38.5,913.4,20,36,0
2026-09-29-urgup,D-noise-012,D,energy,dem,0.5,average,1.0,1012,0.5,average,1.0,,opt-a2557368-5,Optimize Rota 5,reverse,13016.6,13034.2,237.1,232.7,3491.3,4944.3,5242.8,1049.3,750.7,44.8,913.4,20,31,0
2026-09-29-urgup,D-noise-012,D,energy,dem,0.5,average,1.0,1012,0.5,average,1.0,,opt-a2557368-6,Optimize Rota 6,forward,26774.6,26852.1,754.6,766.1,7076.0,11915.4,14022.4,3517.0,1410.0,460.5,639.3,14,77,0
2026-09-29-urgup,D-noise-012,D,energy,dem,0.5,average,1.0,1012,0.5,average,1.0,,opt-a2557368-6,Optimize Rota 6,reverse,26774.6,26850.3,763.6,751.6,7076.0,12598.5,14579.4,3390.8,1409.9,899.5,639.3,14,76,0
2026-09-29-urgup,D-noise-012,D,energy,dem,0.5,average,1.0,1012,0.5,average,1.0,,opt-a2557368-7,Optimize Rota 7,forward,3857.1,3868.0,102.0,100.1,1019.3,1696.5,1962.1,475.7,210.1,38.1,274.0,6,15,0
2026-09-29-urgup,D-noise-012,D,energy,dem,0.5,average,1.0,1012,0.5,average,1.0,,opt-a2557368-7,Optimize Rota 7,reverse,3857.1,3867.8,101.1,98.4,1019.3,1719.4,1990.0,480.7,210.1,42.2,274.0,6,19,0
2026-09-29-urgup,D-noise-012,D,energy,dem,0.5,average,1.0,1012,0.5,average,1.0,,opt-a2557368-8,Optimize Rota 8,forward,2698.3,2701.8,46.8,45.7,710.5,1000.2,1054.3,202.1,148.0,13.8,274.0,6,10,0
2026-09-29-urgup,D-noise-012,D,energy,dem,0.5,average,1.0,1012,0.5,average,1.0,,opt-a2557368-8,Optimize Rota 8,reverse,2698.3,2701.8,46.7,46.2,710.5,973.7,1014.4,188.6,148.0,13.4,274.0,6,9,0
2026-09-29-urgup,A-distance,A,distance,none,0.5,average,1.0,,0.5,average,1.0,1013,opt-aad24bc2-1,Optimize Rota 1,forward,8379.2,8400.3,211.8,211.9,2139.3,3549.8,4057.1,1029.7,522.4,88.3,1187.4,26,37,0
2026-09-29-urgup,A-distance,A,distance,none,0.5,average,1.0,,0.5,average,1.0,1013,opt-aad24bc2-1,Optimize Rota 1,reverse,8379.2,8400.7,222.5,209.3,2139.3,3704.8,4203.3,1020.9,522.4,62.6,1187.4,26,36,0
2026-09-29-urgup,A-distance,A,distance,none,0.5,average,1.0,,0.5,average,1.0,1013,opt-aad24bc2-2,Optimize Rota 2,forward,8718.6,8747.0,261.2,255.6,2262.9,4095.6,4850.8,1259.9,504.7,127.4,1050.4,23,25,0
2026-09-29-urgup,A-distance,A,distance,none,0.5,average,1.0,,0.5,average,1.0,1013,opt-aad24bc2-2,Optimize Rota 2,reverse,8718.6,8746.6,258.6,246.0,2262.9,4087.3,4782.4,1199.9,504.7,97.0,1050.4,23,29,0
2026-09-29-urgup,A-distance,A,distance,none,0.5,average,1.0,,0.5,average,1.0,1013,opt-aad24bc2-3,Optimize Rota 3,forward,10547.6,10589.9,358.0,339.9,2782.8,5489.1,6527.9,1654.9,616.2,290.5,959.0,21,73,0
2026-09-29-urgup,A-distance,A,distance,none,0.5,average,1.0,,0.5,average,1.0,1013,opt-aad24bc2-3,Optimize Rota 3,reverse,10547.6,10590.9,355.8,346.3,2782.8,5432.4,6476.2,1660.0,616.3,345.6,959.0,21,81,0
2026-09-29-urgup,A-distance,A,distance,none,0.5,average,1.0,,0.5,average,1.0,1013,opt-aad24bc2-4,Optimize Rota 4,forward,9995.9,10027.5,292.7,291.1,2910.3,5005.2,5831.2,1295.2,469.2,368.2,959.0,21,45,0
2026-09-29-urgup,A-distance,A,distance,none,0.5,average,1.0,,0.5,average,1.0,1013,opt-aad24bc2-4,Optimize Rota 4,reverse,9995.9,10028.5,291.5,293.1,2910.3,4919.5,5588.4,1138.2,469.3,508.7,959.0,21,38,0
2026-09-29-urgup,A-distance,A,distance,none,0.5,average,1.0,,0.5,average,1.0,1013,opt-aad24bc2-5,Optimize Rota 5,forward,12446.3,12477.7,320.7,312.3,3336.3,5541.9,6240.7,1426.2,727.3,233.0,913.4,20,53,0
2026-09-29-urgup,A-distance,A,distance,none,0.5,average,1.0,,0.5,average,1.0,1013,opt-aad24bc2-5,Optimize Rota 5,reverse,12446.3,12481.3,337.7,328.9,3336.3,5670.2,6478.3,1535.7,727.6,216.7,913.4,20,49,0
2026-09-29-urgup,A-distance,A,distance,none,0.5,average,1.0,,0.5,average,1.0,1013,opt-aad24bc2-6,Optimize Rota 6,forward,25638.0,25742.3,888.3,890.0,6801.4,13460.7,16135.1,3999.7,1325.3,1391.1,639.3,14,120,0
2026-09-29-urgup,A-distance,A,distance,none,0.5,average,1.0,,0.5,average,1.0,1013,opt-aad24bc2-6,Optimize Rota 6,reverse,25638.0,25744.1,892.6,894.7,6801.4,13268.6,16086.3,4143.0,1325.3,1067.1,639.3,14,118,0
2026-09-29-urgup,A-distance,A,distance,none,0.5,average,1.0,,0.5,average,1.0,1013,opt-aad24bc2-7,Optimize Rota 7,forward,3602.8,3617.4,120.0,116.2,948.5,1849.6,2205.7,555.2,199.1,120.5,274.0,6,25,0
2026-09-29-urgup,A-distance,A,distance,none,0.5,average,1.0,,0.5,average,1.0,1013,opt-aad24bc2-7,Optimize Rota 7,reverse,3602.8,3617.3,119.4,119.8,948.5,1787.3,2164.4,576.3,199.1,97.1,274.0,6,25,0
2026-09-29-urgup,A-distance,A,distance,none,0.5,average,1.0,,0.5,average,1.0,1013,opt-aad24bc2-8,Optimize Rota 8,forward,2509.5,2515.6,57.6,63.7,681.0,989.7,1142.2,274.2,121.8,42.3,274.0,6,13,0
2026-09-29-urgup,A-distance,A,distance,none,0.5,average,1.0,,0.5,average,1.0,1013,opt-aad24bc2-8,Optimize Rota 8,reverse,2509.5,2515.4,62.9,59.6,681.0,1131.8,1269.9,259.8,121.8,62.3,274.0,6,12,0
2026-09-29-urgup,D-noise-013,D,energy,dem,0.5,average,1.0,1013,0.5,average,1.0,1013,opt-0f563ad2-1,Optimize Rota 1,forward,8782.9,8803.2,199.6,212.2,2258.1,3457.4,3941.3,1015.5,531.6,78.9,1187.4,26,40,0
2026-09-29-urgup,D-noise-013,D,energy,dem,0.5,average,1.0,1013,0.5,average,1.0,1013,opt-0f563ad2-1,Optimize Rota 1,reverse,8782.9,8802.1,216.8,198.4,2258.1,3822.2,4217.8,927.2,531.5,99.0,1187.4,26,35,0
2026-09-29-urgup,D-noise-013,D,energy,dem,0.5,average,1.0,1013,0.5,average,1.0,1013,opt-0f563ad2-2,Optimize Rota 2,forward,8865.3,8893.7,254.9,255.5,2300.1,4039.7,4782.2,1257.4,514.9,126.8,1050.4,23,30,0
2026-09-29-urgup,D-noise-013,D,energy,dem,0.5,average,1.0,1013,0.5,average,1.0,1013,opt-0f563ad2-2,Optimize Rota 2,reverse,8865.3,8892.7,257.1,238.7,2300.1,4157.6,4793.0,1150.2,514.8,107.2,1050.4,23,32,0
2026-09-29-urgup,D-noise-013,D,energy,dem,0.5,average,1.0,1013,0.5,average,1.0,1013,opt-0f563ad2-3,Optimize Rota 3,forward,10302.9,10333.6,286.1,283.5,3001.3,5025.4,5801.9,1263.2,486.7,328.8,1004.7,22,43,0
2026-09-29-urgup,D-noise-013,D,energy,dem,0.5,average,1.0,1013,0.5,average,1.0,1013,opt-0f563ad2-3,Optimize Rota 3,reverse,10302.9,10335.1,288.0,290.1,3001.3,4956.9,5591.0,1120.8,486.7,489.2,1004.7,22,41,0
2026-09-29-urgup,D-noise-013,D,energy,dem,0.5,average,1.0,1013,0.5,average,1.0,1013,opt-0f563ad2-4,Optimize Rota 4,forward,11223.3,11263.3,322.8,346.0,2940.8,5061.9,6050.7,1651.1,662.3,312.6,959.0,21,75,0
2026-09-29-urgup,D-noise-013,D,energy,dem,0.5,average,1.0,1013,0.5,average,1.0,1013,opt-0f563ad2-4,Optimize Rota 4,reverse,11223.3,11265.1,356.4,321.7,2940.8,5780.6,6616.6,1498.4,662.4,369.6,959.0,21,83,0
2026-09-29-urgup,D-noise-013,D,energy,dem,0.5,average,1.0,1013,0.5,average,1.0,1013,opt-0f563ad2-5,Optimize Rota 5,forward,12808.8,12840.7,311.6,319.7,3441.2,5444.8,6168.1,1461.9,738.6,227.1,913.4,20,56,0
2026-09-29-urgup,D-noise-013,D,energy,dem,0.5,average,1.0,1013,0.5,average,1.0,1013,opt-0f563ad2-5,Optimize Rota 5,reverse,12808.8,12841.3,335.1,318.8,3441.2,5776.8,6477.9,1439.7,738.7,230.1,913.4,20,49,0
2026-09-29-urgup,D-noise-013,D,energy,dem,0.5,average,1.0,1013,0.5,average,1.0,1013,opt-0f563ad2-6,Optimize Rota 6,forward,26386.5,26492.6,873.8,912.5,6995.5,13021.0,15863.1,4219.8,1377.7,1062.9,639.3,14,128,0
2026-09-29-urgup,D-noise-013,D,energy,dem,0.5,average,1.0,1013,0.5,average,1.0,1013,opt-0f563ad2-6,Optimize Rota 6,reverse,26386.5,26489.2,896.6,873.0,6995.5,13880.8,16388.6,3885.4,1377.6,1391.8,639.3,14,123,0
2026-09-29-urgup,D-noise-013,D,energy,dem,0.5,average,1.0,1013,0.5,average,1.0,1013,opt-0f563ad2-7,Optimize Rota 7,forward,2509.5,2515.6,57.6,63.7,681.0,989.7,1142.2,274.2,121.8,42.3,274.0,6,13,0
2026-09-29-urgup,D-noise-013,D,energy,dem,0.5,average,1.0,1013,0.5,average,1.0,1013,opt-0f563ad2-7,Optimize Rota 7,reverse,2509.5,2515.4,62.9,59.6,681.0,1131.8,1269.9,259.8,121.8,62.3,274.0,6,12,0
2026-09-29-urgup,D-noise-013,D,energy,dem,0.5,average,1.0,1013,0.5,average,1.0,1013,opt-0f563ad2-8,Optimize Rota 8,forward,2232.1,2238.3,54.9,57.9,587.1,930.2,1073.2,266.7,123.7,42.0,228.3,5,13,0
2026-09-29-urgup,D-noise-013,D,energy,dem,0.5,average,1.0,1013,0.5,average,1.0,1013,opt-0f563ad2-8,Optimize Rota 8,reverse,2232.1,2238.4,60.2,60.5,587.1,984.2,1152.1,291.6,123.7,26.2,228.3,5,13,0
2026-09-29-urgup,D-noise-013,D,energy,dem,0.5,average,1.0,1013,0.5,average,1.0,,opt-0f563ad2-1,Optimize Rota 1,forward,8782.9,8792.4,144.1,144.6,2258.1,3047.2,3132.0,615.8,531.0,9.6,1187.4,26,20,0
2026-09-29-urgup,D-noise-013,D,energy,dem,0.5,average,1.0,1013,0.5,average,1.0,,opt-0f563ad2-1,Optimize Rota 1,reverse,8782.9,8792.4,144.0,144.3,2258.1,3043.6,3120.1,607.4,531.0,14.6,1187.4,26,22,0
2026-09-29-urgup,D-noise-013,D,energy,dem,0.5,average,1.0,1013,0.5,average,1.0,,opt-0f563ad2-2,Optimize Rota 2,forward,8865.3,8881.1,182.4,181.8,2300.1,3420.4,3735.7,829.5,514.1,46.8,1050.4,23,12,0
2026-09-29-urgup,D-noise-013,D,energy,dem,0.5,average,1.0,1013,0.5,average,1.0,,opt-0f563ad2-2,Optimize Rota 2,reverse,8865.3,8880.8,181.4,177.6,2300.1,3438.6,3741.4,816.9,514.1,37.0,1050.4,23,15,0
2026-09-29-urgup,D-noise-013,D,energy,dem,0.5,average,1.0,1013,0.5,average,1.0,,opt-0f563ad2-3,Optimize Rota 3,forward,10302.9,10318.8,211.2,203.4,3001.3,4319.8,4687.2,853.4,486.0,102.0,1004.7,22,25,0
2026-09-29-urgup,D-noise-013,D,energy,dem,0.5,average,1.0,1013,0.5,average,1.0,,opt-0f563ad2-3,Optimize Rota 3,reverse,10302.9,10319.4,206.6,212.5,3001.3,4068.3,4393.7,811.4,486.0,104.0,1004.7,22,20,0
2026-09-29-urgup,D-noise-013,D,energy,dem,0.5,average,1.0,1013,0.5,average,1.0,,opt-0f563ad2-4,Optimize Rota 4,forward,11223.3,11246.9,249.1,246.5,2940.8,4542.7,5001.8,1120.4,661.3,119.1,959.0,21,40,0
2026-09-29-urgup,D-noise-013,D,energy,dem,0.5,average,1.0,1013,0.5,average,1.0,,opt-0f563ad2-4,Optimize Rota 4,reverse,11223.3,11247.0,250.7,246.3,2940.8,4609.2,5121.0,1173.1,661.3,95.3,959.0,21,37,0
2026-09-29-urgup,D-noise-013,D,energy,dem,0.5,average,1.0,1013,0.5,average,1.0,,opt-0f563ad2-5,Optimize Rota 5,forward,12808.8,12826.3,231.5,229.8,3441.2,4739.4,4977.4,975.9,737.9,25.8,913.4,20,30,0
2026-09-29-urgup,D-noise-013,D,energy,dem,0.5,average,1.0,1013,0.5,average,1.0,,opt-0f563ad2-5,Optimize Rota 5,reverse,12808.8,12825.4,230.8,227.4,3441.2,4825.2,5100.9,1013.5,737.8,37.0,913.4,20,26,0
2026-09-29-urgup,D-noise-013,D,energy,dem,0.5,average,1.0,1013,0.5,average,1.0,,opt-0f563ad2-6,Optimize Rota 6,forward,26386.5,26462.7,741.9,755.4,6995.5,11742.0,13819.7,3453.9,1376.2,475.5,639.3,14,69,0
2026-09-29-urgup,D-noise-013,D,energy,dem,0.5,average,1.0,1013,0.5,average,1.0,,opt-0f563ad2-6,Optimize Rota 6,reverse,26386.5,26462.0,747.4,738.6,6995.5,12387.3,14338.7,3327.5,1376.1,896.4,639.3,14,81,0
2026-09-29-urgup,D-noise-013,D,energy,dem,0.5,average,1.0,1013,0.5,average,1.0,,opt-0f563ad2-7,Optimize Rota 7,forward,2509.5,2511.6,35.5,33.9,681.0,867.5,864.0,118.1,121.6,10.4,274.0,6,8,0
2026-09-29-urgup,D-noise-013,D,energy,dem,0.5,average,1.0,1013,0.5,average,1.0,,opt-0f563ad2-7,Optimize Rota 7,reverse,2509.5,2511.7,35.0,35.9,681.0,847.2,859.4,133.7,121.6,7.5,274.0,6,8,0
2026-09-29-urgup,D-noise-013,D,energy,dem,0.5,average,1.0,1013,0.5,average,1.0,,opt-0f563ad2-8,Optimize Rota 8,forward,2232.1,2234.8,37.1,36.0,587.1,794.6,813.8,142.6,123.5,9.2,228.3,5,9,0
2026-09-29-urgup,D-noise-013,D,energy,dem,0.5,average,1.0,1013,0.5,average,1.0,,opt-0f563ad2-8,Optimize Rota 8,reverse,2232.1,2234.9,37.8,36.7,587.1,819.3,861.3,165.5,123.5,4.9,228.3,5,9,0
2026-09-29-urgup,A-distance,A,distance,none,0.5,average,1.0,,0.5,average,1.0,1014,opt-aad24bc2-1,Optimize Rota 1,forward,8379.2,8408.5,258.6,258.5,2139.3,3971.5,4739.0,1290.4,522.9,163.2,1187.4,26,40,0
2026-09-29-urgup,A-distance,A,distance,none,0.5,average,1.0,,0.5,average,1.0,1014,opt-aad24bc2-1,Optimize Rota 1,reverse,8379.2,8408.5,254.2,255.4,2139.3,3892.1,4633.4,1264.1,522.8,139.4,1187.4,26,45,0
2026-09-29-urgup,A-distance,A,distance,none,0.5,average,1.0,,0.5,average,1.0,1014,opt-aad24bc2-2,Optimize Rota 2,forward,8718.6,8748.3,267.9,272.6,2262.9,4084.9,4901.3,1321.2,504.7,181.3,1050.4,23,37,0
2026-09-29-urgup,A-distance,A,distance,none,0.5,average,1.0,,0.5,average,1.0,1014,opt-aad24bc2-2,Optimize Rota 2,reverse,8718.6,8749.1,276.5,266.5,2262.9,4318.6,5122.3,1308.4,504.8,212.3,1050.4,23,41,0
2026-09-29-urgup,A-distance,A,distance,none,0.5,average,1.0,,0.5,average,1.0,1014,opt-aad24bc2-3,Optimize Rota 3,forward,10547.6,10586.0,331.8,322.1,2782.8,5240.4,6180.9,1556.5,615.9,291.0,959.0,21,64,0
2026-09-29-urgup,A-distance,A,distance,none,0.5,average,1.0,,0.5,average,1.0,1014,opt-aad24bc2-3,Optimize Rota 3,reverse,10547.6,10584.9,322.8,322.1,2782.8,5062.8,6004.7,1557.8,615.9,249.0,959.0,21,70,0
2026-09-29-urgup,A-distance,A,distance,none,0.5,average,1.0,,0.5,average,1.0,1014,opt-aad24bc2-4,Optimize Rota 4,forward,9995.9,10027.2,293.8,292.7,2910.3,4997.7,5835.9,1307.5,469.2,355.5,959.0,21,47,0
2026-09-29-urgup,A-distance,A,distance,none,0.5,average,1.0,,0.5,average,1.0,1014,opt-aad24bc2-4,Optimize Rota 4,reverse,9995.9,10028.9,296.2,300.4,2910.3,4900.1,5667.8,1237.0,469.3,415.2,959.0,21,36,0
2026-09-29-urgup,A-distance,A,distance,none,0.5,average,1.0,,0.5,average,1.0,1014,opt-aad24bc2-5,Optimize Rota 5,forward,12446.3,12488.1,362.7,377.3,3336.3,5734.9,6835.2,1828.3,728.0,247.1,913.4,20,64,0
2026-09-29-urgup,A-distance,A,distance,none,0.5,average,1.0,,0.5,average,1.0,1014,opt-aad24bc2-5,Optimize Rota 5,reverse,12446.3,12488.7,388.9,363.5,3336.3,6247.2,7279.7,1760.6,728.1,257.7,913.4,20,58,0
2026-09-29-urgup,A-distance,A,distance,none,0.5,average,1.0,,0.5,average,1.0,1014,opt-aad24bc2-6,Optimize Rota 6,forward,25638.0,25739.6,868.4,856.5,6801.4,13295.1,15846.9,3876.9,1325.1,1208.4,639.3,14,129,0
2026-09-29-urgup,A-distance,A,distance,none,0.5,average,1.0,,0.5,average,1.0,1014,opt-aad24bc2-6,Optimize Rota 6,reverse,25638.0,25742.0,867.1,867.7,6801.4,13130.0,15790.0,3985.1,1325.2,1102.3,639.3,14,134,0
2026-09-29-urgup,A-distance,A,distance,none,0.5,average,1.0,,0.5,average,1.0,1014,opt-aad24bc2-7,Optimize Rota 7,forward,3602.8,3619.5,132.2,129.0,948.5,1982.7,2399.0,615.5,199.2,178.2,274.0,6,28,0
2026-09-29-urgup,A-distance,A,distance,none,0.5,average,1.0,,0.5,average,1.0,1014,opt-aad24bc2-7,Optimize Rota 7,reverse,3602.8,3619.8,133.8,131.3,948.5,1963.1,2360.8,596.9,199.2,190.4,274.0,6,30,0
2026-09-29-urgup,A-distance,A,distance,none,0.5,average,1.0,,0.5,average,1.0,1014,opt-aad24bc2-8,Optimize Rota 8,forward,2509.5,2521.4,94.8,91.8,681.0,1432.2,1728.7,418.5,122.0,152.4,274.0,6,23,0
2026-09-29-urgup,A-distance,A,distance,none,0.5,average,1.0,,0.5,average,1.0,1014,opt-aad24bc2-8,Optimize Rota 8,reverse,2509.5,2522.1,96.9,98.5,681.0,1412.3,1719.8,429.6,122.0,181.2,274.0,6,23,0
2026-09-29-urgup,D-noise-014,D,energy,dem,0.5,average,1.0,1014,0.5,average,1.0,1014,opt-f60f6ba2-1,Optimize Rota 1,forward,8802.6,8828.1,232.5,236.0,2240.8,3766.8,4356.5,1147.1,557.4,101.5,1187.4,26,41,0
2026-09-29-urgup,D-noise-014,D,energy,dem,0.5,average,1.0,1014,0.5,average,1.0,1014,opt-f60f6ba2-1,Optimize Rota 1,reverse,8802.6,8828.0,239.7,240.8,2240.8,3882.3,4511.0,1186.1,557.4,128.0,1187.4,26,38,0
2026-09-29-urgup,D-noise-014,D,energy,dem,0.5,average,1.0,1014,0.5,average,1.0,1014,opt-f60f6ba2-2,Optimize Rota 2,forward,8956.8,8986.0,261.0,271.6,2316.7,4023.2,4814.7,1319.8,528.4,157.0,1050.4,23,39,0
2026-09-29-urgup,D-noise-014,D,energy,dem,0.5,average,1.0,1014,0.5,average,1.0,1014,opt-f60f6ba2-2,Optimize Rota 2,reverse,8956.8,8986.4,270.7,262.8,2316.7,4291.9,5065.0,1301.6,528.4,175.6,1050.4,23,41,0
2026-09-29-urgup,D-noise-014,D,energy,dem,0.5,average,1.0,1014,0.5,average,1.0,1014,opt-f60f6ba2-3,Optimize Rota 3,forward,11046.1,11081.6,311.2,321.0,2915.0,5003.4,5880.1,1518.9,642.2,259.0,959.0,21,67,0
2026-09-29-urgup,D-noise-014,D,energy,dem,0.5,average,1.0,1014,0.5,average,1.0,1014,opt-f60f6ba2-3,Optimize Rota 3,reverse,11046.1,11081.1,321.2,316.4,2915.0,5211.6,6082.6,1513.1,642.1,261.2,959.0,21,63,0
2026-09-29-urgup,D-noise-014,D,energy,dem,0.5,average,1.0,1014,0.5,average,1.0,1014,opt-f60f6ba2-4,Optimize Rota 4,forward,10159.4,10189.3,285.5,286.4,2943.6,4921.3,5723.7,1290.4,488.0,303.3,959.0,21,50,0
2026-09-29-urgup,D-noise-014,D,energy,dem,0.5,average,1.0,1014,0.5,average,1.0,1014,opt-f60f6ba2-4,Optimize Rota 4,reverse,10159.4,10191.3,291.0,296.3,2943.6,4876.5,5606.4,1218.0,488.1,401.2,959.0,21,38,0
2026-09-29-urgup,D-noise-014,D,energy,dem,0.5,average,1.0,1014,0.5,average,1.0,1014,opt-f60f6ba2-5,Optimize Rota 5,forward,12917.5,12956.2,344.7,366.0,3470.1,5624.4,6636.3,1755.6,743.6,199.9,913.4,20,67,0
2026-09-29-urgup,D-noise-014,D,energy,dem,0.5,average,1.0,1014,0.5,average,1.0,1014,opt-f60f6ba2-5,Optimize Rota 5,reverse,12917.5,12957.2,373.9,353.3,3470.1,6208.6,7146.9,1682.0,743.7,257.0,913.4,20,62,0
2026-09-29-urgup,D-noise-014,D,energy,dem,0.5,average,1.0,1014,0.5,average,1.0,1014,opt-f60f6ba2-6,Optimize Rota 6,forward,26215.9,26316.6,842.7,858.9,6968.3,12929.4,15495.8,3911.5,1345.1,1062.3,639.3,14,132,0
2026-09-29-urgup,D-noise-014,D,energy,dem,0.5,average,1.0,1014,0.5,average,1.0,1014,opt-f60f6ba2-6,Optimize Rota 6,reverse,26215.9,26314.6,855.2,844.0,6968.3,13341.7,15755.0,3758.4,1345.1,1244.6,639.3,14,130,0
2026-09-29-urgup,D-noise-014,D,energy,dem,0.5,average,1.0,1014,0.5,average,1.0,1014,opt-f60f6ba2-7,Optimize Rota 7,forward,3723.8,3740.8,128.9,133.5,991.1,1936.8,2382.8,643.2,197.1,169.3,274.0,6,31,0
2026-09-29-urgup,D-noise-014,D,energy,dem,0.5,average,1.0,1014,0.5,average,1.0,1014,opt-f60f6ba2-7,Optimize Rota 7,reverse,3723.8,3741.3,139.5,128.9,991.1,2149.1,2501.7,549.7,197.1,264.9,274.0,6,30,0
2026-09-29-urgup,D-noise-014,D,energy,dem,0.5,average,1.0,1014,0.5,average,1.0,1014,opt-f60f6ba2-8,Optimize Rota 8,forward,2564.7,2575.8,88.3,85.9,677.5,1340.1,1602.2,401.9,139.8,101.2,274.0,6,20,0
2026-09-29-urgup,D-noise-014,D,energy,dem,0.5,average,1.0,1014,0.5,average,1.0,1014,opt-f60f6ba2-8,Optimize Rota 8,reverse,2564.7,2576.1,90.7,88.5,677.5,1382.6,1648.8,406.1,139.8,137.3,274.0,6,20,0
2026-09-29-urgup,D-noise-014,D,energy,dem,0.5,average,1.0,1014,0.5,average,1.0,,opt-f60f6ba2-1,Optimize Rota 1,forward,8802.6,8812.5,145.4,147.3,2240.8,3040.5,3120.1,636.0,556.4,15.1,1187.4,26,20,0
2026-09-29-urgup,D-noise-014,D,energy,dem,0.5,average,1.0,1014,0.5,average,1.0,,opt-f60f6ba2-1,Optimize Rota 1,reverse,8802.6,8812.4,145.4,146.6,2240.8,3064.1,3155.4,647.7,556.4,13.2,1187.4,26,20,0
2026-09-29-urgup,D-noise-014,D,energy,dem,0.5,average,1.0,1014,0.5,average,1.0,,opt-f60f6ba2-2,Optimize Rota 2,forward,8956.8,8972.9,187.8,186.0,2316.7,3471.2,3782.8,839.3,527.6,50.4,1050.4,23,13,0
2026-09-29-urgup,D-noise-014,D,energy,dem,0.5,average,1.0,1014,0.5,average,1.0,,opt-f60f6ba2-2,Optimize Rota 2,reverse,8956.8,8972.6,186.8,183.7,2316.7,3502.0,3843.1,868.7,527.6,29.2,1050.4,23,14,0
2026-09-29-urgup,D-noise-014,D,energy,dem,0.5,average,1.0,1014,0.5,average,1.0,,opt-f60f6ba2-3,Optimize Rota 3,forward,11046.1,11067.3,238.4,229.4,2915.0,4508.6,4910.6,1043.4,641.4,115.2,959.0,21,34,0
2026-09-29-urgup,D-noise-014,D,energy,dem,0.5,average,1.0,1014,0.5,average,1.0,,opt-f60f6ba2-3,Optimize Rota 3,reverse,11046.1,11067.2,235.6,237.3,2915.0,4358.7,4795.0,1077.7,641.4,83.4,959.0,21,33,0
2026-09-29-urgup,D-noise-014,D,energy,dem,0.5,average,1.0,1014,0.5,average,1.0,,opt-f60f6ba2-4,Optimize Rota 4,forward,10159.4,10174.4,201.4,200.0,2943.6,4149.2,4467.9,805.9,487.2,137.6,959.0,21,18,0
2026-09-29-urgup,D-noise-014,D,energy,dem,0.5,average,1.0,1014,0.5,average,1.0,,opt-f60f6ba2-4,Optimize Rota 4,reverse,10159.4,10174.2,197.7,201.4,2943.6,3977.8,4250.4,759.8,487.2,104.7,959.0,21,16,0
2026-09-29-urgup,D-noise-014,D,energy,dem,0.5,average,1.0,1014,0.5,average,1.0,,opt-f60f6ba2-5,Optimize Rota 5,forward,12917.5,12935.2,233.7,236.5,3470.1,4756.6,5032.5,1018.2,742.4,25.7,913.4,20,33,0
2026-09-29-urgup,D-noise-014,D,energy,dem,0.5,average,1.0,1014,0.5,average,1.0,,opt-f60f6ba2-5,Optimize Rota 5,reverse,12917.5,12935.2,238.3,232.0,3470.1,4931.6,5228.1,1039.0,742.4,39.5,913.4,20,28,0
2026-09-29-urgup,D-noise-014,D,energy,dem,0.5,average,1.0,1014,0.5,average,1.0,,opt-f60f6ba2-6,Optimize Rota 6,forward,26215.9,26291.8,740.3,753.3,6968.3,11695.1,13780.6,3429.4,1343.9,478.1,639.3,14,73,0
2026-09-29-urgup,D-noise-014,D,energy,dem,0.5,average,1.0,1014,0.5,average,1.0,,opt-f60f6ba2-6,Optimize Rota 6,reverse,26215.9,26291.1,747.9,740.1,6968.3,12340.3,14308.0,3311.6,1343.9,911.0,639.3,14,76,0
2026-09-29-urgup,D-noise-014,D,energy,dem,0.5,average,1.0,1014,0.5,average,1.0,,opt-f60f6ba2-7,Optimize Rota 7,forward,3723.8,3734.5,99.2,100.5,991.1,1630.6,1918.7,485.0,196.8,35.5,274.0,6,18,0
2026-09-29-urgup,D-noise-014,D,energy,dem,0.5,average,1.0,1014,0.5,average,1.0,,opt-f60f6ba2-7,Optimize Rota 7,reverse,3723.8,3734.5,102.6,93.4,991.1,1790.1,2008.0,414.7,196.8,118.5,274.0,6,21,0
2026-09-29-urgup,D-noise-014,D,energy,dem,0.5,average,1.0,1014,0.5,average,1.0,,opt-f60f6ba2-8,Optimize Rota 8,forward,2564.7,2568.4,47.5,46.6,677.5,969.0,1035.0,205.4,139.4,13.5,274.0,6,9,0
2026-09-29-urgup,D-noise-014,D,energy,dem,0.5,average,1.0,1014,0.5,average,1.0,,opt-f60f6ba2-8,Optimize Rota 8,reverse,2564.7,2568.2,47.4,46.0,677.5,956.8,1010.0,192.6,139.4,10.8,274.0,6,8,0
2026-09-29-urgup,A-distance,A,distance,none,0.5,average,1.0,,0.5,average,1.0,1015,opt-aad24bc2-1,Optimize Rota 1,forward,8379.2,8399.7,211.6,212.0,2139.3,3526.9,4042.6,1038.0,522.3,61.0,1187.4,26,35,0
2026-09-29-urgup,A-distance,A,distance,none,0.5,average,1.0,,0.5,average,1.0,1015,opt-aad24bc2-1,Optimize Rota 1,reverse,8379.2,8399.3,209.2,207.6,2139.3,3516.4,4006.4,1012.4,522.3,55.6,1187.4,26,37,0
2026-09-29-urgup,A-distance,A,distance,none,0.5,average,1.0,,0.5,average,1.0,1015,opt-aad24bc2-2,Optimize Rota 2,forward,8718.6,8748.2,259.4,262.0,2262.9,4004.8,4786.1,1286.0,504.8,122.8,1050.4,23,37,0
2026-09-29-urgup,A-distance,A,distance,none,0.5,average,1.0,,0.5,average,1.0,1015,opt-aad24bc2-2,Optimize Rota 2,reverse,8718.6,8748.0,260.2,255.7,2262.9,4124.6,4869.1,1249.3,504.7,177.7,1050.4,23,37,0
2026-09-29-urgup,A-distance,A,distance,none,0.5,average,1.0,,0.5,average,1.0,1015,opt-aad24bc2-3,Optimize Rota 3,forward,10547.6,10590.9,363.7,339.5,2782.8,5621.5,6633.8,1628.5,616.1,358.3,959.0,21,83,0
2026-09-29-urgup,A-distance,A,distance,none,0.5,average,1.0,,0.5,average,1.0,1015,opt-aad24bc2-3,Optimize Rota 3,reverse,10547.6,10590.4,348.9,364.4,2782.8,5168.7,6262.6,1710.0,616.1,379.7,959.0,21,77,0
2026-09-29-urgup,A-distance,A,distance,none,0.5,average,1.0,,0.5,average,1.0,1015,opt-aad24bc2-4,Optimize Rota 4,forward,9995.9,10028.4,312.0,296.4,2910.3,5201.8,6100.4,1368.0,469.3,279.3,959.0,21,35,0
2026-09-29-urgup,A-distance,A,distance,none,0.5,average,1.0,,0.5,average,1.0,1015,opt-aad24bc2-4,Optimize Rota 4,reverse,9995.9,10029.8,301.9,314.1,2910.3,4946.9,5752.5,1275.0,469.4,518.2,959.0,21,33,0
2026-09-29-urgup,A-distance,A,distance,none,0.5,average,1.0,,0.5,average,1.0,1015,opt-aad24bc2-5,Optimize Rota 5,forward,12446.3,12481.5,341.8,334.1,3336.3,5716.3,6560.7,1572.1,727.6,231.0,913.4,20,55,0
2026-09-29-urgup,A-distance,A,distance,none,0.5,average,1.0,,0.5,average,1.0,1015,opt-aad24bc2-5,Optimize Rota 5,reverse,12446.3,12482.2,339.3,343.1,3336.3,5600.3,6505.0,1632.4,727.7,209.8,913.4,20,52,0
2026-09-29-urgup,A-distance,A,distance,none,0.5,average,1.0,,0.5,average,1.0,1015,opt-aad24bc2-6,Optimize Rota 6,forward,25638.0,25741.5,886.7,887.0,6801.4,13330.7,16045.4,4039.9,1325.2,1214.2,639.3,14,129,0
2026-09-29-urgup,A-distance,A,distance,none,0.5,average,1.0,,0.5,average,1.0,1015,opt-aad24bc2-6,Optimize Rota 6,reverse,25638.0,25743.4,886.9,894.9,6801.4,13241.2,16049.2,4133.3,1325.3,1129.7,639.3,14,140,0
2026-09-29-urgup,A-distance,A,distance,none,0.5,average,1.0,,0.5,average,1.0,1015,opt-aad24bc2-7,Optimize Rota 7,forward,3602.8,3619.9,135.6,133.2,948.5,1965.8,2417.1,650.6,199.3,133.9,274.0,6,24,0
2026-09-29-urgup,A-distance,A,distance,none,0.5,average,1.0,,0.5,average,1.0,1015,opt-aad24bc2-7,Optimize Rota 7,reverse,3602.8,3619.2,130.0,131.5,948.5,1887.0,2327.0,639.3,199.2,127.8,274.0,6,28,0
2026-09-29-urgup,A-distance,A,distance,none,0.5,average,1.0,,0.5,average,1.0,1015,opt-aad24bc2-8,Optimize Rota 8,forward,2509.5,2514.4,59.9,55.9,681.0,1088.1,1212.6,246.3,121.7,30.6,274.0,6,10,0
2026-09-29-urgup,A-distance,A,distance,none,0.5,average,1.0,,0.5,average,1.0,1015,opt-aad24bc2-8,Optimize Rota 8,reverse,2509.5,2514.5,54.5,59.9,681.0,972.6,1112.8,261.9,121.7,32.6,274.0,6,12,0
2026-09-29-urgup,D-noise-015,D,energy,dem,0.5,average,1.0,1015,0.5,average,1.0,1015,opt-1b2200de-1,Optimize Rota 1,forward,8519.1,8538.4,203.2,209.7,2178.4,3429.3,3915.7,1013.6,527.2,47.2,1187.4,26,33,0
2026-09-29-urgup,D-noise-015,D,energy,dem,0.5,average,1.0,1015,0.5,average,1.0,1015,opt-1b2200de-1,Optimize Rota 1,reverse,8519.1,8538.3,207.1,203.1,2178.4,3586.0,4034.7,975.9,527.2,92.7,1187.4,26,36,0
2026-09-29-urgup,D-noise-015,D,energy,dem,0.5,average,1.0,1015,0.5,average,1.0,1015,opt-1b2200de-2,Optimize Rota 2,forward,8878.7,8906.4,246.0,253.0,2307.6,3908.7,4626.3,1228.4,510.8,120.5,1050.4,23,37,0
2026-09-29-urgup,D-noise-015,D,energy,dem,0.5,average,1.0,1015,0.5,average,1.0,1015,opt-1b2200de-2,Optimize Rota 2,reverse,8878.7,8906.1,250.8,245.7,2307.6,4089.2,4775.3,1197.0,510.8,158.6,1050.4,23,33,0
2026-09-29-urgup,D-noise-015,D,energy,dem,0.5,average,1.0,1015,0.5,average,1.0,1015,opt-1b2200de-3,Optimize Rota 3,forward,11189.5,11226.7,321.6,338.7,2946.5,4990.7,5976.1,1647.4,662.0,171.1,959.0,21,64,0
2026-09-29-urgup,D-noise-015,D,energy,dem,0.5,average,1.0,1015,0.5,average,1.0,1015,opt-1b2200de-3,Optimize Rota 3,reverse,11189.5,11227.0,347.7,318.9,2946.5,5614.9,6453.1,1500.2,662.0,294.5,959.0,21,55,0
2026-09-29-urgup,D-noise-015,D,energy,dem,0.5,average,1.0,1015,0.5,average,1.0,1015,opt-1b2200de-4,Optimize Rota 4,forward,10197.4,10228.5,294.4,287.6,2969.8,5064.3,5906.4,1326.2,484.0,266.8,959.0,21,39,0
2026-09-29-urgup,D-noise-015,D,energy,dem,0.5,average,1.0,1015,0.5,average,1.0,1015,opt-1b2200de-4,Optimize Rota 4,reverse,10197.4,10229.2,287.4,294.8,2969.8,4890.3,5553.2,1146.9,484.0,497.2,959.0,21,36,0
2026-09-29-urgup,D-noise-015,D,energy,dem,0.5,average,1.0,1015,0.5,average,1.0,1015,opt-1b2200de-5,Optimize Rota 5,forward,12668.7,12702.0,318.6,335.9,3400.5,5382.7,6227.4,1576.9,732.2,198.0,913.4,20,57,0
2026-09-29-urgup,D-noise-015,D,energy,dem,0.5,average,1.0,1015,0.5,average,1.0,1015,opt-1b2200de-5,Optimize Rota 5,reverse,12668.7,12703.5,340.7,329.2,3400.5,5818.1,6621.9,1536.1,732.3,255.6,913.4,20,52,0
2026-09-29-urgup,D-noise-015,D,energy,dem,0.5,average,1.0,1015,0.5,average,1.0,1015,opt-1b2200de-6,Optimize Rota 6,forward,26185.8,26285.7,852.5,888.1,6940.4,12866.4,15537.3,4034.7,1363.7,1143.8,639.3,14,124,0
2026-09-29-urgup,D-noise-015,D,energy,dem,0.5,average,1.0,1015,0.5,average,1.0,1015,opt-1b2200de-6,Optimize Rota 6,reverse,26185.8,26287.8,887.1,862.2,6940.4,13624.5,16239.0,3978.4,1363.8,1094.0,639.3,14,120,0
2026-09-29-urgup,D-noise-015,D,energy,dem,0.5,average,1.0,1015,0.5,average,1.0,1015,opt-1b2200de-7,Optimize Rota 7,forward,4206.9,4220.4,111.3,130.6,1118.4,1729.7,2138.8,634.0,224.9,74.7,274.0,6,27,0
2026-09-29-urgup,D-noise-015,D,energy,dem,0.5,average,1.0,1015,0.5,average,1.0,1015,opt-1b2200de-7,Optimize Rota 7,reverse,4206.9,4220.3,128.2,108.4,1118.4,2177.3,2439.5,487.0,224.8,130.2,274.0,6,28,0
2026-09-29-urgup,D-noise-015,D,energy,dem,0.5,average,1.0,1015,0.5,average,1.0,1015,opt-1b2200de-8,Optimize Rota 8,forward,2531.9,2536.7,59.9,57.4,687.1,1075.0,1212.4,260.1,122.7,17.1,274.0,6,8,0
2026-09-29-urgup,D-noise-015,D,energy,dem,0.5,average,1.0,1015,0.5,average,1.0,1015,opt-1b2200de-8,Optimize Rota 8,reverse,2531.9,2536.8,56.0,59.9,687.1,1000.4,1139.6,261.9,122.7,32.6,274.0,6,10,0
2026-09-29-urgup,D-noise-015,D,energy,dem,0.5,average,1.0,1015,0.5,average,1.0,,opt-1b2200de-1,Optimize Rota 1,forward,8519.1,8529.3,147.6,148.4,2178.4,3017.7,3149.2,658.1,526.7,11.6,1187.4,26,18,0
2026-09-29-urgup,D-noise-015,D,energy,dem,0.5,average,1.0,1015,0.5,average,1.0,,opt-1b2200de-1,Optimize Rota 1,reverse,8519.1,8528.9,146.6,147.4,2178.4,2992.6,3100.8,634.9,526.6,14.5,1187.4,26,20,0
2026-09-29-urgup,D-noise-015,D,energy,dem,0.5,average,1.0,1015,0.5,average,1.0,,opt-1b2200de-2,Optimize Rota 2,forward,8878.7,8894.4,181.0,180.3,2307.6,3417.2,3723.6,816.6,510.2,51.7,1050.4,23,11,0
2026-09-29-urgup,D-noise-015,D,energy,dem,0.5,average,1.0,1015,0.5,average,1.0,,opt-1b2200de-2,Optimize Rota 2,reverse,8878.7,8894.1,179.9,176.1,2307.6,3435.8,3733.2,807.5,510.2,38.5,1050.4,23,15,0
2026-09-29-urgup,D-noise-015,D,energy,dem,0.5,average,1.0,1015,0.5,average,1.0,,opt-1b2200de-3,Optimize Rota 3,forward,11189.5,11211.7,233.4,239.7,2946.5,4344.1,4794.8,1111.8,661.1,64.5,959.0,21,33,0
2026-09-29-urgup,D-noise-015,D,energy,dem,0.5,average,1.0,1015,0.5,average,1.0,,opt-1b2200de-3,Optimize Rota 3,reverse,11189.5,11211.3,243.9,233.3,2946.5,4586.7,4994.6,1069.0,661.1,107.7,959.0,21,26,0
2026-09-29-urgup,D-noise-015,D,energy,dem,0.5,average,1.0,1015,0.5,average,1.0,,opt-1b2200de-4,Optimize Rota 4,forward,10197.4,10212.6,206.5,201.3,2969.8,4202.1,4588.1,869.2,483.2,42.9,959.0,21,21,0
2026-09-29-urgup,D-noise-015,D,energy,dem,0.5,average,1.0,1015,0.5,average,1.0,,opt-1b2200de-4,Optimize Rota 4,reverse,10197.4,10213.2,205.0,207.0,2969.8,4055.9,4356.4,783.8,483.3,102.1,959.0,21,12,0
2026-09-29-urgup,D-noise-015,D,energy,dem,0.5,average,1.0,1015,0.5,average,1.0,,opt-1b2200de-5,Optimize Rota 5,forward,12668.7,12685.9,223.7,229.7,3400.5,4624.1,4895.4,1002.6,731.3,29.3,913.4,20,35,0
2026-09-29-urgup,D-noise-015,D,energy,dem,0.5,average,1.0,1015,0.5,average,1.0,,opt-1b2200de-5,Optimize Rota 5,reverse,12668.7,12685.8,233.9,228.2,3400.5,4823.3,5097.7,1005.7,731.3,50.4,913.4,20,26,0
2026-09-29-urgup,D-noise-015,D,energy,dem,0.5,average,1.0,1015,0.5,average,1.0,,opt-1b2200de-6,Optimize Rota 6,forward,26185.8,26260.8,738.2,747.8,6940.4,12061.2,14057.3,3358.6,1362.4,861.0,639.3,14,81,0
2026-09-29-urgup,D-noise-015,D,energy,dem,0.5,average,1.0,1015,0.5,average,1.0,,opt-1b2200de-6,Optimize Rota 6,reverse,26185.8,26261.8,750.8,744.4,6940.4,11983.2,14041.8,3421.1,1362.5,516.0,639.3,14,69,0
2026-09-29-urgup,D-noise-015,D,energy,dem,0.5,average,1.0,1015,0.5,average,1.0,,opt-1b2200de-7,Optimize Rota 7,forward,4206.9,4217.3,90.1,105.8,1118.4,1577.4,1849.0,496.3,224.7,49.2,274.0,6,28,0
2026-09-29-urgup,D-noise-015,D,energy,dem,0.5,average,1.0,1015,0.5,average,1.0,,opt-1b2200de-7,Optimize Rota 7,reverse,4206.9,4217.4,108.3,87.3,1118.4,1999.5,2150.1,375.3,224.7,84.0,274.0,6,26,0
2026-09-29-urgup,D-noise-015,D,energy,dem,0.5,average,1.0,1015,0.5,average,1.0,,opt-1b2200de-8,Optimize Rota 8,forward,2531.9,2534.0,35.7,34.1,687.1,874.7,871.1,118.9,122.6,10.4,274.0,6,8,0
2026-09-29-urgup,D-noise-015,D,energy,dem,0.5,average,1.0,1015,0.5,average,1.0,,opt-1b2200de-8,Optimize Rota 8,reverse,2531.9,2534.1,35.2,36.0,687.1,853.4,864.5,133.7,122.6,7.5,274.0,6,8,0
2026-09-29-urgup,A-distance,A,distance,none,0.5,average,1.0,,0.5,average,1.0,1016,opt-aad24bc2-1,Optimize Rota 1,forward,8379.2,8408.3,251.9,256.9,2139.3,3864.3,4620.3,1278.9,522.9,147.8,1187.4,26,46,0
2026-09-29-urgup,A-distance,A,distance,none,0.5,average,1.0,,0.5,average,1.0,1016,opt-aad24bc2-1,Optimize Rota 1,reverse,8379.2,8407.9,256.0,251.0,2139.3,3964.7,4687.0,1245.1,522.8,144.9,1187.4,26,47,0
2026-09-29-urgup,A-distance,A,distance,none,0.5,average,1.0,,0.5,average,1.0,1016,opt-aad24bc2-2,Optimize Rota 2,forward,8718.6,8749.0,270.2,271.5,2262.9,4141.9,4967.1,1330.0,504.8,177.5,1050.4,23,39,0
2026-09-29-urgup,A-distance,A,distance,none,0.5,average,1.0,,0.5,average,1.0,1016,opt-aad24bc2-2,Optimize Rota 2,reverse,8718.6,8749.7,278.6,267.9,2262.9,4299.6,5109.1,1314.4,504.9,179.0,1050.4,23,38,0
2026-09-29-urgup,A-distance,A,distance,none,0.5,average,1.0,,0.5,average,1.0,1016,opt-aad24bc2-3,Optimize Rota 3,forward,10547.6,10591.6,360.0,345.7,2782.8,5562.3,6574.3,1628.1,616.2,434.0,959.0,21,77,0
2026-09-29-urgup,A-distance,A,distance,none,0.5,average,1.0,,0.5,average,1.0,1016,opt-aad24bc2-3,Optimize Rota 3,reverse,10547.6,10590.9,359.0,339.6,2782.8,5515.2,6519.8,1620.7,616.1,334.9,959.0,21,80,0
2026-09-29-urgup,A-distance,A,distance,none,0.5,average,1.0,,0.5,average,1.0,1016,opt-aad24bc2-4,Optimize Rota 4,forward,9995.9,10033.9,330.6,321.2,2910.3,5431.9,6398.6,1436.2,469.5,484.9,959.0,21,52,0
2026-09-29-urgup,A-distance,A,distance,none,0.5,average,1.0,,0.5,average,1.0,1016,opt-aad24bc2-4,Optimize Rota 4,reverse,9995.9,10033.6,310.1,332.3,2910.3,4941.3,5804.2,1332.5,469.5,576.1,959.0,21,50,0
2026-09-29-urgup,A-distance,A,distance,none,0.5,average,1.0,,0.5,average,1.0,1016,opt-aad24bc2-5,Optimize Rota 5,forward,12446.3,12490.2,397.5,381.6,3336.3,6244.3,7366.1,1850.0,728.2,276.8,913.4,20,74,0
2026-09-29-urgup,A-distance,A,distance,none,0.5,average,1.0,,0.5,average,1.0,1016,opt-aad24bc2-5,Optimize Rota 5,reverse,12446.3,12490.4,386.0,397.6,3336.3,5913.6,7132.9,1947.5,728.2,231.6,913.4,20,59,0
2026-09-29-urgup,A-distance,A,distance,none,0.5,average,1.0,,0.5,average,1.0,1016,opt-aad24bc2-6,Optimize Rota 6,forward,25638.0,25748.8,923.7,915.6,6801.4,13772.5,16644.1,4197.3,1325.6,1317.4,639.3,14,142,0
2026-09-29-urgup,A-distance,A,distance,none,0.5,average,1.0,,0.5,average,1.0,1016,opt-aad24bc2-6,Optimize Rota 6,reverse,25638.0,25749.1,911.9,932.8,6801.4,13362.7,16348.9,4311.8,1325.6,1202.3,639.3,14,139,0
2026-09-29-urgup,A-distance,A,distance,none,0.5,average,1.0,,0.5,average,1.0,1016,opt-aad24bc2-7,Optimize Rota 7,forward,3602.8,3619.6,122.7,123.3,948.5,1849.1,2234.8,585.0,199.3,143.7,274.0,6,36,0
2026-09-29-urgup,A-distance,A,distance,none,0.5,average,1.0,,0.5,average,1.0,1016,opt-aad24bc2-7,Optimize Rota 7,reverse,3602.8,3619.9,128.3,123.3,948.5,1934.2,2340.2,605.4,199.3,124.1,274.0,6,35,0
2026-09-29-urgup,A-distance,A,distance,none,0.5,average,1.0,,0.5,average,1.0,1016,opt-aad24bc2-8,Optimize Rota 8,forward,2509.5,2516.7,65.8,66.3,681.0,1134.9,1285.9,272.8,121.8,98.9,274.0,6,16,0
2026-09-29-urgup,A-distance,A,distance,none,0.5,average,1.0,,0.5,average,1.0,1016,opt-aad24bc2-8,Optimize Rota 8,reverse,2509.5,2517.0,67.6,66.4,681.0,1157.1,1311.0,275.7,121.8,95.2,274.0,6,17,0
2026-09-29-urgup,D-noise-016,D,energy,dem,0.5,average,1.0,1016,0.5,average,1.0,1016,opt-3a23c8a2-1,Optimize Rota 1,forward,8678.3,8703.8,227.2,244.7,2217.6,3606.3,4266.0,1200.6,540.9,99.5,1187.4,26,48,0
2026-09-29-urgup,D-noise-016,D,energy,dem,0.5,average,1.0,1016,0.5,average,1.0,1016,opt-3a23c8a2-1,Optimize Rota 1,reverse,8678.3,8704.0,243.4,234.2,2217.6,3955.1,4543.7,1129.5,540.9,142.3,1187.4,26,48,0
2026-09-29-urgup,D-noise-016,D,energy,dem,0.5,average,1.0,1016,0.5,average,1.0,1016,opt-3a23c8a2-2,Optimize Rota 2,forward,8935.4,8965.0,263.7,269.2,2322.0,4101.9,4888.5,1302.4,515.9,176.3,1050.4,23,40,0
2026-09-29-urgup,D-noise-016,D,energy,dem,0.5,average,1.0,1016,0.5,average,1.0,1016,opt-3a23c8a2-2,Optimize Rota 2,reverse,8935.4,8965.4,274.5,262.8,2322.0,4320.7,5079.2,1274.4,515.9,177.9,1050.4,23,38,0
2026-09-29-urgup,D-noise-016,D,energy,dem,0.5,average,1.0,1016,0.5,average,1.0,1016,opt-3a23c8a2-3,Optimize Rota 3,forward,11417.3,11457.7,338.7,351.3,2983.4,5277.8,6272.5,1660.5,665.9,317.5,959.0,21,69,0
2026-09-29-urgup,D-noise-016,D,energy,dem,0.5,average,1.0,1016,0.5,average,1.0,1016,opt-3a23c8a2-3,Optimize Rota 3,reverse,11417.3,11456.7,354.5,327.2,2983.4,5684.8,6620.3,1601.4,665.8,228.8,959.0,21,66,0
2026-09-29-urgup,D-noise-016,D,energy,dem,0.5,average,1.0,1016,0.5,average,1.0,1016,opt-3a23c8a2-4,Optimize Rota 4,forward,10103.5,10139.9,322.2,313.3,2934.6,5363.9,6279.5,1396.6,481.0,454.2,959.0,21,50,0
2026-09-29-urgup,D-noise-016,D,energy,dem,0.5,average,1.0,1016,0.5,average,1.0,1016,opt-3a23c8a2-4,Optimize Rota 4,reverse,10103.5,10139.8,302.3,325.4,2934.6,4885.3,5699.0,1294.7,481.0,558.6,959.0,21,49,0
2026-09-29-urgup,D-noise-016,D,energy,dem,0.5,average,1.0,1016,0.5,average,1.0,1016,opt-3a23c8a2-5,Optimize Rota 5,forward,13707.6,13749.4,367.0,404.2,3651.6,5787.6,6908.1,1936.9,816.4,184.7,913.4,20,80,0
2026-09-29-urgup,D-noise-016,D,energy,dem,0.5,average,1.0,1016,0.5,average,1.0,1016,opt-3a23c8a2-5,Optimize Rota 5,reverse,13707.6,13751.4,406.2,380.4,3651.6,6713.6,7736.0,1838.9,816.6,297.8,913.4,20,76,0
2026-09-29-urgup,D-noise-016,D,energy,dem,0.5,average,1.0,1016,0.5,average,1.0,1016,opt-3a23c8a2-6,Optimize Rota 6,forward,26277.2,26386.0,886.6,928.4,6945.9,13101.4,16030.4,4318.0,1389.1,1106.4,639.3,14,133,0
2026-09-29-urgup,D-noise-016,D,energy,dem,0.5,average,1.0,1016,0.5,average,1.0,1016,opt-3a23c8a2-6,Optimize Rota 6,reverse,26277.2,26384.7,911.3,898.0,6945.9,13810.0,16532.3,4111.4,1389.1,1252.2,639.3,14,135,0
2026-09-29-urgup,D-noise-016,D,energy,dem,0.5,average,1.0,1016,0.5,average,1.0,1016,opt-3a23c8a2-7,Optimize Rota 7,forward,3691.8,3708.5,120.4,125.6,977.6,1807.6,2213.4,605.8,200.0,117.1,274.0,6,38,0
2026-09-29-urgup,D-noise-016,D,energy,dem,0.5,average,1.0,1016,0.5,average,1.0,1016,opt-3a23c8a2-7,Optimize Rota 7,reverse,3691.8,3708.7,130.6,120.2,977.6,2050.6,2403.9,553.3,200.0,190.0,274.0,6,39,0
2026-09-29-urgup,D-noise-016,D,energy,dem,0.5,average,1.0,1016,0.5,average,1.0,1016,opt-3a23c8a2-8,Optimize Rota 8,forward,2559.7,2566.6,65.8,66.3,693.3,1125.8,1285.8,285.3,125.3,66.3,274.0,6,15,0
2026-09-29-urgup,D-noise-016,D,energy,dem,0.5,average,1.0,1016,0.5,average,1.0,1016,opt-3a23c8a2-8,Optimize Rota 8,reverse,2559.7,2567.0,68.3,66.4,693.3,1179.8,1330.1,275.7,125.3,95.2,274.0,6,17,0
2026-09-29-urgup,D-noise-016,D,energy,dem,0.5,average,1.0,1016,0.5,average,1.0,,opt-3a23c8a2-1,Optimize Rota 1,forward,8678.3,8689.0,149.3,149.5,2217.6,3090.1,3218.8,668.7,540.0,20.2,1187.4,26,19,0
2026-09-29-urgup,D-noise-016,D,energy,dem,0.5,average,1.0,1016,0.5,average,1.0,,opt-3a23c8a2-1,Optimize Rota 1,reverse,8678.3,8688.6,148.7,150.3,2217.6,3048.4,3166.2,657.7,539.9,13.9,1187.4,26,19,0
2026-09-29-urgup,D-noise-016,D,energy,dem,0.5,average,1.0,1016,0.5,average,1.0,,opt-3a23c8a2-2,Optimize Rota 2,forward,8935.4,8950.7,178.6,177.6,2322.0,3410.9,3694.5,798.7,515.1,49.0,1050.4,23,10,0
2026-09-29-urgup,D-noise-016,D,energy,dem,0.5,average,1.0,1016,0.5,average,1.0,,opt-3a23c8a2-2,Optimize Rota 2,reverse,8935.4,8950.6,177.3,174.9,2322.0,3427.7,3720.1,807.5,515.1,36.4,1050.4,23,14,0
2026-09-29-urgup,D-noise-016,D,energy,dem,0.5,average,1.0,1016,0.5,average,1.0,,opt-3a23c8a2-3,Optimize Rota 3,forward,11417.3,11443.3,259.0,264.6,2983.4,4593.1,5134.7,1206.7,665.1,135.0,959.0,21,42,0
2026-09-29-urgup,D-noise-016,D,energy,dem,0.5,average,1.0,1016,0.5,average,1.0,,opt-3a23c8a2-3,Optimize Rota 3,reverse,11417.3,11442.6,267.7,256.8,2983.4,4826.5,5381.2,1219.8,665.1,113.0,959.0,21,36,0
2026-09-29-urgup,D-noise-016,D,energy,dem,0.5,average,1.0,1016,0.5,average,1.0,,opt-3a23c8a2-4,Optimize Rota 4,forward,10103.5,10118.5,201.3,199.9,2934.6,4152.3,4489.0,816.7,480.0,136.1,959.0,21,16,0
2026-09-29-urgup,D-noise-016,D,energy,dem,0.5,average,1.0,1016,0.5,average,1.0,,opt-3a23c8a2-4,Optimize Rota 4,reverse,10103.5,10118.4,196.9,200.9,2934.6,3959.5,4238.7,759.2,480.0,101.4,959.0,21,15,0
2026-09-29-urgup,D-noise-016,D,energy,dem,0.5,average,1.0,1016,0.5,average,1.0,,opt-3a23c8a2-5,Optimize Rota 5,forward,13707.6,13726.3,240.4,247.9,3651.6,4983.3,5270.6,1102.4,815.1,31.8,913.4,20,39,0
2026-09-29-urgup,D-noise-016,D,energy,dem,0.5,average,1.0,1016,0.5,average,1.0,,opt-3a23c8a2-5,Optimize Rota 5,reverse,13707.6,13726.7,247.2,244.2,3651.6,5125.8,5377.0,1066.3,815.1,62.9,913.4,20,35,0
2026-09-29-urgup,D-noise-016,D,energy,dem,0.5,average,1.0,1016,0.5,average,1.0,,opt-3a23c8a2-6,Optimize Rota 6,forward,26277.2,26355.8,753.8,769.9,6945.9,11804.7,13982.5,3565.3,1387.5,482.2,639.3,14,74,0
2026-09-29-urgup,D-noise-016,D,energy,dem,0.5,average,1.0,1016,0.5,average,1.0,,opt-3a23c8a2-6,Optimize Rota 6,reverse,26277.2,26355.0,765.2,756.1,6945.9,12473.9,14497.4,3411.0,1387.5,918.9,639.3,14,76,0
2026-09-29-urgup,D-noise-016,D,energy,dem,0.5,average,1.0,1016,0.5,average,1.0,,opt-3a23c8a2-7,Optimize Rota 7,forward,3691.8,3703.0,102.3,101.4,977.6,1656.4,1946.7,489.9,199.6,35.5,274.0,6,17,0
2026-09-29-urgup,D-noise-016,D,energy,dem,0.5,average,1.0,1016,0.5,average,1.0,,opt-3a23c8a2-7,Optimize Rota 7,reverse,3691.8,3703.0,103.5,98.3,977.6,1747.7,2006.1,458.0,199.6,97.5,274.0,6,19,0
2026-09-29-urgup,D-noise-016,D,energy,dem,0.5,average,1.0,1016,0.5,average,1.0,,opt-3a23c8a2-8,Optimize Rota 8,forward,2559.7,2561.8,35.7,34.1,693.3,877.8,871.1,118.3,125.1,8.5,274.0,6,8,0
2026-09-29-urgup,D-noise-016,D,energy,dem,0.5,average,1.0,1016,0.5,average,1.0,,opt-3a23c8a2-8,Optimize Rota 8,reverse,2559.7,2561.9,35.2,36.0,693.3,859.6,868.2,133.7,125.1,7.5,274.0,6,8,0
2026-09-29-urgup,A-distance,A,distance,none,0.5,average,1.0,,0.5,average,1.0,1017,opt-aad24bc2-1,Optimize Rota 1,forward,8379.2,8406.8,250.6,248.8,2139.3,3892.8,4608.2,1238.2,522.8,130.8,1187.4,26,44,0
2026-09-29-urgup,A-distance,A,distance,none,0.5,average,1.0,,0.5,average,1.0,1017,opt-aad24bc2-1,Optimize Rota 1,reverse,8379.2,8405.9,242.3,248.0,2139.3,3757.6,4479.8,1244.9,522.7,101.0,1187.4,26,43,0
2026-09-29-urgup,A-distance,A,distance,none,0.5,average,1.0,,0.5,average,1.0,1017,opt-aad24bc2-2,Optimize Rota 2,forward,8718.6,8749.7,280.8,260.6,2262.9,4398.6,5117.5,1223.7,504.8,244.9,1050.4,23,43,0
2026-09-29-urgup,A-distance,A,distance,none,0.5,average,1.0,,0.5,average,1.0,1017,opt-aad24bc2-2,Optimize Rota 2,reverse,8718.6,8748.9,264.2,271.3,2262.9,4045.4,4857.3,1316.6,504.8,181.7,1050.4,23,43,0
2026-09-29-urgup,A-distance,A,distance,none,0.5,average,1.0,,0.5,average,1.0,1017,opt-aad24bc2-3,Optimize Rota 3,forward,10547.6,10584.4,323.6,307.1,2782.8,5179.5,6013.0,1449.3,615.8,270.5,959.0,21,67,0
2026-09-29-urgup,A-distance,A,distance,none,0.5,average,1.0,,0.5,average,1.0,1017,opt-aad24bc2-3,Optimize Rota 3,reverse,10547.6,10583.7,312.0,317.2,2782.8,4938.5,5856.3,1533.6,615.8,242.7,959.0,21,67,0
2026-09-29-urgup,A-distance,A,distance,none,0.5,average,1.0,,0.5,average,1.0,1017,opt-aad24bc2-4,Optimize Rota 4,forward,9995.9,10026.3,294.5,283.1,2910.3,5097.8,5871.5,1242.9,469.2,382.0,959.0,21,32,0
2026-09-29-urgup,A-distance,A,distance,none,0.5,average,1.0,,0.5,average,1.0,1017,opt-aad24bc2-4,Optimize Rota 4,reverse,9995.9,10027.4,288.6,296.8,2910.3,4821.1,5580.1,1228.2,469.2,407.6,959.0,21,26,0
2026-09-29-urgup,A-distance,A,distance,none,0.5,average,1.0,,0.5,average,1.0,1017,opt-aad24bc2-5,Optimize Rota 5,forward,12446.3,12483.9,355.8,347.8,3336.3,5781.7,6703.9,1650.0,727.8,196.7,913.4,20,49,0
2026-09-29-urgup,A-distance,A,distance,none,0.5,average,1.0,,0.5,average,1.0,1017,opt-aad24bc2-5,Optimize Rota 5,reverse,12446.3,12484.8,355.1,356.3,3336.3,5730.8,6717.0,1714.1,727.9,199.3,913.4,20,50,0
2026-09-29-urgup,A-distance,A,distance,none,0.5,average,1.0,,0.5,average,1.0,1017,opt-aad24bc2-6,Optimize Rota 6,forward,25638.0,25746.1,898.8,895.1,6801.4,13581.7,16266.9,4010.6,1325.4,1414.9,639.3,14,134,0
2026-09-29-urgup,A-distance,A,distance,none,0.5,average,1.0,,0.5,average,1.0,1017,opt-aad24bc2-6,Optimize Rota 6,reverse,25638.0,25746.8,895.3,906.3,6801.4,13297.2,16137.4,4165.6,1325.4,1181.1,639.3,14,132,0
2026-09-29-urgup,A-distance,A,distance,none,0.5,average,1.0,,0.5,average,1.0,1017,opt-aad24bc2-7,Optimize Rota 7,forward,3602.8,3620.4,138.5,129.6,948.5,2050.2,2481.2,630.3,199.3,146.9,274.0,6,28,0
2026-09-29-urgup,A-distance,A,distance,none,0.5,average,1.0,,0.5,average,1.0,1017,opt-aad24bc2-7,Optimize Rota 7,reverse,3602.8,3620.3,134.6,135.1,948.5,1941.3,2406.3,664.3,199.3,133.8,274.0,6,27,0
2026-09-29-urgup,A-distance,A,distance,none,0.5,average,1.0,,0.5,average,1.0,1017,opt-aad24bc2-8,Optimize Rota 8,forward,2509.5,2517.9,77.7,72.1,681.0,1277.2,1475.6,320.3,121.9,92.0,274.0,6,15,0
2026-09-29-urgup,A-distance,A,distance,none,0.5,average,1.0,,0.5,average,1.0,1017,opt-aad24bc2-8,Optimize Rota 8,reverse,2509.5,2518.1,72.7,76.9,681.0,1166.7,1402.3,357.5,121.9,80.3,274.0,6,15,0
2026-09-29-urgup,D-noise-017,D,energy,dem,0.5,average,1.0,1017,0.5,average,1.0,1017,opt-0e411a5c-1,Optimize Rota 1,forward,8563.9,8589.7,234.6,243.6,2225.6,3748.7,4438.2,1215.5,526.0,92.4,1187.4,26,39,0
2026-09-29-urgup,D-noise-017,D,energy,dem,0.5,average,1.0,1017,0.5,average,1.0,1017,opt-0e411a5c-1,Optimize Rota 1,reverse,8563.9,8590.1,244.3,243.5,2225.6,3928.6,4613.8,1211.2,526.1,130.3,1187.4,26,45,0
2026-09-29-urgup,D-noise-017,D,energy,dem,0.5,average,1.0,1017,0.5,average,1.0,1017,opt-0e411a5c-2,Optimize Rota 2,forward,9245.5,9274.5,261.9,264.9,2371.1,4120.8,4829.4,1271.0,562.4,152.4,1050.4,23,48,0
2026-09-29-urgup,D-noise-017,D,energy,dem,0.5,average,1.0,1017,0.5,average,1.0,1017,opt-0e411a5c-2,Optimize Rota 2,reverse,9245.5,9275.0,274.8,256.7,2371.1,4409.6,5088.7,1241.6,562.4,166.3,1050.4,23,48,0
2026-09-29-urgup,D-noise-017,D,energy,dem,0.5,average,1.0,1017,0.5,average,1.0,1017,opt-0e411a5c-3,Optimize Rota 3,forward,10847.6,10881.6,301.9,310.9,2801.5,4800.3,5660.5,1514.1,654.0,175.8,959.0,21,65,0
2026-09-29-urgup,D-noise-017,D,energy,dem,0.5,average,1.0,1017,0.5,average,1.0,1017,opt-0e411a5c-3,Optimize Rota 3,reverse,10847.6,10881.4,314.7,295.3,2801.5,5119.2,5864.0,1398.7,654.0,219.7,959.0,21,63,0
2026-09-29-urgup,D-noise-017,D,energy,dem,0.5,average,1.0,1017,0.5,average,1.0,1017,opt-0e411a5c-4,Optimize Rota 4,forward,10105.0,10135.3,292.1,286.5,2932.9,5049.3,5833.2,1266.5,482.7,368.2,959.0,21,30,0
2026-09-29-urgup,D-noise-017,D,energy,dem,0.5,average,1.0,1017,0.5,average,1.0,1017,opt-0e411a5c-4,Optimize Rota 4,reverse,10105.0,10135.9,285.7,294.4,2932.9,4815.9,5544.3,1211.2,482.7,407.9,959.0,21,25,0
2026-09-29-urgup,D-noise-017,D,energy,dem,0.5,average,1.0,1017,0.5,average,1.0,1017,opt-0e411a5c-5,Optimize Rota 5,forward,12737.3,12770.9,335.0,334.5,3459.2,5647.0,6506.3,1584.2,724.9,140.8,913.4,20,39,0
2026-09-29-urgup,D-noise-017,D,energy,dem,0.5,average,1.0,1017,0.5,average,1.0,1017,opt-0e411a5c-5,Optimize Rota 5,reverse,12737.3,12771.3,333.4,332.1,3459.2,5684.7,6522.8,1563.0,724.9,187.1,913.4,20,45,0
2026-09-29-urgup,D-noise-017,D,energy,dem,0.5,average,1.0,1017,0.5,average,1.0,1017,opt-0e411a5c-6,Optimize Rota 6,forward,25968.7,26076.1,885.2,911.0,6884.6,13148.3,15997.0,4196.5,1347.8,1132.4,639.3,14,131,0
2026-09-29-urgup,D-noise-017,D,energy,dem,0.5,average,1.0,1017,0.5,average,1.0,1017,opt-0e411a5c-6,Optimize Rota 6,reverse,25968.7,26074.6,903.0,885.0,6884.6,13775.2,16376.4,3948.9,1347.7,1398.2,639.3,14,128,0
2026-09-29-urgup,D-noise-017,D,energy,dem,0.5,average,1.0,1017,0.5,average,1.0,1017,opt-0e411a5c-7,Optimize Rota 7,forward,4260.2,4275.7,124.3,139.9,1115.4,1871.9,2308.2,679.1,242.8,104.3,274.0,6,27,0
2026-09-29-urgup,D-noise-017,D,energy,dem,0.5,average,1.0,1017,0.5,average,1.0,1017,opt-0e411a5c-7,Optimize Rota 7,reverse,4260.2,4276.1,142.1,123.3,1115.4,2284.5,2647.6,606.0,242.8,107.3,274.0,6,25,0
2026-09-29-urgup,D-noise-017,D,energy,dem,0.5,average,1.0,1017,0.5,average,1.0,1017,opt-0e411a5c-8,Optimize Rota 8,forward,2620.1,2629.9,80.4,81.9,690.2,1251.2,1504.3,397.7,144.6,66.1,274.0,6,18,0
2026-09-29-urgup,D-noise-017,D,energy,dem,0.5,average,1.0,1017,0.5,average,1.0,1017,opt-0e411a5c-8,Optimize Rota 8,reverse,2620.1,2629.3,78.5,76.0,690.2,1267.9,1476.3,353.0,144.6,80.0,274.0,6,20,0
2026-09-29-urgup,D-noise-017,D,energy,dem,0.5,average,1.0,1017,0.5,average,1.0,,opt-0e411a5c-1,Optimize Rota 1,forward,8563.9,8573.5,144.1,146.4,2225.6,3003.8,3107.0,628.2,525.0,10.2,1187.4,26,19,0
2026-09-29-urgup,D-noise-017,D,energy,dem,0.5,average,1.0,1017,0.5,average,1.0,,opt-0e411a5c-1,Optimize Rota 1,reverse,8563.9,8573.4,144.9,143.9,2225.6,3044.9,3139.6,619.7,525.0,12.2,1187.4,26,19,0
2026-09-29-urgup,D-noise-017,D,energy,dem,0.5,average,1.0,1017,0.5,average,1.0,,opt-0e411a5c-2,Optimize Rota 2,forward,9245.5,9261.2,182.7,181.5,2371.1,3495.5,3768.0,834.1,561.6,38.3,1050.4,23,15,0
2026-09-29-urgup,D-noise-017,D,energy,dem,0.5,average,1.0,1017,0.5,average,1.0,,opt-0e411a5c-2,Optimize Rota 2,reverse,9245.5,9261.2,184.9,176.6,2371.1,3573.7,3824.8,812.7,561.6,39.7,1050.4,23,18,0
2026-09-29-urgup,D-noise-017,D,energy,dem,0.5,average,1.0,1017,0.5,average,1.0,,opt-0e411a5c-3,Optimize Rota 3,forward,10847.6,10869.9,231.7,234.4,2801.5,4274.5,4734.8,1113.5,653.3,81.3,959.0,21,36,0
2026-09-29-urgup,D-noise-017,D,energy,dem,0.5,average,1.0,1017,0.5,average,1.0,,opt-0e411a5c-3,Optimize Rota 3,reverse,10847.6,10869.7,238.0,228.2,2801.5,4398.0,4786.2,1041.4,653.3,110.9,959.0,21,33,0
2026-09-29-urgup,D-noise-017,D,energy,dem,0.5,average,1.0,1017,0.5,average,1.0,,opt-0e411a5c-4,Optimize Rota 4,forward,10105.0,10120.1,203.6,201.3,2932.9,4173.9,4519.0,827.1,481.9,133.9,959.0,21,14,0
2026-09-29-urgup,D-noise-017,D,energy,dem,0.5,average,1.0,1017,0.5,average,1.0,,opt-0e411a5c-4,Optimize Rota 4,reverse,10105.0,10120.1,199.1,203.3,2932.9,3967.5,4255.2,769.7,481.9,99.7,959.0,21,10,0
2026-09-29-urgup,D-noise-017,D,energy,dem,0.5,average,1.0,1017,0.5,average,1.0,,opt-0e411a5c-5,Optimize Rota 5,forward,12737.3,12754.1,228.8,231.7,3459.2,4724.2,5007.5,1007.2,723.9,20.0,913.4,20,26,0
2026-09-29-urgup,D-noise-017,D,energy,dem,0.5,average,1.0,1017,0.5,average,1.0,,opt-0e411a5c-5,Optimize Rota 5,reverse,12737.3,12754.1,232.7,225.4,3459.2,4852.4,5103.9,975.4,723.9,37.0,913.4,20,26,0
2026-09-29-urgup,D-noise-017,D,energy,dem,0.5,average,1.0,1017,0.5,average,1.0,,opt-0e411a5c-6,Optimize Rota 6,forward,25968.7,26043.6,733.8,748.5,6884.6,11606.6,13709.0,3448.5,1346.1,473.9,639.3,14,73,0
2026-09-29-urgup,D-noise-017,D,energy,dem,0.5,average,1.0,1017,0.5,average,1.0,,opt-0e411a5c-6,Optimize Rota 6,reverse,25968.7,26042.6,744.1,733.2,6884.6,12225.6,14135.0,3255.5,1346.1,906.1,639.3,14,76,0
2026-09-29-urgup,D-noise-017,D,energy,dem,0.5,average,1.0,1017,0.5,average,1.0,,opt-0e411a5c-7,Optimize Rota 7,forward,4260.2,4271.5,92.4,110.6,1115.4,1560.2,1838.6,521.0,242.6,42.3,274.0,6,29,0
2026-09-29-urgup,D-noise-017,D,energy,dem,0.5,average,1.0,1017,0.5,average,1.0,,opt-0e411a5c-7,Optimize Rota 7,reverse,4260.2,4272.0,115.0,91.0,1115.4,2103.3,2267.8,407.2,242.6,103.5,274.0,6,23,0
2026-09-29-urgup,D-noise-017,D,energy,dem,0.5,average,1.0,1017,0.5,average,1.0,,opt-0e411a5c-8,Optimize Rota 8,forward,2620.1,2623.5,46.8,45.1,690.2,973.7,1025.7,196.2,144.3,7.3,274.0,6,10,0
2026-09-29-urgup,D-noise-017,D,energy,dem,0.5,average,1.0,1017,0.5,average,1.0,,opt-0e411a5c-8,Optimize Rota 8,reverse,2620.1,2623.5,45.2,45.3,690.2,943.6,988.8,189.5,144.3,10.8,274.0,6,11,0
2026-09-29-urgup,A-distance,A,distance,none,0.5,average,1.0,,0.5,average,1.0,1018,opt-aad24bc2-1,Optimize Rota 1,forward,8379.2,8406.2,246.8,245.1,2139.3,3859.5,4528.8,1192.0,522.7,153.4,1187.4,26,40,0
2026-09-29-urgup,A-distance,A,distance,none,0.5,average,1.0,,0.5,average,1.0,1018,opt-aad24bc2-1,Optimize Rota 1,reverse,8379.2,8406.7,247.2,245.7,2139.3,3870.3,4546.5,1198.9,522.7,158.7,1187.4,26,46,0
2026-09-29-urgup,A-distance,A,distance,none,0.5,average,1.0,,0.5,average,1.0,1018,opt-aad24bc2-2,Optimize Rota 2,forward,8718.6,8747.6,256.5,266.7,2262.9,3931.0,4722.6,1296.4,504.7,144.8,1050.4,23,35,0
2026-09-29-urgup,A-distance,A,distance,none,0.5,average,1.0,,0.5,average,1.0,1018,opt-aad24bc2-2,Optimize Rota 2,reverse,8718.6,8748.5,265.0,258.5,2262.9,4200.8,4969.2,1273.2,504.8,192.2,1050.4,23,39,0
2026-09-29-urgup,A-distance,A,distance,none,0.5,average,1.0,,0.5,average,1.0,1018,opt-aad24bc2-3,Optimize Rota 3,forward,10547.6,10584.6,330.9,317.4,2782.8,5255.2,6196.2,1556.9,615.9,254.5,959.0,21,74,0
2026-09-29-urgup,A-distance,A,distance,none,0.5,average,1.0,,0.5,average,1.0,1018,opt-aad24bc2-3,Optimize Rota 3,reverse,10547.6,10584.0,320.6,326.7,2782.8,4975.5,5900.2,1540.6,615.8,278.1,959.0,21,73,0
2026-09-29-urgup,A-distance,A,distance,none,0.5,average,1.0,,0.5,average,1.0,1018,opt-aad24bc2-4,Optimize Rota 4,forward,9995.9,10031.0,317.5,305.0,2910.3,5298.6,6236.5,1407.4,469.4,359.6,959.0,21,43,0
2026-09-29-urgup,A-distance,A,distance,none,0.5,average,1.0,,0.5,average,1.0,1018,opt-aad24bc2-4,Optimize Rota 4,reverse,9995.9,10031.9,305.5,327.3,2910.3,4905.9,5769.7,1333.3,469.5,538.9,959.0,21,43,0
2026-09-29-urgup,A-distance,A,distance,none,0.5,average,1.0,,0.5,average,1.0,1018,opt-aad24bc2-5,Optimize Rota 5,forward,12446.3,12486.0,362.7,358.7,3336.3,5884.8,6868.0,1711.2,727.9,270.6,913.4,20,59,0
2026-09-29-urgup,A-distance,A,distance,none,0.5,average,1.0,,0.5,average,1.0,1018,opt-aad24bc2-5,Optimize Rota 5,reverse,12446.3,12485.1,366.7,353.2,3336.3,5929.9,6877.3,1675.3,727.8,228.4,913.4,20,56,0
2026-09-29-urgup,A-distance,A,distance,none,0.5,average,1.0,,0.5,average,1.0,1018,opt-aad24bc2-6,Optimize Rota 6,forward,25638.0,25746.5,905.6,902.1,6801.4,13574.2,16304.1,4055.4,1325.5,1362.5,639.3,14,141,0
2026-09-29-urgup,A-distance,A,distance,none,0.5,average,1.0,,0.5,average,1.0,1018,opt-aad24bc2-6,Optimize Rota 6,reverse,25638.0,25748.0,903.0,918.6,6801.4,13415.9,16309.8,4219.5,1325.6,1284.5,639.3,14,137,0
2026-09-29-urgup,A-distance,A,distance,none,0.5,average,1.0,,0.5,average,1.0,1018,opt-aad24bc2-7,Optimize Rota 7,forward,3602.8,3618.1,121.6,115.7,948.5,1889.5,2230.5,540.1,199.2,144.7,274.0,6,30,0
2026-09-29-urgup,A-distance,A,distance,none,0.5,average,1.0,,0.5,average,1.0,1018,opt-aad24bc2-7,Optimize Rota 7,reverse,3602.8,3618.3,121.8,121.7,948.5,1826.2,2195.4,568.4,199.2,133.8,274.0,6,31,0
2026-09-29-urgup,A-distance,A,distance,none,0.5,average,1.0,,0.5,average,1.0,1018,opt-aad24bc2-8,Optimize Rota 8,forward,2509.5,2516.5,70.7,65.3,681.0,1205.2,1382.4,298.9,121.8,56.7,274.0,6,14,0
2026-09-29-urgup,A-distance,A,distance,none,0.5,average,1.0,,0.5,average,1.0,1018,opt-aad24bc2-8,Optimize Rota 8,reverse,2509.5,2517.0,70.6,70.3,681.0,1132.7,1323.6,312.7,121.8,43.2,274.0,6,14,0
2026-09-29-urgup,D-noise-018,D,energy,dem,0.5,average,1.0,1018,0.5,average,1.0,1018,opt-b77e1eaa-1,Optimize Rota 1,forward,8750.2,8773.6,217.1,233.4,2244.1,3540.7,4110.2,1102.1,532.6,114.1,1187.4,26,41,0
2026-09-29-urgup,D-noise-018,D,energy,dem,0.5,average,1.0,1018,0.5,average,1.0,1018,opt-b77e1eaa-1,Optimize Rota 1,reverse,8750.2,8773.8,226.8,217.9,2244.1,3882.3,4370.2,1020.4,532.6,180.9,1187.4,26,44,0
2026-09-29-urgup,D-noise-018,D,energy,dem,0.5,average,1.0,1018,0.5,average,1.0,1018,opt-b77e1eaa-2,Optimize Rota 2,forward,8929.3,8957.0,240.4,255.4,2310.6,3798.5,4489.1,1212.7,522.1,142.7,1050.4,23,39,0
2026-09-29-urgup,D-noise-018,D,energy,dem,0.5,average,1.0,1018,0.5,average,1.0,1018,opt-b77e1eaa-2,Optimize Rota 2,reverse,8929.3,8957.2,254.2,243.5,2310.6,4188.0,4859.6,1193.7,522.1,174.8,1050.4,23,39,0
2026-09-29-urgup,D-noise-018,D,energy,dem,0.5,average,1.0,1018,0.5,average,1.0,1018,opt-b77e1eaa-3,Optimize Rota 3,forward,11062.6,11097.4,306.4,319.2,2947.0,4972.6,5871.8,1530.0,630.8,229.5,959.0,21,68,0
2026-09-29-urgup,D-noise-018,D,energy,dem,0.5,average,1.0,1018,0.5,average,1.0,1018,opt-b77e1eaa-3,Optimize Rota 3,reverse,11062.6,11097.7,325.1,309.9,2947.0,5306.0,6119.7,1444.4,630.8,258.6,959.0,21,59,0
2026-09-29-urgup,D-noise-018,D,energy,dem,0.5,average,1.0,1018,0.5,average,1.0,1018,opt-b77e1eaa-4,Optimize Rota 4,forward,10258.9,10293.2,313.1,308.4,2974.9,5232.9,6183.2,1438.5,488.2,311.1,959.0,21,41,0
2026-09-29-urgup,D-noise-018,D,energy,dem,0.5,average,1.0,1018,0.5,average,1.0,1018,opt-b77e1eaa-4,Optimize Rota 4,reverse,10258.9,10294.5,311.6,324.3,2974.9,5082.2,5891.7,1297.8,488.3,560.3,959.0,21,41,0
2026-09-29-urgup,D-noise-018,D,energy,dem,0.5,average,1.0,1018,0.5,average,1.0,1018,opt-b77e1eaa-5,Optimize Rota 5,forward,13021.1,13058.1,339.9,362.0,3494.2,5566.3,6534.7,1722.6,754.3,174.9,913.4,20,56,0
2026-09-29-urgup,D-noise-018,D,energy,dem,0.5,average,1.0,1018,0.5,average,1.0,1018,opt-b77e1eaa-5,Optimize Rota 5,reverse,13021.1,13057.4,363.5,335.5,3494.2,6191.2,6994.7,1557.8,754.2,265.1,913.4,20,52,0
2026-09-29-urgup,D-noise-018,D,energy,dem,0.5,average,1.0,1018,0.5,average,1.0,1018,opt-b77e1eaa-6,Optimize Rota 6,forward,26586.1,26694.4,876.9,930.3,7025.0,13041.6,15928.4,4295.1,1408.3,1160.8,639.3,14,143,0
2026-09-29-urgup,D-noise-018,D,energy,dem,0.5,average,1.0,1018,0.5,average,1.0,1018,opt-b77e1eaa-6,Optimize Rota 6,reverse,26586.1,26692.4,916.8,882.5,7025.0,14096.1,16647.0,3959.1,1408.2,1336.2,639.3,14,135,0
2026-09-29-urgup,D-noise-018,D,energy,dem,0.5,average,1.0,1018,0.5,average,1.0,1018,opt-b77e1eaa-7,Optimize Rota 7,forward,3710.8,3725.7,117.4,119.3,974.9,1820.0,2179.6,567.5,207.9,131.3,274.0,6,32,0
2026-09-29-urgup,D-noise-018,D,energy,dem,0.5,average,1.0,1018,0.5,average,1.0,1018,opt-b77e1eaa-7,Optimize Rota 7,reverse,3710.8,3726.0,124.6,117.4,974.9,1922.0,2266.2,552.0,207.9,121.0,274.0,6,33,0
2026-09-29-urgup,D-noise-018,D,energy,dem,0.5,average,1.0,1018,0.5,average,1.0,1018,opt-b77e1eaa-8,Optimize Rota 8,forward,2574.7,2582.2,71.7,69.0,693.7,1200.0,1383.2,310.3,127.1,62.8,274.0,6,13,0
2026-09-29-urgup,D-noise-018,D,energy,dem,0.5,average,1.0,1018,0.5,average,1.0,1018,opt-b77e1eaa-8,Optimize Rota 8,reverse,2574.7,2582.6,73.5,72.4,693.7,1206.6,1397.1,317.6,127.1,79.9,274.0,6,12,0
2026-09-29-urgup,D-noise-018,D,energy,dem,0.5,average,1.0,1018,0.5,average,1.0,,opt-b77e1eaa-1,Optimize Rota 1,forward,8750.2,8759.7,138.8,139.5,2244.1,3034.0,3117.3,615.0,531.7,14.4,1187.4,26,18,0
2026-09-29-urgup,D-noise-018,D,energy,dem,0.5,average,1.0,1018,0.5,average,1.0,,opt-b77e1eaa-1,Optimize Rota 1,reverse,8750.2,8758.9,137.2,138.8,2244.1,2958.7,2990.9,563.9,531.7,16.3,1187.4,26,20,0
2026-09-29-urgup,D-noise-018,D,energy,dem,0.5,average,1.0,1018,0.5,average,1.0,,opt-b77e1eaa-2,Optimize Rota 2,forward,8929.3,8945.4,181.6,180.9,2310.6,3428.3,3724.0,817.1,521.4,57.6,1050.4,23,14,0
2026-09-29-urgup,D-noise-018,D,energy,dem,0.5,average,1.0,1018,0.5,average,1.0,,opt-b77e1eaa-2,Optimize Rota 2,reverse,8929.3,8945.0,181.1,177.3,2310.6,3477.3,3785.1,829.1,521.4,47.7,1050.4,23,16,0
2026-09-29-urgup,D-noise-018,D,energy,dem,0.5,average,1.0,1018,0.5,average,1.0,,opt-b77e1eaa-3,Optimize Rota 3,forward,11062.6,11084.2,238.2,229.2,2947.0,4519.2,4919.8,1030.6,630.0,111.5,959.0,21,38,0
2026-09-29-urgup,D-noise-018,D,energy,dem,0.5,average,1.0,1018,0.5,average,1.0,,opt-b77e1eaa-3,Optimize Rota 3,reverse,11062.6,11084.2,233.8,234.9,2947.0,4407.1,4849.4,1072.3,630.0,96.2,959.0,21,34,0
2026-09-29-urgup,D-noise-018,D,energy,dem,0.5,average,1.0,1018,0.5,average,1.0,,opt-b77e1eaa-4,Optimize Rota 4,forward,10258.9,10274.3,205.0,202.6,2974.9,4218.4,4557.0,825.9,487.3,137.2,959.0,21,18,0
2026-09-29-urgup,D-noise-018,D,energy,dem,0.5,average,1.0,1018,0.5,average,1.0,,opt-b77e1eaa-4,Optimize Rota 4,reverse,10258.9,10274.2,199.9,205.4,2974.9,3999.2,4287.2,775.3,487.3,101.8,959.0,21,15,0
2026-09-29-urgup,D-noise-018,D,energy,dem,0.5,average,1.0,1018,0.5,average,1.0,,opt-b77e1eaa-5,Optimize Rota 5,forward,13021.1,13038.8,232.2,235.6,3494.2,4800.2,5090.4,1043.3,753.2,23.7,913.4,20,30,0
2026-09-29-urgup,D-noise-018,D,energy,dem,0.5,average,1.0,1018,0.5,average,1.0,,opt-b77e1eaa-5,Optimize Rota 5,reverse,13021.1,13038.6,238.2,230.2,3494.2,4933.4,5175.8,995.5,753.2,46.7,913.4,20,29,0
2026-09-29-urgup,D-noise-018,D,energy,dem,0.5,average,1.0,1018,0.5,average,1.0,,opt-b77e1eaa-6,Optimize Rota 6,forward,26586.1,26663.3,751.1,769.1,7025.0,11809.9,13961.1,3557.9,1406.6,448.4,639.3,14,77,0
2026-09-29-urgup,D-noise-018,D,energy,dem,0.5,average,1.0,1018,0.5,average,1.0,,opt-b77e1eaa-6,Optimize Rota 6,reverse,26586.1,26661.7,764.4,749.5,7025.0,12564.6,14529.7,3371.6,1406.5,899.1,639.3,14,77,0
2026-09-29-urgup,D-noise-018,D,energy,dem,0.5,average,1.0,1018,0.5,average,1.0,,opt-b77e1eaa-7,Optimize Rota 7,forward,3710.8,3721.7,101.2,100.4,974.9,1647.0,1924.9,485.6,207.7,35.5,274.0,6,17,0
2026-09-29-urgup,D-noise-018,D,energy,dem,0.5,average,1.0,1018,0.5,average,1.0,,opt-b77e1eaa-7,Optimize Rota 7,reverse,3710.8,3721.5,102.5,97.1,974.9,1708.5,1979.3,478.5,207.7,39.3,274.0,6,19,0
2026-09-29-urgup,D-noise-018,D,energy,dem,0.5,average,1.0,1018,0.5,average,1.0,,opt-b77e1eaa-8,Optimize Rota 8,forward,2574.7,2577.5,40.9,39.8,693.7,918.3,946.2,154.8,126.9,10.3,274.0,6,8,0
2026-09-29-urgup,D-noise-018,D,energy,dem,0.5,average,1.0,1018,0.5,average,1.0,,opt-b77e1eaa-8,Optimize Rota 8,reverse,2574.7,2577.5,40.9,41.5,693.7,906.6,943.3,163.6,126.9,11.4,274.0,6,7,0
2026-09-29-urgup,A-distance,A,distance,none,0.5,average,1.0,,0.5,average,1.0,1019,opt-aad24bc2-1,Optimize Rota 1,forward,8379.2,8405.3,240.2,250.6,2139.3,3685.5,4389.3,1226.4,522.7,119.1,1187.4,26,44,0
2026-09-29-urgup,A-distance,A,distance,none,0.5,average,1.0,,0.5,average,1.0,1019,opt-aad24bc2-1,Optimize Rota 1,reverse,8379.2,8406.2,251.5,242.6,2139.3,3949.1,4633.1,1206.8,522.7,124.2,1187.4,26,45,0
2026-09-29-urgup,A-distance,A,distance,none,0.5,average,1.0,,0.5,average,1.0,1019,opt-aad24bc2-2,Optimize Rota 2,forward,8718.6,8751.7,279.9,280.2,2262.9,4292.2,5106.7,1319.4,504.9,308.4,1050.4,23,46,0
2026-09-29-urgup,A-distance,A,distance,none,0.5,average,1.0,,0.5,average,1.0,1019,opt-aad24bc2-2,Optimize Rota 2,reverse,8718.6,8751.5,280.4,277.0,2262.9,4271.4,5096.2,1329.8,504.9,231.2,1050.4,23,52,0
2026-09-29-urgup,A-distance,A,distance,none,0.5,average,1.0,,0.5,average,1.0,1019,opt-aad24bc2-3,Optimize Rota 3,forward,10547.6,10586.6,331.4,319.4,2782.8,5255.4,6150.7,1511.2,615.9,324.4,959.0,21,82,0
2026-09-29-urgup,A-distance,A,distance,none,0.5,average,1.0,,0.5,average,1.0,1019,opt-aad24bc2-3,Optimize Rota 3,reverse,10547.6,10587.1,333.4,331.6,2782.8,5222.9,6121.8,1514.9,615.9,423.6,959.0,21,85,0
2026-09-29-urgup,A-distance,A,distance,none,0.5,average,1.0,,0.5,average,1.0,1019,opt-aad24bc2-4,Optimize Rota 4,forward,9995.9,10027.9,297.6,286.4,2910.3,5126.8,5922.6,1265.0,469.2,384.8,959.0,21,43,0
2026-09-29-urgup,A-distance,A,distance,none,0.5,average,1.0,,0.5,average,1.0,1019,opt-aad24bc2-4,Optimize Rota 4,reverse,9995.9,10028.5,283.9,294.0,2910.3,4794.5,5458.2,1132.9,469.3,516.0,959.0,21,46,0
2026-09-29-urgup,A-distance,A,distance,none,0.5,average,1.0,,0.5,average,1.0,1019,opt-aad24bc2-5,Optimize Rota 5,forward,12446.3,12488.8,388.1,384.0,3336.3,6028.0,7166.7,1866.7,728.1,221.9,913.4,20,70,0
2026-09-29-urgup,A-distance,A,distance,none,0.5,average,1.0,,0.5,average,1.0,1019,opt-aad24bc2-5,Optimize Rota 5,reverse,12446.3,12490.2,398.3,389.8,3336.3,6166.9,7324.9,1886.2,728.2,264.0,913.4,20,65,0
2026-09-29-urgup,A-distance,A,distance,none,0.5,average,1.0,,0.5,average,1.0,1019,opt-aad24bc2-6,Optimize Rota 6,forward,25638.0,25747.2,923.2,913.2,6801.4,13859.4,16690.2,4156.3,1325.5,1416.1,639.3,14,128,0
2026-09-29-urgup,A-distance,A,distance,none,0.5,average,1.0,,0.5,average,1.0,1019,opt-aad24bc2-6,Optimize Rota 6,reverse,25638.0,25747.4,922.8,923.9,6801.4,13388.6,16405.3,4342.1,1325.5,936.4,639.3,14,129,0
2026-09-29-urgup,A-distance,A,distance,none,0.5,average,1.0,,0.5,average,1.0,1019,opt-aad24bc2-7,Optimize Rota 7,forward,3602.8,3618.0,126.3,125.8,948.5,1865.7,2298.1,631.6,199.2,91.4,274.0,6,19,0
2026-09-29-urgup,A-distance,A,distance,none,0.5,average,1.0,,0.5,average,1.0,1019,opt-aad24bc2-7,Optimize Rota 7,reverse,3602.8,3617.2,124.0,121.6,948.5,1836.0,2236.0,599.2,199.1,76.4,274.0,6,23,0
2026-09-29-urgup,A-distance,A,distance,none,0.5,average,1.0,,0.5,average,1.0,1019,opt-aad24bc2-8,Optimize Rota 8,forward,2509.5,2515.8,60.6,60.0,681.0,1099.9,1237.5,259.4,121.8,69.7,274.0,6,9,0
2026-09-29-urgup,A-distance,A,distance,none,0.5,average,1.0,,0.5,average,1.0,1019,opt-aad24bc2-8,Optimize Rota 8,reverse,2509.5,2515.3,58.4,58.5,681.0,1053.6,1197.6,265.8,121.7,31.0,274.0,6,13,0
2026-09-29-urgup,D-noise-019,D,energy,dem,0.5,average,1.0,1019,0.5,average,1.0,1019,opt-417a8a01-1,Optimize Rota 1,forward,8824.3,8850.8,229.3,255.4,2255.1,3601.2,4289.8,1236.3,547.8,133.0,1187.4,26,56,0
2026-09-29-urgup,D-noise-019,D,energy,dem,0.5,average,1.0,1019,0.5,average,1.0,1019,opt-417a8a01-1,Optimize Rota 1,reverse,8824.3,8852.5,259.7,242.2,2255.1,4205.5,4830.1,1172.5,547.9,175.1,1187.4,26,48,0
2026-09-29-urgup,D-noise-019,D,energy,dem,0.5,average,1.0,1019,0.5,average,1.0,1019,opt-417a8a01-2,Optimize Rota 2,forward,9708.7,9739.2,262.4,287.9,2503.7,4096.7,4869.1,1347.8,575.3,217.2,1050.4,23,46,0
2026-09-29-urgup,D-noise-019,D,energy,dem,0.5,average,1.0,1019,0.5,average,1.0,1019,opt-417a8a01-2,Optimize Rota 2,reverse,9708.7,9739.5,284.9,260.5,2503.7,4773.6,5454.9,1256.6,575.3,273.1,1050.4,23,50,0
2026-09-29-urgup,D-noise-019,D,energy,dem,0.5,average,1.0,1019,0.5,average,1.0,1019,opt-417a8a01-3,Optimize Rota 3,forward,10269.6,10301.3,285.0,293.8,2981.6,4870.9,5747.1,1369.6,493.3,237.9,1004.7,22,42,0
2026-09-29-urgup,D-noise-019,D,energy,dem,0.5,average,1.0,1019,0.5,average,1.0,1019,opt-417a8a01-3,Optimize Rota 3,reverse,10269.6,10302.1,289.5,285.5,2981.6,5038.2,5638.3,1093.5,493.4,530.0,1004.7,22,50,0
2026-09-29-urgup,D-noise-019,D,energy,dem,0.5,average,1.0,1019,0.5,average,1.0,1019,opt-417a8a01-4,Optimize Rota 4,forward,11076.7,11115.2,311.9,331.7,2913.9,4977.6,5888.1,1556.3,645.8,323.7,959.0,21,75,0
2026-09-29-urgup,D-noise-019,D,energy,dem,0.5,average,1.0,1019,0.5,average,1.0,1019,opt-417a8a01-4,Optimize Rota 4,reverse,11076.7,11115.6,338.1,319.6,2913.9,5545.4,6372.5,1472.9,645.9,424.1,959.0,21,73,0
2026-09-29-urgup,D-noise-019,D,energy,dem,0.5,average,1.0,1019,0.5,average,1.0,1019,opt-417a8a01-5,Optimize Rota 5,forward,12472.6,12515.2,377.1,383.0,3352.2,5872.2,7006.5,1852.9,718.5,214.3,913.4,20,78,0
2026-09-29-urgup,D-noise-019,D,energy,dem,0.5,average,1.0,1019,0.5,average,1.0,1019,opt-417a8a01-5,Optimize Rota 5,reverse,12472.6,12516.6,402.8,385.5,3352.2,6306.8,7433.6,1845.4,718.6,305.4,913.4,20,62,0
2026-09-29-urgup,D-noise-019,D,energy,dem,0.5,average,1.0,1019,0.5,average,1.0,1019,opt-417a8a01-6,Optimize Rota 6,forward,26071.2,26180.1,899.3,926.0,6918.2,13081.3,16060.6,4327.1,1347.8,910.0,639.3,14,132,0
2026-09-29-urgup,D-noise-019,D,energy,dem,0.5,average,1.0,1019,0.5,average,1.0,1019,opt-417a8a01-6,Optimize Rota 6,reverse,26071.2,26180.3,928.5,903.0,6918.2,14170.5,16935.1,4112.4,1347.8,1436.4,639.3,14,120,0
2026-09-29-urgup,D-noise-019,D,energy,dem,0.5,average,1.0,1019,0.5,average,1.0,1019,opt-417a8a01-7,Optimize Rota 7,forward,2592.4,2598.3,59.6,60.0,695.7,1090.0,1223.5,265.8,132.3,53.8,274.0,6,11,0
2026-09-29-urgup,D-noise-019,D,energy,dem,0.5,average,1.0,1019,0.5,average,1.0,1019,opt-417a8a01-7,Optimize Rota 7,reverse,2592.4,2598.0,57.4,57.5,695.7,1063.2,1192.3,261.4,132.3,31.3,274.0,6,15,0
2026-09-29-urgup,D-noise-019,D,energy,dem,0.5,average,1.0,1019,0.5,average,1.0,1019,opt-417a8a01-8,Optimize Rota 8,forward,2103.4,2110.3,60.2,60.5,558.9,988.8,1167.1,289.2,110.9,57.8,228.3,5,8,0
2026-09-29-urgup,D-noise-019,D,energy,dem,0.5,average,1.0,1019,0.5,average,1.0,1019,opt-417a8a01-8,Optimize Rota 8,reverse,2103.4,2109.6,58.3,56.7,558.9,960.1,1106.9,257.6,110.8,42.9,228.3,5,12,0
2026-09-29-urgup,D-noise-019,D,energy,dem,0.5,average,1.0,1019,0.5,average,1.0,,opt-417a8a01-1,Optimize Rota 1,forward,8824.3,8834.1,141.6,142.4,2255.1,3052.8,3130.5,624.5,546.8,10.9,1187.4,26,17,0
2026-09-29-urgup,D-noise-019,D,energy,dem,0.5,average,1.0,1019,0.5,average,1.0,,opt-417a8a01-1,Optimize Rota 1,reverse,8824.3,8833.4,142.3,142.2,2255.1,3026.3,3075.4,595.8,546.7,9.3,1187.4,26,15,0
2026-09-29-urgup,D-noise-019,D,energy,dem,0.5,average,1.0,1019,0.5,average,1.0,,opt-417a8a01-2,Optimize Rota 2,forward,9708.7,9722.8,181.0,182.6,2503.7,3516.9,3729.3,786.8,574.4,29.8,1050.4,23,15,0
2026-09-29-urgup,D-noise-019,D,energy,dem,0.5,average,1.0,1019,0.5,average,1.0,,opt-417a8a01-2,Optimize Rota 2,reverse,9708.7,9722.8,185.1,178.5,2503.7,3711.5,3962.4,825.3,574.3,52.4,1050.4,23,15,0
2026-09-29-urgup,D-noise-019,D,energy,dem,0.5,average,1.0,1019,0.5,average,1.0,,opt-417a8a01-3,Optimize Rota 3,forward,10269.6,10285.5,209.9,208.6,2981.6,4214.1,4635.6,914.1,492.6,41.5,1004.7,22,22,0
2026-09-29-urgup,D-noise-019,D,energy,dem,0.5,average,1.0,1019,0.5,average,1.0,,opt-417a8a01-3,Optimize Rota 3,reverse,10269.6,10286.0,209.5,211.8,2981.6,4101.5,4420.7,811.8,492.6,104.3,1004.7,22,18,0
2026-09-29-urgup,D-noise-019,D,energy,dem,0.5,average,1.0,1019,0.5,average,1.0,,opt-417a8a01-4,Optimize Rota 4,forward,11076.7,11099.4,246.5,237.0,2913.9,4561.4,4997.1,1080.7,645.0,115.5,959.0,21,37,0
2026-09-29-urgup,D-noise-019,D,energy,dem,0.5,average,1.0,1019,0.5,average,1.0,,opt-417a8a01-4,Optimize Rota 4,reverse,11076.7,11099.4,240.2,242.6,2913.9,4419.1,4898.3,1124.2,645.0,94.0,959.0,21,34,0
2026-09-29-urgup,D-noise-019,D,energy,dem,0.5,average,1.0,1019,0.5,average,1.0,,opt-417a8a01-5,Optimize Rota 5,forward,12472.6,12490.2,229.4,227.8,3352.2,4673.1,4947.2,991.3,717.1,28.9,913.4,20,31,0
2026-09-29-urgup,D-noise-019,D,energy,dem,0.5,average,1.0,1019,0.5,average,1.0,,opt-417a8a01-5,Optimize Rota 5,reverse,12472.6,12489.2,231.5,227.7,3352.2,4737.1,5031.3,1011.3,717.0,34.9,913.4,20,24,0
2026-09-29-urgup,D-noise-019,D,energy,dem,0.5,average,1.0,1019,0.5,average,1.0,,opt-417a8a01-6,Optimize Rota 6,forward,26071.2,26148.4,738.5,760.1,6918.2,11605.7,13748.1,3488.7,1346.2,487.2,639.3,14,79,0
2026-09-29-urgup,D-noise-019,D,energy,dem,0.5,average,1.0,1019,0.5,average,1.0,,opt-417a8a01-6,Optimize Rota 6,reverse,26071.2,26147.5,756.3,743.6,6918.2,12410.8,14397.7,3333.1,1346.2,929.4,639.3,14,77,0
2026-09-29-urgup,D-noise-019,D,energy,dem,0.5,average,1.0,1019,0.5,average,1.0,,opt-417a8a01-7,Optimize Rota 7,forward,2592.4,2594.8,38.0,36.8,695.7,902.2,909.3,139.2,132.1,10.0,274.0,6,11,0
2026-09-29-urgup,D-noise-019,D,energy,dem,0.5,average,1.0,1019,0.5,average,1.0,,opt-417a8a01-7,Optimize Rota 7,reverse,2592.4,2595.0,37.4,38.7,695.7,875.9,893.2,149.4,132.1,7.8,274.0,6,12,0
2026-09-29-urgup,D-noise-019,D,energy,dem,0.5,average,1.0,1019,0.5,average,1.0,,opt-417a8a01-8,Optimize Rota 8,forward,2103.4,2106.3,38.3,37.2,558.9,775.3,812.3,147.7,110.7,10.6,228.3,5,5,0
2026-09-29-urgup,D-noise-019,D,energy,dem,0.5,average,1.0,1019,0.5,average,1.0,,opt-417a8a01-8,Optimize Rota 8,reverse,2103.4,2106.2,37.4,37.5,558.9,784.4,840.8,167.0,110.7,11.4,228.3,5,6,0
2026-09-29-urgup,A-distance,A,distance,none,0.5,average,1.0,,0.5,average,1.0,1020,opt-aad24bc2-1,Optimize Rota 1,forward,8379.2,8403.9,235.8,234.0,2139.3,3764.1,4405.6,1164.1,522.6,100.5,1187.4,26,39,0
2026-09-29-urgup,A-distance,A,distance,none,0.5,average,1.0,,0.5,average,1.0,1020,opt-aad24bc2-1,Optimize Rota 1,reverse,8379.2,8404.0,233.5,233.6,2139.3,3712.0,4352.7,1163.3,522.6,80.7,1187.4,26,39,0
2026-09-29-urgup,A-distance,A,distance,none,0.5,average,1.0,,0.5,average,1.0,1020,opt-aad24bc2-2,Optimize Rota 2,forward,8718.6,8749.9,272.2,273.2,2262.9,4169.2,4988.1,1323.7,504.8,204.8,1050.4,23,44,0
2026-09-29-urgup,A-distance,A,distance,none,0.5,average,1.0,,0.5,average,1.0,1020,opt-aad24bc2-2,Optimize Rota 2,reverse,8718.6,8750.3,281.3,270.5,2262.9,4323.6,5138.3,1319.5,504.9,193.0,1050.4,23,43,0
2026-09-29-urgup,A-distance,A,distance,none,0.5,average,1.0,,0.5,average,1.0,1020,opt-aad24bc2-3,Optimize Rota 3,forward,10547.6,10585.0,329.7,312.3,2782.8,5248.9,6158.4,1525.4,615.9,233.9,959.0,21,65,0
2026-09-29-urgup,A-distance,A,distance,none,0.5,average,1.0,,0.5,average,1.0,1020,opt-aad24bc2-3,Optimize Rota 3,reverse,10547.6,10585.0,318.1,332.4,2782.8,4912.6,5893.8,1597.1,615.9,265.5,959.0,21,66,0
2026-09-29-urgup,A-distance,A,distance,none,0.5,average,1.0,,0.5,average,1.0,1020,opt-aad24bc2-4,Optimize Rota 4,forward,9995.9,10028.1,291.7,284.9,2910.3,5034.3,5814.6,1249.6,469.3,377.8,959.0,21,38,0
2026-09-29-urgup,A-distance,A,distance,none,0.5,average,1.0,,0.5,average,1.0,1020,opt-aad24bc2-4,Optimize Rota 4,reverse,9995.9,10027.8,284.2,296.4,2910.3,4809.3,5515.3,1175.3,469.3,508.6,959.0,21,37,0
2026-09-29-urgup,A-distance,A,distance,none,0.5,average,1.0,,0.5,average,1.0,1020,opt-aad24bc2-5,Optimize Rota 5,forward,12446.3,12483.3,342.8,357.7,3336.3,5492.6,6493.8,1729.0,727.8,148.6,913.4,20,54,0
2026-09-29-urgup,A-distance,A,distance,none,0.5,average,1.0,,0.5,average,1.0,1020,opt-aad24bc2-5,Optimize Rota 5,reverse,12446.3,12485.3,366.8,355.8,3336.3,5901.2,6909.0,1735.7,727.9,167.2,913.4,20,47,0
2026-09-29-urgup,A-distance,A,distance,none,0.5,average,1.0,,0.5,average,1.0,1020,opt-aad24bc2-6,Optimize Rota 6,forward,25638.0,25742.9,887.0,870.2,6801.4,13564.6,16113.7,3874.4,1325.3,1384.4,639.3,14,132,0
2026-09-29-urgup,A-distance,A,distance,none,0.5,average,1.0,,0.5,average,1.0,1020,opt-aad24bc2-6,Optimize Rota 6,reverse,25638.0,25741.2,862.8,886.3,6801.4,12793.4,15631.2,4163.1,1325.2,901.8,639.3,14,127,0
2026-09-29-urgup,A-distance,A,distance,none,0.5,average,1.0,,0.5,average,1.0,1020,opt-aad24bc2-7,Optimize Rota 7,forward,3602.8,3620.6,137.4,131.4,948.5,2015.9,2448.8,632.2,199.3,153.0,274.0,6,29,0
2026-09-29-urgup,A-distance,A,distance,none,0.5,average,1.0,,0.5,average,1.0,1020,opt-aad24bc2-7,Optimize Rota 7,reverse,3602.8,3620.9,139.6,134.5,948.5,2022.1,2489.2,666.4,199.3,130.8,274.0,6,29,0
2026-09-29-urgup,A-distance,A,distance,none,0.5,average,1.0,,0.5,average,1.0,1020,opt-aad24bc2-8,Optimize Rota 8,forward,2509.5,2517.1,71.9,68.7,681.0,1184.7,1360.6,297.7,121.8,67.5,274.0,6,13,0
2026-09-29-urgup,A-distance,A,distance,none,0.5,average,1.0,,0.5,average,1.0,1020,opt-aad24bc2-8,Optimize Rota 8,reverse,2509.5,2517.1,70.5,73.4,681.0,1141.5,1353.1,333.4,121.8,67.7,274.0,6,13,0
2026-09-29-urgup,D-noise-020,D,energy,dem,0.5,average,1.0,1020,0.5,average,1.0,1020,opt-4f4f719e-1,Optimize Rota 1,forward,8977.8,8999.7,210.2,227.2,2305.7,3558.9,4100.3,1088.7,547.3,101.1,1187.4,26,44,0
2026-09-29-urgup,D-noise-020,D,energy,dem,0.5,average,1.0,1020,0.5,average,1.0,1020,opt-4f4f719e-1,Optimize Rota 1,reverse,8977.8,9000.5,226.9,216.4,2305.7,3911.7,4408.2,1043.8,547.3,106.2,1187.4,26,43,0
2026-09-29-urgup,D-noise-020,D,energy,dem,0.5,average,1.0,1020,0.5,average,1.0,1020,opt-4f4f719e-2,Optimize Rota 2,forward,8887.8,8918.9,270.3,272.9,2302.4,4161.2,4958.7,1317.7,520.2,189.5,1050.4,23,43,0
2026-09-29-urgup,D-noise-020,D,energy,dem,0.5,average,1.0,1020,0.5,average,1.0,1020,opt-4f4f719e-2,Optimize Rota 2,reverse,8887.8,8918.9,278.6,269.1,2302.4,4337.1,5134.5,1317.6,520.2,190.3,1050.4,23,42,0
2026-09-29-urgup,D-noise-020,D,energy,dem,0.5,average,1.0,1020,0.5,average,1.0,1020,opt-4f4f719e-3,Optimize Rota 3,forward,10715.2,10751.2,314.3,309.1,2827.2,5036.4,5916.3,1506.4,626.4,186.7,959.0,21,62,0
2026-09-29-urgup,D-noise-020,D,energy,dem,0.5,average,1.0,1020,0.5,average,1.0,1020,opt-4f4f719e-3,Optimize Rota 3,reverse,10715.2,10750.9,319.3,316.1,2827.2,5105.7,5974.3,1495.0,626.4,285.6,959.0,21,61,0
2026-09-29-urgup,D-noise-020,D,energy,dem,0.5,average,1.0,1020,0.5,average,1.0,1020,opt-4f4f719e-4,Optimize Rota 4,forward,10251.3,10283.9,290.2,292.2,2979.0,4969.0,5814.8,1335.5,489.7,277.0,959.0,21,43,0
2026-09-29-urgup,D-noise-020,D,energy,dem,0.5,average,1.0,1020,0.5,average,1.0,1020,opt-4f4f719e-4,Optimize Rota 4,reverse,10251.3,10283.8,290.2,295.8,2979.0,4990.1,5672.3,1171.9,489.7,524.6,959.0,21,43,0
2026-09-29-urgup,D-noise-020,D,energy,dem,0.5,average,1.0,1020,0.5,average,1.0,1020,opt-4f4f719e-5,Optimize Rota 5,forward,12883.1,12919.8,328.9,361.7,3461.1,5341.3,6333.1,1735.0,743.2,129.4,913.4,20,57,0
2026-09-29-urgup,D-noise-020,D,energy,dem,0.5,average,1.0,1020,0.5,average,1.0,1020,opt-4f4f719e-5,Optimize Rota 5,reverse,12883.1,12920.3,365.3,339.0,3461.1,6146.1,7018.0,1615.0,743.2,211.4,913.4,20,52,0
2026-09-29-urgup,D-noise-020,D,energy,dem,0.5,average,1.0,1020,0.5,average,1.0,1020,opt-4f4f719e-6,Optimize Rota 6,forward,26676.3,26780.7,855.3,916.3,7052.1,12637.0,15527.1,4296.3,1406.2,877.7,639.3,14,130,0
2026-09-29-urgup,D-noise-020,D,energy,dem,0.5,average,1.0,1020,0.5,average,1.0,1020,opt-4f4f719e-6,Optimize Rota 6,reverse,26676.3,26782.1,910.8,869.6,7052.1,14191.7,16688.8,3903.4,1406.3,1369.7,639.3,14,132,0
2026-09-29-urgup,D-noise-020,D,energy,dem,0.5,average,1.0,1020,0.5,average,1.0,1020,opt-4f4f719e-7,Optimize Rota 7,forward,3909.4,3925.8,122.6,133.7,1033.0,1845.1,2273.2,642.2,214.1,136.7,274.0,6,36,0
2026-09-29-urgup,D-noise-020,D,energy,dem,0.5,average,1.0,1020,0.5,average,1.0,1020,opt-4f4f719e-7,Optimize Rota 7,reverse,3909.4,3926.3,136.9,122.8,1033.0,2163.2,2525.6,576.5,214.2,165.7,274.0,6,33,0
2026-09-29-urgup,D-noise-020,D,energy,dem,0.5,average,1.0,1020,0.5,average,1.0,1020,opt-4f4f719e-8,Optimize Rota 8,forward,2580.1,2587.5,68.8,65.2,693.7,1168.6,1319.2,279.2,128.6,59.2,274.0,6,13,0
2026-09-29-urgup,D-noise-020,D,energy,dem,0.5,average,1.0,1020,0.5,average,1.0,1020,opt-4f4f719e-8,Optimize Rota 8,reverse,2580.1,2587.3,67.2,69.9,693.7,1137.5,1319.1,310.2,128.6,77.6,274.0,6,12,0
2026-09-29-urgup,D-noise-020,D,energy,dem,0.5,average,1.0,1020,0.5,average,1.0,,opt-4f4f719e-1,Optimize Rota 1,forward,8977.8,8987.2,142.2,143.2,2305.7,3078.8,3140.3,608.0,546.5,11.5,1187.4,26,21,0
2026-09-29-urgup,D-noise-020,D,energy,dem,0.5,average,1.0,1020,0.5,average,1.0,,opt-4f4f719e-1,Optimize Rota 1,reverse,8977.8,8986.9,141.4,141.4,2305.7,3077.9,3120.3,588.8,546.5,19.4,1187.4,26,25,0
2026-09-29-urgup,D-noise-020,D,energy,dem,0.5,average,1.0,1020,0.5,average,1.0,,opt-4f4f719e-2,Optimize Rota 2,forward,8887.8,8902.9,177.8,176.2,2302.4,3388.7,3659.3,789.9,519.3,49.4,1050.4,23,11,0
2026-09-29-urgup,D-noise-020,D,energy,dem,0.5,average,1.0,1020,0.5,average,1.0,,opt-4f4f719e-2,Optimize Rota 2,reverse,8887.8,8902.8,177.5,173.3,2302.4,3415.2,3692.1,796.1,519.3,31.4,1050.4,23,14,0
2026-09-29-urgup,D-noise-020,D,energy,dem,0.5,average,1.0,1020,0.5,average,1.0,,opt-4f4f719e-3,Optimize Rota 3,forward,10715.2,10736.3,226.8,215.6,2827.2,4387.6,4772.4,1010.4,625.5,95.9,959.0,21,35,0
2026-09-29-urgup,D-noise-020,D,energy,dem,0.5,average,1.0,1020,0.5,average,1.0,,opt-4f4f719e-3,Optimize Rota 3,reverse,10715.2,10735.7,222.7,223.8,2827.2,4184.2,4540.1,981.4,625.5,106.2,959.0,21,32,0
2026-09-29-urgup,D-noise-020,D,energy,dem,0.5,average,1.0,1020,0.5,average,1.0,,opt-4f4f719e-4,Optimize Rota 4,forward,10251.3,10267.2,211.8,208.4,2979.0,4238.9,4657.9,907.9,488.9,44.9,959.0,21,20,0
2026-09-29-urgup,D-noise-020,D,energy,dem,0.5,average,1.0,1020,0.5,average,1.0,,opt-4f4f719e-4,Optimize Rota 4,reverse,10251.3,10267.5,210.0,211.8,2979.0,4115.4,4440.2,813.7,488.9,110.6,959.0,21,16,0
2026-09-29-urgup,D-noise-020,D,energy,dem,0.5,average,1.0,1020,0.5,average,1.0,,opt-4f4f719e-5,Optimize Rota 5,forward,12883.1,12900.8,234.6,230.5,3461.1,4808.6,5050.8,984.3,742.1,29.4,913.4,20,30,0
2026-09-29-urgup,D-noise-020,D,energy,dem,0.5,average,1.0,1020,0.5,average,1.0,,opt-4f4f719e-5,Optimize Rota 5,reverse,12883.1,12900.0,231.9,229.4,3461.1,4844.6,5122.8,1020.3,742.0,41.5,913.4,20,29,0
2026-09-29-urgup,D-noise-020,D,energy,dem,0.5,average,1.0,1020,0.5,average,1.0,,opt-4f4f719e-6,Optimize Rota 6,forward,26676.3,26752.7,744.0,760.7,7052.1,11786.5,13859.3,3477.6,1404.7,478.1,639.3,14,72,0
2026-09-29-urgup,D-noise-020,D,energy,dem,0.5,average,1.0,1020,0.5,average,1.0,,opt-4f4f719e-6,Optimize Rota 6,reverse,26676.3,26751.6,757.0,739.7,7052.1,12549.7,14472.4,3327.3,1404.7,881.2,639.3,14,80,0
2026-09-29-urgup,D-noise-020,D,energy,dem,0.5,average,1.0,1020,0.5,average,1.0,,opt-4f4f719e-7,Optimize Rota 7,forward,3909.4,3921.2,101.5,108.2,1033.0,1642.4,1948.8,520.3,213.9,38.7,274.0,6,26,0
2026-09-29-urgup,D-noise-020,D,energy,dem,0.5,average,1.0,1020,0.5,average,1.0,,opt-4f4f719e-7,Optimize Rota 7,reverse,3909.4,3921.4,110.7,99.5,1033.0,1913.3,2161.3,462.0,213.9,111.7,274.0,6,24,0
2026-09-29-urgup,D-noise-020,D,energy,dem,0.5,average,1.0,1020,0.5,average,1.0,,opt-4f4f719e-8,Optimize Rota 8,forward,2580.1,2582.9,40.7,39.7,693.7,914.2,939.2,153.4,128.4,8.3,274.0,6,8,0
2026-09-29-urgup,D-noise-020,D,energy,dem,0.5,average,1.0,1020,0.5,average,1.0,,opt-4f4f719e-8,Optimize Rota 8,reverse,2580.1,2582.9,40.7,41.3,693.7,906.6,941.8,163.6,128.4,11.4,274.0,6,7,0
2026-09-29-urgup,A-distance,A,distance,none,0.5,average,1.0,,0.5,average,1.0,1021,opt-aad24bc2-1,Optimize Rota 1,forward,8379.2,8407.6,248.6,252.7,2139.3,3822.1,4567.1,1267.8,522.8,111.4,1187.4,26,45,0
2026-09-29-urgup,A-distance,A,distance,none,0.5,average,1.0,,0.5,average,1.0,1021,opt-aad24bc2-1,Optimize Rota 1,reverse,8379.2,8407.1,244.5,245.0,2139.3,3837.2,4554.3,1239.8,522.8,110.4,1187.4,26,49,0
2026-09-29-urgup,A-distance,A,distance,none,0.5,average,1.0,,0.5,average,1.0,1021,opt-aad24bc2-2,Optimize Rota 2,forward,8718.6,8752.1,273.5,271.7,2262.9,4239.9,5040.3,1305.4,505.0,251.4,1050.4,23,50,0
2026-09-29-urgup,A-distance,A,distance,none,0.5,average,1.0,,0.5,average,1.0,1021,opt-aad24bc2-2,Optimize Rota 2,reverse,8718.6,8751.8,275.8,273.1,2262.9,4214.1,5020.2,1311.1,505.0,211.3,1050.4,23,49,0
2026-09-29-urgup,A-distance,A,distance,none,0.5,average,1.0,,0.5,average,1.0,1021,opt-aad24bc2-3,Optimize Rota 3,forward,10547.6,10588.8,340.6,336.6,2782.8,5256.9,6298.2,1657.4,616.1,265.0,959.0,21,71,0
2026-09-29-urgup,A-distance,A,distance,none,0.5,average,1.0,,0.5,average,1.0,1021,opt-aad24bc2-3,Optimize Rota 3,reverse,10547.6,10587.1,339.0,333.3,2782.8,5241.3,6210.8,1585.4,616.0,310.5,959.0,21,67,0
2026-09-29-urgup,A-distance,A,distance,none,0.5,average,1.0,,0.5,average,1.0,1021,opt-aad24bc2-4,Optimize Rota 4,forward,9995.9,10027.8,300.4,293.9,2910.3,5035.3,5864.8,1298.7,469.3,327.7,959.0,21,41,0
2026-09-29-urgup,A-distance,A,distance,none,0.5,average,1.0,,0.5,average,1.0,1021,opt-aad24bc2-4,Optimize Rota 4,reverse,9995.9,10027.6,288.1,299.2,2910.3,4856.9,5604.7,1217.0,469.2,488.1,959.0,21,40,0
2026-09-29-urgup,A-distance,A,distance,none,0.5,average,1.0,,0.5,average,1.0,1021,opt-aad24bc2-5,Optimize Rota 5,forward,12446.3,12488.6,370.2,382.5,3336.3,5745.7,6851.7,1834.1,728.0,219.1,913.4,20,65,0
2026-09-29-urgup,A-distance,A,distance,none,0.5,average,1.0,,0.5,average,1.0,1021,opt-aad24bc2-5,Optimize Rota 5,reverse,12446.3,12488.0,379.6,364.0,3336.3,6141.1,7156.3,1743.2,728.0,311.6,913.4,20,64,0
2026-09-29-urgup,A-distance,A,distance,none,0.5,average,1.0,,0.5,average,1.0,1021,opt-aad24bc2-6,Optimize Rota 6,forward,25638.0,25746.8,911.2,902.2,6801.4,13714.9,16482.6,4093.2,1325.5,1371.6,639.3,14,126,0
2026-09-29-urgup,A-distance,A,distance,none,0.5,average,1.0,,0.5,average,1.0,1021,opt-aad24bc2-6,Optimize Rota 6,reverse,25638.0,25746.9,897.7,909.0,6801.4,13234.6,16167.7,4258.6,1325.5,1024.8,639.3,14,133,0
2026-09-29-urgup,A-distance,A,distance,none,0.5,average,1.0,,0.5,average,1.0,1021,opt-aad24bc2-7,Optimize Rota 7,forward,3602.8,3623.0,140.5,141.7,948.5,2056.1,2510.7,654.1,199.4,256.0,274.0,6,35,0
2026-09-29-urgup,A-distance,A,distance,none,0.5,average,1.0,,0.5,average,1.0,1021,opt-aad24bc2-7,Optimize Rota 7,reverse,3602.8,3622.6,140.4,141.0,948.5,2021.0,2464.8,643.2,199.4,229.7,274.0,6,38,0
2026-09-29-urgup,A-distance,A,distance,none,0.5,average,1.0,,0.5,average,1.0,1021,opt-aad24bc2-8,Optimize Rota 8,forward,2509.5,2517.1,67.0,69.7,681.0,1137.6,1319.0,303.2,121.8,95.8,274.0,6,15,0
2026-09-29-urgup,A-distance,A,distance,none,0.5,average,1.0,,0.5,average,1.0,1021,opt-aad24bc2-8,Optimize Rota 8,reverse,2509.5,2517.5,69.3,73.5,681.0,1122.1,1322.4,322.2,121.9,81.4,274.0,6,19,0
2026-09-29-urgup,D-noise-021,D,energy,dem,0.5,average,1.0,1021,0.5,average,1.0,1021,opt-3ddd8d40-1,Optimize Rota 1,forward,8705.3,8730.7,231.2,243.5,2225.0,3665.8,4323.4,1197.8,540.2,82.1,1187.4,26,41,0
2026-09-29-urgup,D-noise-021,D,energy,dem,0.5,average,1.0,1021,0.5,average,1.0,1021,opt-3ddd8d40-1,Optimize Rota 1,reverse,8705.3,8730.2,234.7,234.1,2225.0,3858.4,4481.9,1163.7,540.2,124.7,1187.4,26,39,0
2026-09-29-urgup,D-noise-021,D,energy,dem,0.5,average,1.0,1021,0.5,average,1.0,1021,opt-3ddd8d40-2,Optimize Rota 2,forward,8896.3,8929.3,268.6,276.2,2305.1,4154.9,4965.6,1327.3,516.6,236.4,1050.4,23,49,0
2026-09-29-urgup,D-noise-021,D,energy,dem,0.5,average,1.0,1021,0.5,average,1.0,1021,opt-3ddd8d40-2,Optimize Rota 2,reverse,8896.3,8929.6,277.6,268.4,2305.1,4367.6,5123.9,1273.0,516.6,266.5,1050.4,23,48,0
2026-09-29-urgup,D-noise-021,D,energy,dem,0.5,average,1.0,1021,0.5,average,1.0,1021,opt-3ddd8d40-3,Optimize Rota 3,forward,11261.5,11300.0,324.7,350.6,2931.4,4997.9,6046.7,1711.6,662.8,230.7,959.0,21,64,0
2026-09-29-urgup,D-noise-021,D,energy,dem,0.5,average,1.0,1021,0.5,average,1.0,1021,opt-3ddd8d40-3,Optimize Rota 3,reverse,11261.5,11301.3,355.4,325.9,2931.4,5728.6,6628.0,1562.2,662.9,327.3,959.0,21,55,0
2026-09-29-urgup,D-noise-021,D,energy,dem,0.5,average,1.0,1021,0.5,average,1.0,1021,opt-3ddd8d40-4,Optimize Rota 4,forward,10122.7,10152.0,284.1,286.7,2941.0,4844.9,5622.3,1257.6,480.3,295.5,959.0,21,37,0
2026-09-29-urgup,D-noise-021,D,energy,dem,0.5,average,1.0,1021,0.5,average,1.0,1021,opt-3ddd8d40-4,Optimize Rota 4,reverse,10122.7,10152.0,279.6,287.9,2941.0,4845.4,5509.1,1144.0,480.3,497.1,959.0,21,34,0
2026-09-29-urgup,D-noise-021,D,energy,dem,0.5,average,1.0,1021,0.5,average,1.0,1021,opt-3ddd8d40-5,Optimize Rota 5,forward,12708.0,12747.5,350.9,371.1,3403.2,5562.0,6549.3,1731.8,744.5,215.8,913.4,20,67,0
2026-09-29-urgup,D-noise-021,D,energy,dem,0.5,average,1.0,1021,0.5,average,1.0,1021,opt-3ddd8d40-5,Optimize Rota 5,reverse,12708.0,12748.1,374.8,355.6,3403.2,6212.6,7165.0,1697.0,744.5,320.0,913.4,20,54,0
2026-09-29-urgup,D-noise-021,D,energy,dem,0.5,average,1.0,1021,0.5,average,1.0,1021,opt-3ddd8d40-6,Optimize Rota 6,forward,26441.4,26547.4,869.3,914.3,7004.8,12870.2,15779.4,4290.9,1381.6,924.1,639.3,14,129,0
2026-09-29-urgup,D-noise-021,D,energy,dem,0.5,average,1.0,1021,0.5,average,1.0,1021,opt-3ddd8d40-6,Optimize Rota 6,reverse,26441.4,26547.8,904.4,888.7,7004.8,13925.8,16540.1,3996.0,1381.7,1401.2,639.3,14,118,0
2026-09-29-urgup,D-noise-021,D,energy,dem,0.5,average,1.0,1021,0.5,average,1.0,1021,opt-3ddd8d40-7,Optimize Rota 7,forward,4146.3,4163.0,124.6,138.2,1086.4,1912.1,2326.0,649.6,235.7,172.5,274.0,6,33,0
2026-09-29-urgup,D-noise-021,D,energy,dem,0.5,average,1.0,1021,0.5,average,1.0,1021,opt-3ddd8d40-7,Optimize Rota 7,reverse,4146.3,4163.7,135.2,132.3,1086.4,2107.7,2488.2,616.3,235.8,169.8,274.0,6,31,0
2026-09-29-urgup,D-noise-021,D,energy,dem,0.5,average,1.0,1021,0.5,average,1.0,1021,opt-3ddd8d40-8,Optimize Rota 8,forward,2509.5,2517.1,67.0,69.7,681.0,1137.6,1319.0,303.2,121.8,95.8,274.0,6,15,0
2026-09-29-urgup,D-noise-021,D,energy,dem,0.5,average,1.0,1021,0.5,average,1.0,1021,opt-3ddd8d40-8,Optimize Rota 8,reverse,2509.5,2517.5,69.3,73.5,681.0,1122.1,1322.4,322.2,121.9,81.4,274.0,6,19,0
2026-09-29-urgup,D-noise-021,D,energy,dem,0.5,average,1.0,1021,0.5,average,1.0,,opt-3ddd8d40-1,Optimize Rota 1,forward,8705.3,8714.6,141.2,142.3,2225.0,3012.2,3093.2,620.2,539.2,11.6,1187.4,26,16,0
2026-09-29-urgup,D-noise-021,D,energy,dem,0.5,average,1.0,1021,0.5,average,1.0,,opt-3ddd8d40-1,Optimize Rota 1,reverse,8705.3,8714.5,141.5,139.8,2225.0,3008.0,3050.7,581.8,539.2,14.6,1187.4,26,21,0
2026-09-29-urgup,D-noise-021,D,energy,dem,0.5,average,1.0,1021,0.5,average,1.0,,opt-3ddd8d40-2,Optimize Rota 2,forward,8896.3,8912.0,181.5,180.6,2305.1,3418.1,3715.1,812.6,515.6,57.0,1050.4,23,13,0
2026-09-29-urgup,D-noise-021,D,energy,dem,0.5,average,1.0,1021,0.5,average,1.0,,opt-3ddd8d40-2,Optimize Rota 2,reverse,8896.3,8911.8,181.5,177.0,2305.1,3465.3,3765.5,815.8,515.6,47.7,1050.4,23,15,0
2026-09-29-urgup,D-noise-021,D,energy,dem,0.5,average,1.0,1021,0.5,average,1.0,,opt-3ddd8d40-3,Optimize Rota 3,forward,11261.5,11284.6,248.1,254.3,2931.4,4456.6,4997.9,1203.2,661.9,72.1,959.0,21,37,0
2026-09-29-urgup,D-noise-021,D,energy,dem,0.5,average,1.0,1021,0.5,average,1.0,,opt-3ddd8d40-3,Optimize Rota 3,reverse,11261.5,11285.1,258.0,247.3,2931.4,4692.7,5164.9,1134.2,662.0,140.3,959.0,21,33,0
2026-09-29-urgup,D-noise-021,D,energy,dem,0.5,average,1.0,1021,0.5,average,1.0,,opt-3ddd8d40-4,Optimize Rota 4,forward,10122.7,10137.2,197.3,196.0,2941.0,4114.9,4420.2,784.8,479.6,135.8,959.0,21,15,0
2026-09-29-urgup,D-noise-021,D,energy,dem,0.5,average,1.0,1021,0.5,average,1.0,,opt-3ddd8d40-4,Optimize Rota 4,reverse,10122.7,10137.0,193.7,197.4,2941.0,3935.1,4188.5,733.0,479.6,100.0,959.0,21,14,0
2026-09-29-urgup,D-noise-021,D,energy,dem,0.5,average,1.0,1021,0.5,average,1.0,,opt-3ddd8d40-5,Optimize Rota 5,forward,12708.0,12726.2,236.0,234.3,3403.2,4750.9,5020.7,1013.0,743.3,28.6,913.4,20,29,0
2026-09-29-urgup,D-noise-021,D,energy,dem,0.5,average,1.0,1021,0.5,average,1.0,,opt-3ddd8d40-5,Optimize Rota 5,reverse,12708.0,12725.4,237.2,233.4,3403.2,4838.7,5139.8,1044.4,743.2,42.6,913.4,20,27,0
2026-09-29-urgup,D-noise-021,D,energy,dem,0.5,average,1.0,1021,0.5,average,1.0,,opt-3ddd8d40-6,Optimize Rota 6,forward,26441.4,26518.1,745.6,762.5,7004.8,11767.7,13877.8,3490.2,1380.1,492.1,639.3,14,74,0
2026-09-29-urgup,D-noise-021,D,energy,dem,0.5,average,1.0,1021,0.5,average,1.0,,opt-3ddd8d40-6,Optimize Rota 6,reverse,26441.4,26516.9,753.1,747.4,7004.8,12385.1,14350.4,3345.3,1380.0,906.2,639.3,14,78,0
2026-09-29-urgup,D-noise-021,D,energy,dem,0.5,average,1.0,1021,0.5,average,1.0,,opt-3ddd8d40-7,Optimize Rota 7,forward,4146.3,4156.8,91.9,103.3,1086.4,1575.8,1824.9,484.6,235.4,33.3,274.0,6,23,0
2026-09-29-urgup,D-noise-021,D,energy,dem,0.5,average,1.0,1021,0.5,average,1.0,,opt-3ddd8d40-7,Optimize Rota 7,reverse,4146.3,4157.2,104.9,90.1,1086.4,1933.0,2101.3,403.7,235.4,100.8,274.0,6,21,0
2026-09-29-urgup,D-noise-021,D,energy,dem,0.5,average,1.0,1021,0.5,average,1.0,,opt-3ddd8d40-8,Optimize Rota 8,forward,2509.5,2511.6,35.5,33.9,681.0,867.5,864.0,118.1,121.6,10.4,274.0,6,8,0
2026-09-29-urgup,D-noise-021,D,energy,dem,0.5,average,1.0,1021,0.5,average,1.0,,opt-3ddd8d40-8,Optimize Rota 8,reverse,2509.5,2511.7,35.0,35.9,681.0,847.2,859.4,133.7,121.6,7.5,274.0,6,8,0
2026-09-29-urgup,A-distance,A,distance,none,0.5,average,1.0,,0.5,average,1.0,1022,opt-aad24bc2-1,Optimize Rota 1,forward,8379.2,8399.9,206.6,210.5,2139.3,3442.9,3931.5,1011.0,522.3,62.2,1187.4,26,37,0
2026-09-29-urgup,A-distance,A,distance,none,0.5,average,1.0,,0.5,average,1.0,1022,opt-aad24bc2-1,Optimize Rota 1,reverse,8379.2,8399.9,206.8,206.0,2139.3,3506.0,3980.5,996.8,522.3,74.5,1187.4,26,34,0
2026-09-29-urgup,A-distance,A,distance,none,0.5,average,1.0,,0.5,average,1.0,1022,opt-aad24bc2-2,Optimize Rota 2,forward,8718.6,8748.4,258.9,261.7,2262.9,4048.1,4778.1,1234.8,504.8,221.0,1050.4,23,39,0
2026-09-29-urgup,A-distance,A,distance,none,0.5,average,1.0,,0.5,average,1.0,1022,opt-aad24bc2-2,Optimize Rota 2,reverse,8718.6,8748.3,268.5,253.8,2262.9,4245.4,4991.1,1250.5,504.8,152.6,1050.4,23,37,0
2026-09-29-urgup,A-distance,A,distance,none,0.5,average,1.0,,0.5,average,1.0,1022,opt-aad24bc2-3,Optimize Rota 3,forward,10547.6,10591.0,357.1,337.0,2782.8,5552.6,6540.3,1603.8,616.2,377.6,959.0,21,81,0
2026-09-29-urgup,A-distance,A,distance,none,0.5,average,1.0,,0.5,average,1.0,1022,opt-aad24bc2-3,Optimize Rota 3,reverse,10547.6,10590.6,347.6,342.0,2782.8,5346.3,6303.6,1573.4,616.1,416.8,959.0,21,82,0
2026-09-29-urgup,A-distance,A,distance,none,0.5,average,1.0,,0.5,average,1.0,1022,opt-aad24bc2-4,Optimize Rota 4,forward,9995.9,10028.7,294.4,292.1,2910.3,5017.2,5813.5,1265.6,469.2,401.7,959.0,21,33,0
2026-09-29-urgup,A-distance,A,distance,none,0.5,average,1.0,,0.5,average,1.0,1022,opt-aad24bc2-4,Optimize Rota 4,reverse,9995.9,10028.3,286.4,294.9,2910.3,4885.9,5536.6,1119.9,469.2,589.5,959.0,21,37,0
2026-09-29-urgup,A-distance,A,distance,none,0.5,average,1.0,,0.5,average,1.0,1022,opt-aad24bc2-5,Optimize Rota 5,forward,12446.3,12483.9,352.9,344.5,3336.3,5799.5,6683.7,1611.9,727.7,249.6,913.4,20,63,0
2026-09-29-urgup,A-distance,A,distance,none,0.5,average,1.0,,0.5,average,1.0,1022,opt-aad24bc2-5,Optimize Rota 5,reverse,12446.3,12483.3,342.1,347.5,3336.3,5630.2,6535.6,1633.1,727.7,255.0,913.4,20,59,0
2026-09-29-urgup,A-distance,A,distance,none,0.5,average,1.0,,0.5,average,1.0,1022,opt-aad24bc2-6,Optimize Rota 6,forward,25638.0,25742.8,882.0,876.3,6801.4,13526.9,16101.6,3899.9,1325.2,1465.8,639.3,14,119,0
2026-09-29-urgup,A-distance,A,distance,none,0.5,average,1.0,,0.5,average,1.0,1022,opt-aad24bc2-6,Optimize Rota 6,reverse,25638.0,25746.6,881.3,898.3,6801.4,13080.6,15890.2,4135.0,1325.4,1100.9,639.3,14,131,0
2026-09-29-urgup,A-distance,A,distance,none,0.5,average,1.0,,0.5,average,1.0,1022,opt-aad24bc2-7,Optimize Rota 7,forward,3602.8,3618.3,126.2,118.9,948.5,1930.8,2297.8,566.1,199.1,134.2,274.0,6,25,0
2026-09-29-urgup,A-distance,A,distance,none,0.5,average,1.0,,0.5,average,1.0,1022,opt-aad24bc2-7,Optimize Rota 7,reverse,3602.8,3617.7,119.5,118.7,948.5,1841.4,2207.7,565.4,199.1,141.7,274.0,6,26,0
2026-09-29-urgup,A-distance,A,distance,none,0.5,average,1.0,,0.5,average,1.0,1022,opt-aad24bc2-8,Optimize Rota 8,forward,2509.5,2520.2,88.6,85.5,681.0,1341.0,1614.4,395.4,122.0,96.9,274.0,6,17,0
2026-09-29-urgup,A-distance,A,distance,none,0.5,average,1.0,,0.5,average,1.0,1022,opt-aad24bc2-8,Optimize Rota 8,reverse,2509.5,2519.3,80.6,88.0,681.0,1219.7,1490.0,392.3,121.9,128.1,274.0,6,18,0
2026-09-29-urgup,D-noise-022,D,energy,dem,0.5,average,1.0,1022,0.5,average,1.0,1022,opt-0d7b76b8-1,Optimize Rota 1,forward,8411.8,8432.1,198.3,205.3,2148.3,3362.8,3820.1,980.6,523.3,58.9,1187.4,26,37,0
2026-09-29-urgup,D-noise-022,D,energy,dem,0.5,average,1.0,1022,0.5,average,1.0,1022,opt-0d7b76b8-1,Optimize Rota 1,reverse,8411.8,8432.0,202.1,200.5,2148.3,3505.5,3933.8,951.6,523.3,106.0,1187.4,26,35,0
2026-09-29-urgup,D-noise-022,D,energy,dem,0.5,average,1.0,1022,0.5,average,1.0,1022,opt-0d7b76b8-2,Optimize Rota 2,forward,8937.0,8966.9,258.4,270.8,2319.9,3987.2,4791.3,1319.8,515.7,145.5,1050.4,23,37,0
2026-09-29-urgup,D-noise-022,D,energy,dem,0.5,average,1.0,1022,0.5,average,1.0,1022,opt-0d7b76b8-2,Optimize Rota 2,reverse,8937.0,8966.5,274.7,254.5,2319.9,4390.1,5125.8,1251.4,515.6,157.3,1050.4,23,34,0
2026-09-29-urgup,D-noise-022,D,energy,dem,0.5,average,1.0,1022,0.5,average,1.0,1022,opt-0d7b76b8-3,Optimize Rota 3,forward,11209.1,11247.5,315.0,351.4,2929.1,4826.0,5829.1,1646.7,643.6,290.0,959.0,21,67,0
2026-09-29-urgup,D-noise-022,D,energy,dem,0.5,average,1.0,1022,0.5,average,1.0,1022,opt-0d7b76b8-3,Optimize Rota 3,reverse,11209.1,11248.3,347.0,311.7,2929.1,5753.8,6569.8,1459.6,643.6,392.0,959.0,21,75,0
2026-09-29-urgup,D-noise-022,D,energy,dem,0.5,average,1.0,1022,0.5,average,1.0,1022,opt-0d7b76b8-4,Optimize Rota 4,forward,10237.9,10268.9,284.8,282.7,2941.4,4941.3,5656.8,1215.5,499.9,368.2,959.0,21,33,0
2026-09-29-urgup,D-noise-022,D,energy,dem,0.5,average,1.0,1022,0.5,average,1.0,1022,opt-0d7b76b8-4,Optimize Rota 4,reverse,10237.9,10268.6,278.9,284.5,2941.4,4869.1,5471.0,1101.8,499.9,529.6,959.0,21,39,0
2026-09-29-urgup,D-noise-022,D,energy,dem,0.5,average,1.0,1022,0.5,average,1.0,1022,opt-0d7b76b8-5,Optimize Rota 5,forward,12915.6,12953.7,342.2,367.7,3455.9,5538.9,6533.3,1750.9,756.5,197.3,913.4,20,68,0
2026-09-29-urgup,D-noise-022,D,energy,dem,0.5,average,1.0,1022,0.5,average,1.0,1022,opt-0d7b76b8-5,Optimize Rota 5,reverse,12915.6,12955.0,365.1,351.2,3455.9,6126.5,7003.0,1633.1,756.6,338.4,913.4,20,62,0
2026-09-29-urgup,D-noise-022,D,energy,dem,0.5,average,1.0,1022,0.5,average,1.0,1022,opt-0d7b76b8-6,Optimize Rota 6,forward,26106.6,26211.9,854.7,903.4,6941.0,12667.0,15491.8,4161.3,1336.4,994.8,639.3,14,128,0
2026-09-29-urgup,D-noise-022,D,energy,dem,0.5,average,1.0,1022,0.5,average,1.0,1022,opt-0d7b76b8-6,Optimize Rota 6,reverse,26106.6,26208.7,887.0,851.3,6941.0,13954.0,16368.2,3750.5,1336.3,1499.5,639.3,14,119,0
2026-09-29-urgup,D-noise-022,D,energy,dem,0.5,average,1.0,1022,0.5,average,1.0,1022,opt-0d7b76b8-7,Optimize Rota 7,forward,4421.0,4440.2,142.7,153.7,1170.3,2093.9,2616.6,763.4,240.8,96.5,319.7,7,37,0
2026-09-29-urgup,D-noise-022,D,energy,dem,0.5,average,1.0,1022,0.5,average,1.0,1022,opt-0d7b76b8-7,Optimize Rota 7,reverse,4421.0,4439.0,145.7,141.3,1170.3,2321.1,2716.2,635.8,240.7,242.3,319.7,7,39,0
2026-09-29-urgup,D-noise-022,D,energy,dem,0.5,average,1.0,1022,0.5,average,1.0,1022,opt-0d7b76b8-8,Optimize Rota 8,forward,2089.9,2097.0,62.4,62.6,555.5,996.2,1170.4,284.2,110.0,71.6,228.3,5,11,0
2026-09-29-urgup,D-noise-022,D,energy,dem,0.5,average,1.0,1022,0.5,average,1.0,1022,opt-0d7b76b8-8,Optimize Rota 8,reverse,2089.9,2096.9,60.7,63.7,555.5,974.8,1153.9,289.0,110.0,82.9,228.3,5,13,0
2026-09-29-urgup,D-noise-022,D,energy,dem,0.5,average,1.0,1022,0.5,average,1.0,,opt-0d7b76b8-1,Optimize Rota 1,forward,8411.8,8421.6,143.2,142.1,2148.3,2977.9,3082.8,627.6,522.7,12.3,1187.4,26,20,0
2026-09-29-urgup,D-noise-022,D,energy,dem,0.5,average,1.0,1022,0.5,average,1.0,,opt-0d7b76b8-1,Optimize Rota 1,reverse,8411.8,8421.4,144.2,143.4,2148.3,2953.1,3040.8,610.4,522.7,13.8,1187.4,26,21,0
2026-09-29-urgup,D-noise-022,D,energy,dem,0.5,average,1.0,1022,0.5,average,1.0,,opt-0d7b76b8-2,Optimize Rota 2,forward,8937.0,8952.7,187.2,185.3,2319.9,3492.6,3839.4,861.7,514.8,40.8,1050.4,23,15,0
2026-09-29-urgup,D-noise-022,D,energy,dem,0.5,average,1.0,1022,0.5,average,1.0,,opt-0d7b76b8-2,Optimize Rota 2,reverse,8937.0,8952.8,187.4,180.6,2319.9,3496.2,3788.3,806.9,514.9,42.3,1050.4,23,21,0
2026-09-29-urgup,D-noise-022,D,energy,dem,0.5,average,1.0,1022,0.5,average,1.0,,opt-0d7b76b8-3,Optimize Rota 3,forward,11209.1,11233.1,254.6,254.7,2929.1,4573.4,5110.1,1179.5,642.8,124.1,959.0,21,38,0
2026-09-29-urgup,D-noise-022,D,energy,dem,0.5,average,1.0,1022,0.5,average,1.0,,opt-0d7b76b8-3,Optimize Rota 3,reverse,11209.1,11232.5,256.3,244.9,2929.1,4662.2,5150.4,1131.0,642.8,110.0,959.0,21,40,0
2026-09-29-urgup,D-noise-022,D,energy,dem,0.5,average,1.0,1022,0.5,average,1.0,,opt-0d7b76b8-4,Optimize Rota 4,forward,10237.9,10252.6,201.4,198.3,2941.4,4147.1,4434.4,786.5,499.1,137.9,959.0,21,19,0
2026-09-29-urgup,D-noise-022,D,energy,dem,0.5,average,1.0,1022,0.5,average,1.0,,opt-0d7b76b8-4,Optimize Rota 4,reverse,10237.9,10252.5,197.6,201.6,2941.4,3983.7,4257.8,773.3,499.1,100.8,959.0,21,15,0
2026-09-29-urgup,D-noise-022,D,energy,dem,0.5,average,1.0,1022,0.5,average,1.0,,opt-0d7b76b8-5,Optimize Rota 5,forward,12915.6,12933.1,230.8,231.7,3455.9,4754.8,4999.4,1000.0,755.4,33.9,913.4,20,36,0
2026-09-29-urgup,D-noise-022,D,energy,dem,0.5,average,1.0,1022,0.5,average,1.0,,opt-0d7b76b8-5,Optimize Rota 5,reverse,12915.6,12933.2,235.3,233.8,3455.9,4845.8,5119.3,1028.9,755.4,49.9,913.4,20,30,0
2026-09-29-urgup,D-noise-022,D,energy,dem,0.5,average,1.0,1022,0.5,average,1.0,,opt-0d7b76b8-6,Optimize Rota 6,forward,26106.6,26181.9,745.3,751.7,6941.0,11785.4,13891.2,3440.7,1334.9,484.9,639.3,14,69,0
2026-09-29-urgup,D-noise-022,D,energy,dem,0.5,average,1.0,1022,0.5,average,1.0,,opt-0d7b76b8-6,Optimize Rota 6,reverse,26106.6,26181.1,748.1,740.6,6941.0,12271.5,14222.2,3285.7,1334.9,905.8,639.3,14,81,0
2026-09-29-urgup,D-noise-022,D,energy,dem,0.5,average,1.0,1022,0.5,average,1.0,,opt-0d7b76b8-7,Optimize Rota 7,forward,4421.0,4433.4,107.6,111.8,1170.3,1855.8,2152.8,537.4,240.4,54.1,319.7,7,31,0
2026-09-29-urgup,D-noise-022,D,energy,dem,0.5,average,1.0,1022,0.5,average,1.0,,opt-0d7b76b8-7,Optimize Rota 7,reverse,4421.0,4433.5,111.3,107.0,1170.3,1966.1,2196.9,471.3,240.4,117.0,319.7,7,32,0
2026-09-29-urgup,D-noise-022,D,energy,dem,0.5,average,1.0,1022,0.5,average,1.0,,opt-0d7b76b8-8,Optimize Rota 8,forward,2089.9,2092.7,37.0,37.2,555.5,752.2,790.1,147.7,109.8,10.6,228.3,5,7,0
2026-09-29-urgup,D-noise-022,D,energy,dem,0.5,average,1.0,1022,0.5,average,1.0,,opt-0d7b76b8-8,Optimize Rota 8,reverse,2089.9,2092.5,37.4,36.7,555.5,785.9,842.3,166.2,109.7,7.1,228.3,5,7,0
2026-09-29-urgup,A-distance,A,distance,none,0.5,average,1.0,,0.5,average,1.0,1023,opt-aad24bc2-1,Optimize Rota 1,forward,8379.2,8402.2,228.8,227.6,2139.3,3705.7,4325.5,1142.3,522.5,80.9,1187.4,26,34,0
2026-09-29-urgup,A-distance,A,distance,none,0.5,average,1.0,,0.5,average,1.0,1023,opt-aad24bc2-1,Optimize Rota 1,reverse,8379.2,8402.0,217.1,228.0,2139.3,3481.6,4092.6,1133.5,522.5,50.1,1187.4,26,43,0
2026-09-29-urgup,A-distance,A,distance,none,0.5,average,1.0,,0.5,average,1.0,1023,opt-aad24bc2-2,Optimize Rota 2,forward,8718.6,8748.4,265.3,261.3,2262.9,4157.8,4885.2,1232.1,504.8,232.6,1050.4,23,39,0
2026-09-29-urgup,A-distance,A,distance,none,0.5,average,1.0,,0.5,average,1.0,1023,opt-aad24bc2-2,Optimize Rota 2,reverse,8718.6,8747.6,264.6,261.5,2262.9,4129.3,4916.1,1291.5,504.7,153.3,1050.4,23,41,0
2026-09-29-urgup,A-distance,A,distance,none,0.5,average,1.0,,0.5,average,1.0,1023,opt-aad24bc2-3,Optimize Rota 3,forward,10547.6,10585.1,315.2,326.2,2782.8,4941.7,5885.1,1559.2,615.8,292.1,959.0,21,77,0
2026-09-29-urgup,A-distance,A,distance,none,0.5,average,1.0,,0.5,average,1.0,1023,opt-aad24bc2-3,Optimize Rota 3,reverse,10547.6,10584.9,320.0,319.4,2782.8,5086.3,5944.8,1474.3,615.8,364.2,959.0,21,77,0
2026-09-29-urgup,A-distance,A,distance,none,0.5,average,1.0,,0.5,average,1.0,1023,opt-aad24bc2-4,Optimize Rota 4,forward,9995.9,10026.4,291.0,289.4,2910.3,4971.4,5791.5,1289.3,469.2,345.7,959.0,21,34,0
2026-09-29-urgup,A-distance,A,distance,none,0.5,average,1.0,,0.5,average,1.0,1023,opt-aad24bc2-4,Optimize Rota 4,reverse,9995.9,10027.1,289.8,290.9,2910.3,4847.4,5572.6,1194.4,469.2,377.0,959.0,21,39,0
2026-09-29-urgup,A-distance,A,distance,none,0.5,average,1.0,,0.5,average,1.0,1023,opt-aad24bc2-5,Optimize Rota 5,forward,12446.3,12482.9,349.6,339.3,3336.3,5804.5,6690.0,1613.2,727.7,228.5,913.4,20,65,0
2026-09-29-urgup,A-distance,A,distance,none,0.5,average,1.0,,0.5,average,1.0,1023,opt-aad24bc2-5,Optimize Rota 5,reverse,12446.3,12484.5,350.3,356.2,3336.3,5627.8,6609.4,1709.5,727.8,173.4,913.4,20,60,0
2026-09-29-urgup,A-distance,A,distance,none,0.5,average,1.0,,0.5,average,1.0,1023,opt-aad24bc2-6,Optimize Rota 6,forward,25638.0,25741.3,877.9,878.2,6801.4,13268.6,15858.5,3915.1,1325.2,1299.6,639.3,14,129,0
2026-09-29-urgup,A-distance,A,distance,none,0.5,average,1.0,,0.5,average,1.0,1023,opt-aad24bc2-6,Optimize Rota 6,reverse,25638.0,25742.4,873.7,888.8,6801.4,13067.7,15884.0,4141.6,1325.3,1059.2,639.3,14,124,0
2026-09-29-urgup,A-distance,A,distance,none,0.5,average,1.0,,0.5,average,1.0,1023,opt-aad24bc2-7,Optimize Rota 7,forward,3602.8,3618.9,127.7,129.5,948.5,1860.0,2302.2,641.4,199.2,105.3,274.0,6,30,0
2026-09-29-urgup,A-distance,A,distance,none,0.5,average,1.0,,0.5,average,1.0,1023,opt-aad24bc2-7,Optimize Rota 7,reverse,3602.8,3618.5,129.4,122.2,948.5,1933.1,2321.8,587.9,199.2,114.1,274.0,6,32,0
2026-09-29-urgup,A-distance,A,distance,none,0.5,average,1.0,,0.5,average,1.0,1023,opt-aad24bc2-8,Optimize Rota 8,forward,2509.5,2518.1,70.0,76.5,681.0,1130.6,1365.4,356.7,121.9,78.5,274.0,6,16,0
2026-09-29-urgup,A-distance,A,distance,none,0.5,average,1.0,,0.5,average,1.0,1023,opt-aad24bc2-8,Optimize Rota 8,reverse,2509.5,2518.3,74.9,76.6,681.0,1208.8,1423.1,336.1,121.9,108.3,274.0,6,18,0
2026-09-29-urgup,D-noise-023,D,energy,dem,0.5,average,1.0,1023,0.5,average,1.0,1023,opt-6f8febc2-1,Optimize Rota 1,forward,8576.1,8598.9,211.2,230.4,2192.1,3435.8,4045.7,1141.9,532.0,60.3,1187.4,26,43,0
2026-09-29-urgup,D-noise-023,D,energy,dem,0.5,average,1.0,1023,0.5,average,1.0,1023,opt-6f8febc2-1,Optimize Rota 1,reverse,8576.1,8598.7,228.0,226.4,2192.1,3756.5,4353.8,1129.4,532.0,89.2,1187.4,26,39,0
2026-09-29-urgup,D-noise-023,D,energy,dem,0.5,average,1.0,1023,0.5,average,1.0,1023,opt-6f8febc2-2,Optimize Rota 2,forward,8999.5,9029.0,262.3,265.2,2322.5,4084.4,4802.5,1252.5,534.4,183.0,1050.4,23,47,0
2026-09-29-urgup,D-noise-023,D,energy,dem,0.5,average,1.0,1023,0.5,average,1.0,1023,opt-6f8febc2-2,Optimize Rota 2,reverse,8999.5,9028.3,266.5,257.9,2322.5,4269.2,5007.8,1273.0,534.3,174.7,1050.4,23,44,0
2026-09-29-urgup,D-noise-023,D,energy,dem,0.5,average,1.0,1023,0.5,average,1.0,1023,opt-6f8febc2-3,Optimize Rota 3,forward,10676.6,10712.0,301.7,317.9,2821.4,4805.6,5689.8,1503.8,619.6,267.3,959.0,21,74,0
2026-09-29-urgup,D-noise-023,D,energy,dem,0.5,average,1.0,1023,0.5,average,1.0,1023,opt-6f8febc2-3,Optimize Rota 3,reverse,10676.6,10712.1,307.7,308.4,2821.4,5029.2,5823.4,1413.7,619.6,365.8,959.0,21,73,0
2026-09-29-urgup,D-noise-023,D,energy,dem,0.5,average,1.0,1023,0.5,average,1.0,1023,opt-6f8febc2-4,Optimize Rota 4,forward,10309.4,10340.0,285.1,293.8,2965.6,4878.1,5690.7,1312.1,499.4,321.5,959.0,21,40,0
2026-09-29-urgup,D-noise-023,D,energy,dem,0.5,average,1.0,1023,0.5,average,1.0,1023,opt-6f8febc2-4,Optimize Rota 4,reverse,10309.4,10340.6,290.3,286.4,2965.6,4952.8,5638.5,1185.1,499.5,368.0,959.0,21,46,0
2026-09-29-urgup,D-noise-023,D,energy,dem,0.5,average,1.0,1023,0.5,average,1.0,1023,opt-6f8febc2-5,Optimize Rota 5,forward,12822.5,12859.0,339.7,351.0,3432.5,5635.0,6558.9,1675.1,751.3,204.3,913.4,20,72,0
2026-09-29-urgup,D-noise-023,D,energy,dem,0.5,average,1.0,1023,0.5,average,1.0,1023,opt-6f8febc2-5,Optimize Rota 5,reverse,12822.5,12859.6,350.0,345.4,3432.5,5836.4,6735.7,1650.7,751.3,204.1,913.4,20,75,0
2026-09-29-urgup,D-noise-023,D,energy,dem,0.5,average,1.0,1023,0.5,average,1.0,1023,opt-6f8febc2-6,Optimize Rota 6,forward,25768.9,25873.1,866.0,895.4,6834.0,12924.7,15766.4,4177.0,1335.2,1049.6,639.3,14,122,0
2026-09-29-urgup,D-noise-023,D,energy,dem,0.5,average,1.0,1023,0.5,average,1.0,1023,opt-6f8febc2-6,Optimize Rota 6,reverse,25768.9,25870.8,875.0,870.5,6834.0,13328.8,15874.4,3880.7,1335.1,1300.5,639.3,14,128,0
2026-09-29-urgup,D-noise-023,D,energy,dem,0.5,average,1.0,1023,0.5,average,1.0,1023,opt-6f8febc2-7,Optimize Rota 7,forward,3787.4,3803.4,123.4,134.9,1010.1,1800.8,2281.1,679.4,199.1,80.6,274.0,6,30,0
2026-09-29-urgup,D-noise-023,D,energy,dem,0.5,average,1.0,1023,0.5,average,1.0,1023,opt-6f8febc2-7,Optimize Rota 7,reverse,3787.4,3803.0,132.9,120.8,1010.1,2090.2,2429.3,538.2,199.1,190.6,274.0,6,32,0
2026-09-29-urgup,D-noise-023,D,energy,dem,0.5,average,1.0,1023,0.5,average,1.0,1023,opt-6f8febc2-8,Optimize Rota 8,forward,2537.3,2545.7,70.0,76.5,687.1,1130.0,1365.4,359.8,124.4,69.0,274.0,6,16,0
2026-09-29-urgup,D-noise-023,D,energy,dem,0.5,average,1.0,1023,0.5,average,1.0,1023,opt-6f8febc2-8,Optimize Rota 8,reverse,2537.3,2546.0,74.9,76.6,687.1,1215.0,1426.7,336.1,124.4,108.3,274.0,6,18,0
2026-09-29-urgup,D-noise-023,D,energy,dem,0.5,average,1.0,1023,0.5,average,1.0,,opt-6f8febc2-1,Optimize Rota 1,forward,8576.1,8585.9,143.6,145.8,2192.1,2978.8,3074.8,627.3,531.3,16.6,1187.4,26,22,0
2026-09-29-urgup,D-noise-023,D,energy,dem,0.5,average,1.0,1023,0.5,average,1.0,,opt-6f8febc2-1,Optimize Rota 1,reverse,8576.1,8585.8,145.1,144.5,2192.1,3011.9,3107.5,626.8,531.2,11.5,1187.4,26,19,0
2026-09-29-urgup,D-noise-023,D,energy,dem,0.5,average,1.0,1023,0.5,average,1.0,,opt-6f8febc2-2,Optimize Rota 2,forward,8999.5,9014.7,175.3,174.2,2322.5,3401.3,3656.8,789.0,533.5,49.0,1050.4,23,12,0
2026-09-29-urgup,D-noise-023,D,energy,dem,0.5,average,1.0,1023,0.5,average,1.0,,opt-6f8febc2-2,Optimize Rota 2,reverse,8999.5,9014.4,174.3,170.8,2322.5,3414.3,3664.2,783.4,533.5,36.3,1050.4,23,14,0
2026-09-29-urgup,D-noise-023,D,energy,dem,0.5,average,1.0,1023,0.5,average,1.0,,opt-6f8febc2-3,Optimize Rota 3,forward,10676.6,10697.4,226.1,216.1,2821.4,4363.9,4734.4,989.3,618.8,117.8,959.0,21,37,0
2026-09-29-urgup,D-noise-023,D,energy,dem,0.5,average,1.0,1023,0.5,average,1.0,,opt-6f8febc2-3,Optimize Rota 3,reverse,10676.6,10696.9,219.2,222.4,2821.4,4138.3,4523.6,1004.0,618.7,73.2,959.0,21,32,0
2026-09-29-urgup,D-noise-023,D,energy,dem,0.5,average,1.0,1023,0.5,average,1.0,,opt-6f8febc2-4,Optimize Rota 4,forward,10309.4,10325.4,209.0,208.8,2965.6,4222.8,4585.5,861.4,498.7,137.3,959.0,21,19,0
2026-09-29-urgup,D-noise-023,D,energy,dem,0.5,average,1.0,1023,0.5,average,1.0,,opt-6f8febc2-4,Optimize Rota 4,reverse,10309.4,10325.2,206.2,210.0,2965.6,4066.5,4381.4,813.6,498.7,104.0,959.0,21,17,0
2026-09-29-urgup,D-noise-023,D,energy,dem,0.5,average,1.0,1023,0.5,average,1.0,,opt-6f8febc2-5,Optimize Rota 5,forward,12822.5,12839.8,227.4,230.7,3432.5,4693.1,4942.0,999.1,750.2,31.3,913.4,20,32,0
2026-09-29-urgup,D-noise-023,D,energy,dem,0.5,average,1.0,1023,0.5,average,1.0,,opt-6f8febc2-5,Optimize Rota 5,reverse,12822.5,12839.9,232.9,229.1,3432.5,4831.7,5088.6,1007.1,750.2,52.5,913.4,20,28,0
2026-09-29-urgup,D-noise-023,D,energy,dem,0.5,average,1.0,1023,0.5,average,1.0,,opt-6f8febc2-6,Optimize Rota 6,forward,25768.9,25844.3,738.5,748.5,6834.0,11638.7,13756.7,3451.6,1333.7,483.3,639.3,14,69,0
2026-09-29-urgup,D-noise-023,D,energy,dem,0.5,average,1.0,1023,0.5,average,1.0,,opt-6f8febc2-6,Optimize Rota 6,reverse,25768.9,25843.2,739.7,735.3,6834.0,12100.5,14062.1,3295.2,1333.6,880.3,639.3,14,80,0
2026-09-29-urgup,D-noise-023,D,energy,dem,0.5,average,1.0,1023,0.5,average,1.0,,opt-6f8febc2-7,Optimize Rota 7,forward,3787.4,3798.0,99.2,100.0,1010.1,1653.4,1936.5,482.0,198.8,35.5,274.0,6,18,0
2026-09-29-urgup,D-noise-023,D,energy,dem,0.5,average,1.0,1023,0.5,average,1.0,,opt-6f8febc2-7,Optimize Rota 7,reverse,3787.4,3798.1,102.0,96.2,1010.1,1764.7,1987.2,421.3,198.8,115.8,274.0,6,18,0
2026-09-29-urgup,D-noise-023,D,energy,dem,0.5,average,1.0,1023,0.5,average,1.0,,opt-6f8febc2-8,Optimize Rota 8,forward,2537.3,2539.4,35.5,33.9,687.1,870.6,864.0,117.5,124.1,8.5,274.0,6,8,0
2026-09-29-urgup,D-noise-023,D,energy,dem,0.5,average,1.0,1023,0.5,average,1.0,,opt-6f8febc2-8,Optimize Rota 8,reverse,2537.3,2539.5,35.0,35.9,687.1,853.4,863.0,133.7,124.1,7.5,274.0,6,8,0
2026-09-29-urgup,A-distance,A,distance,none,0.5,average,1.0,,0.5,average,1.0,1024,opt-aad24bc2-1,Optimize Rota 1,forward,8379.2,8408.7,254.4,261.9,2139.3,3885.1,4650.1,1287.9,522.9,187.9,1187.4,26,46,0
2026-09-29-urgup,A-distance,A,distance,none,0.5,average,1.0,,0.5,average,1.0,1024,opt-aad24bc2-1,Optimize Rota 1,reverse,8379.2,8408.8,257.1,261.0,2139.3,3940.5,4760.0,1342.4,522.9,129.2,1187.4,26,45,0
2026-09-29-urgup,A-distance,A,distance,none,0.5,average,1.0,,0.5,average,1.0,1024,opt-aad24bc2-2,Optimize Rota 2,forward,8718.6,8750.5,275.6,277.2,2262.9,4141.9,4979.9,1342.9,504.9,167.3,1050.4,23,33,0
2026-09-29-urgup,A-distance,A,distance,none,0.5,average,1.0,,0.5,average,1.0,1024,opt-aad24bc2-2,Optimize Rota 2,reverse,8718.6,8750.5,281.7,268.3,2262.9,4384.2,5202.4,1323.1,504.9,209.3,1050.4,23,34,0
2026-09-29-urgup,A-distance,A,distance,none,0.5,average,1.0,,0.5,average,1.0,1024,opt-aad24bc2-3,Optimize Rota 3,forward,10547.6,10587.2,338.4,328.5,2782.8,5273.5,6271.4,1613.9,616.0,252.2,959.0,21,63,0
2026-09-29-urgup,A-distance,A,distance,none,0.5,average,1.0,,0.5,average,1.0,1024,opt-aad24bc2-3,Optimize Rota 3,reverse,10547.6,10586.6,334.9,329.9,2782.8,5182.5,6166.8,1600.2,616.0,251.6,959.0,21,63,0
2026-09-29-urgup,A-distance,A,distance,none,0.5,average,1.0,,0.5,average,1.0,1024,opt-aad24bc2-4,Optimize Rota 4,forward,9995.9,10031.6,315.6,311.9,2910.3,5223.5,6157.1,1403.0,469.5,412.0,959.0,21,41,0
2026-09-29-urgup,A-distance,A,distance,none,0.5,average,1.0,,0.5,average,1.0,1024,opt-aad24bc2-4,Optimize Rota 4,reverse,9995.9,10031.5,307.2,315.6,2910.3,4998.4,5805.1,1276.2,469.5,512.5,959.0,21,39,0
2026-09-29-urgup,A-distance,A,distance,none,0.5,average,1.0,,0.5,average,1.0,1024,opt-aad24bc2-5,Optimize Rota 5,forward,12446.3,12489.9,383.7,376.3,3336.3,6073.5,7169.4,1824.0,728.1,266.1,913.4,20,74,0
2026-09-29-urgup,A-distance,A,distance,none,0.5,average,1.0,,0.5,average,1.0,1024,opt-aad24bc2-5,Optimize Rota 5,reverse,12446.3,12489.6,380.6,376.8,3336.3,6040.5,7157.2,1844.8,728.1,260.3,913.4,20,67,0
2026-09-29-urgup,A-distance,A,distance,none,0.5,average,1.0,,0.5,average,1.0,1024,opt-aad24bc2-6,Optimize Rota 6,forward,25638.0,25747.3,922.5,885.5,6801.4,14055.7,16691.9,3961.8,1325.6,1459.3,639.3,14,146,0
2026-09-29-urgup,A-distance,A,distance,none,0.5,average,1.0,,0.5,average,1.0,1024,opt-aad24bc2-6,Optimize Rota 6,reverse,25638.0,25749.8,899.3,924.2,6801.4,13210.0,16213.6,4329.3,1325.7,1099.0,639.3,14,135,0
2026-09-29-urgup,A-distance,A,distance,none,0.5,average,1.0,,0.5,average,1.0,1024,opt-aad24bc2-7,Optimize Rota 7,forward,3602.8,3617.5,122.6,119.2,948.5,1852.6,2228.9,575.4,199.1,105.6,274.0,6,26,0
2026-09-29-urgup,A-distance,A,distance,none,0.5,average,1.0,,0.5,average,1.0,1024,opt-aad24bc2-7,Optimize Rota 7,reverse,3602.8,3617.2,117.6,118.3,948.5,1774.2,2146.5,571.4,199.1,94.1,274.0,6,30,0
2026-09-29-urgup,A-distance,A,distance,none,0.5,average,1.0,,0.5,average,1.0,1024,opt-aad24bc2-8,Optimize Rota 8,forward,2509.5,2514.8,61.8,59.0,681.0,1087.2,1220.7,255.2,121.7,34.8,274.0,6,11,0
2026-09-29-urgup,A-distance,A,distance,none,0.5,average,1.0,,0.5,average,1.0,1024,opt-aad24bc2-8,Optimize Rota 8,reverse,2509.5,2514.5,57.9,57.4,681.0,1046.6,1183.3,258.5,121.7,25.6,274.0,6,13,0
2026-09-29-urgup,D-noise-024,D,energy,dem,0.5,average,1.0,1024,0.5,average,1.0,1024,opt-4d2b9f89-1,Optimize Rota 1,forward,8743.8,8768.7,227.5,241.7,2253.9,3699.4,4315.7,1138.3,522.0,177.4,1187.4,26,41,0
2026-09-29-urgup,D-noise-024,D,energy,dem,0.5,average,1.0,1024,0.5,average,1.0,1024,opt-4d2b9f89-1,Optimize Rota 1,reverse,8743.8,8768.9,235.6,237.7,2253.9,3874.9,4529.6,1176.7,522.0,133.5,1187.4,26,41,0
2026-09-29-urgup,D-noise-024,D,energy,dem,0.5,average,1.0,1024,0.5,average,1.0,1024,opt-4d2b9f89-2,Optimize Rota 2,forward,9001.7,9030.6,256.3,268.4,2338.4,3985.9,4747.1,1279.9,518.8,169.4,1050.4,23,32,0
2026-09-29-urgup,D-noise-024,D,energy,dem,0.5,average,1.0,1024,0.5,average,1.0,1024,opt-4d2b9f89-2,Optimize Rota 2,reverse,9001.7,9031.0,268.9,256.8,2338.4,4352.7,5061.3,1227.5,518.8,239.5,1050.4,23,32,0
2026-09-29-urgup,D-noise-024,D,energy,dem,0.5,average,1.0,1024,0.5,average,1.0,1024,opt-4d2b9f89-3,Optimize Rota 3,forward,10975.8,11009.6,300.5,311.5,2893.7,4915.1,5780.1,1505.6,640.7,231.0,959.0,21,56,0
2026-09-29-urgup,D-noise-024,D,energy,dem,0.5,average,1.0,1024,0.5,average,1.0,1024,opt-4d2b9f89-3,Optimize Rota 3,reverse,10975.8,11009.3,309.5,306.1,2893.7,5062.8,5870.8,1448.6,640.7,239.0,959.0,21,54,0
2026-09-29-urgup,D-noise-024,D,energy,dem,0.5,average,1.0,1024,0.5,average,1.0,1024,opt-4d2b9f89-4,Optimize Rota 4,forward,10050.9,10084.9,305.1,303.5,2924.8,5124.7,5994.0,1342.3,473.0,406.8,959.0,21,39,0
2026-09-29-urgup,D-noise-024,D,energy,dem,0.5,average,1.0,1024,0.5,average,1.0,1024,opt-4d2b9f89-4,Optimize Rota 4,reverse,10050.9,10084.5,298.3,305.3,2924.8,4956.1,5704.2,1221.1,473.0,504.6,959.0,21,37,0
2026-09-29-urgup,D-noise-024,D,energy,dem,0.5,average,1.0,1024,0.5,average,1.0,1024,opt-4d2b9f89-5,Optimize Rota 5,forward,12953.3,12991.9,355.0,361.3,3500.6,5820.6,6804.6,1708.8,724.8,204.9,913.4,20,81,0
2026-09-29-urgup,D-noise-024,D,energy,dem,0.5,average,1.0,1024,0.5,average,1.0,1024,opt-4d2b9f89-5,Optimize Rota 5,reverse,12953.3,12991.6,354.2,351.5,3500.6,5985.8,6921.7,1660.7,724.8,287.7,913.4,20,73,0
2026-09-29-urgup,D-noise-024,D,energy,dem,0.5,average,1.0,1024,0.5,average,1.0,1024,opt-4d2b9f89-6,Optimize Rota 6,forward,26322.0,26429.2,860.2,917.1,6981.5,12854.0,15750.7,4258.4,1361.6,1119.9,639.3,14,138,0
2026-09-29-urgup,D-noise-024,D,energy,dem,0.5,average,1.0,1024,0.5,average,1.0,1024,opt-4d2b9f89-6,Optimize Rota 6,reverse,26322.0,26426.8,909.0,861.0,6981.5,14172.5,16628.0,3817.0,1361.5,1423.4,639.3,14,143,0
2026-09-29-urgup,D-noise-024,D,energy,dem,0.5,average,1.0,1024,0.5,average,1.0,1024,opt-4d2b9f89-7,Optimize Rota 7,forward,3616.8,3631.7,120.7,121.7,950.1,1803.4,2189.2,588.3,202.5,103.2,274.0,6,30,0
2026-09-29-urgup,D-noise-024,D,energy,dem,0.5,average,1.0,1024,0.5,average,1.0,1024,opt-4d2b9f89-7,Optimize Rota 7,reverse,3616.8,3631.5,121.6,114.2,950.1,1883.6,2232.0,550.9,202.5,108.1,274.0,6,33,0
2026-09-29-urgup,D-noise-024,D,energy,dem,0.5,average,1.0,1024,0.5,average,1.0,1024,opt-4d2b9f89-8,Optimize Rota 8,forward,2592.4,2598.1,61.9,65.1,695.7,1063.0,1225.1,294.5,132.3,33.4,274.0,6,13,0
2026-09-29-urgup,D-noise-024,D,energy,dem,0.5,average,1.0,1024,0.5,average,1.0,1024,opt-4d2b9f89-8,Optimize Rota 8,reverse,2592.4,2598.0,60.9,62.2,695.7,1079.7,1231.2,283.8,132.3,36.4,274.0,6,16,0
2026-09-29-urgup,D-noise-024,D,energy,dem,0.5,average,1.0,1024,0.5,average,1.0,,opt-4d2b9f89-1,Optimize Rota 1,forward,8743.8,8752.8,138.8,141.1,2253.9,2977.5,3044.0,587.6,521.0,7.9,1187.4,26,17,0
2026-09-29-urgup,D-noise-024,D,energy,dem,0.5,average,1.0,1024,0.5,average,1.0,,opt-4d2b9f89-1,Optimize Rota 1,reverse,8743.8,8752.9,139.8,140.0,2253.9,3013.3,3078.0,585.7,521.0,13.1,1187.4,26,19,0
2026-09-29-urgup,D-noise-024,D,energy,dem,0.5,average,1.0,1024,0.5,average,1.0,,opt-4d2b9f89-2,Optimize Rota 2,forward,9001.7,9017.5,185.2,184.3,2338.4,3479.5,3794.5,833.0,518.0,57.2,1050.4,23,13,0
2026-09-29-urgup,D-noise-024,D,energy,dem,0.5,average,1.0,1024,0.5,average,1.0,,opt-4d2b9f89-2,Optimize Rota 2,reverse,9001.7,9017.3,184.5,181.8,2338.4,3470.0,3781.6,829.6,518.0,30.8,1050.4,23,14,0
2026-09-29-urgup,D-noise-024,D,energy,dem,0.5,average,1.0,1024,0.5,average,1.0,,opt-4d2b9f89-3,Optimize Rota 3,forward,10975.8,10997.8,239.0,228.5,2893.7,4517.9,4922.0,1044.1,640.0,122.5,959.0,21,38,0
2026-09-29-urgup,D-noise-024,D,energy,dem,0.5,average,1.0,1024,0.5,average,1.0,,opt-4d2b9f89-3,Optimize Rota 3,reverse,10975.8,10997.1,230.3,236.0,2893.7,4276.9,4714.0,1077.1,640.0,82.5,959.0,21,33,0
2026-09-29-urgup,D-noise-024,D,energy,dem,0.5,average,1.0,1024,0.5,average,1.0,,opt-4d2b9f89-4,Optimize Rota 4,forward,10050.9,10065.4,197.2,195.7,2924.8,4099.2,4409.9,782.8,472.1,136.1,959.0,21,16,0
2026-09-29-urgup,D-noise-024,D,energy,dem,0.5,average,1.0,1024,0.5,average,1.0,,opt-4d2b9f89-4,Optimize Rota 4,reverse,10050.9,10065.3,193.5,197.2,2924.8,3922.1,4185.3,735.3,472.0,100.0,959.0,21,13,0
2026-09-29-urgup,D-noise-024,D,energy,dem,0.5,average,1.0,1024,0.5,average,1.0,,opt-4d2b9f89-5,Optimize Rota 5,forward,12953.3,12970.9,234.5,232.2,3500.6,4842.0,5110.1,991.7,723.6,38.0,913.4,20,35,0
2026-09-29-urgup,D-noise-024,D,energy,dem,0.5,average,1.0,1024,0.5,average,1.0,,opt-4d2b9f89-5,Optimize Rota 5,reverse,12953.3,12970.4,234.5,234.0,3500.6,4865.9,5169.5,1027.2,723.6,42.8,913.4,20,31,0
2026-09-29-urgup,D-noise-024,D,energy,dem,0.5,average,1.0,1024,0.5,average,1.0,,opt-4d2b9f89-6,Optimize Rota 6,forward,26322.0,26397.4,734.8,752.7,6981.5,11654.8,13732.9,3438.1,1360.0,483.7,639.3,14,76,0
2026-09-29-urgup,D-noise-024,D,energy,dem,0.5,average,1.0,1024,0.5,average,1.0,,opt-4d2b9f89-6,Optimize Rota 6,reverse,26322.0,26397.7,749.2,736.7,6981.5,12399.2,14344.3,3305.1,1360.0,896.8,639.3,14,83,0
2026-09-29-urgup,D-noise-024,D,energy,dem,0.5,average,1.0,1024,0.5,average,1.0,,opt-4d2b9f89-7,Optimize Rota 7,forward,3616.8,3628.0,104.3,99.9,950.1,1666.5,1942.3,478.1,202.3,36.4,274.0,6,16,0
2026-09-29-urgup,D-noise-024,D,energy,dem,0.5,average,1.0,1024,0.5,average,1.0,,opt-4d2b9f89-7,Optimize Rota 7,reverse,3616.8,3628.1,104.1,98.0,950.1,1714.1,1998.5,486.7,202.3,47.5,274.0,6,20,0
2026-09-29-urgup,D-noise-024,D,energy,dem,0.5,average,1.0,1024,0.5,average,1.0,,opt-4d2b9f89-8,Optimize Rota 8,forward,2592.4,2594.8,38.0,36.8,695.7,902.2,909.3,139.2,132.1,10.0,274.0,6,11,0
2026-09-29-urgup,D-noise-024,D,energy,dem,0.5,average,1.0,1024,0.5,average,1.0,,opt-4d2b9f89-8,Optimize Rota 8,reverse,2592.4,2595.0,37.4,38.7,695.7,875.9,893.2,149.4,132.1,7.8,274.0,6,12,0
2026-09-29-urgup,A-distance,A,distance,none,0.5,average,1.0,,0.5,average,1.0,1025,opt-aad24bc2-1,Optimize Rota 1,forward,8379.2,8410.9,273.2,279.2,2139.3,4028.0,4908.8,1403.8,523.0,163.6,1187.4,26,52,0
2026-09-29-urgup,A-distance,A,distance,none,0.5,average,1.0,,0.5,average,1.0,1025,opt-aad24bc2-1,Optimize Rota 1,reverse,8379.2,8412.3,279.6,276.9,2139.3,4144.3,5011.3,1390.0,523.1,169.1,1187.4,26,50,0
2026-09-29-urgup,A-distance,A,distance,none,0.5,average,1.0,,0.5,average,1.0,1025,opt-aad24bc2-2,Optimize Rota 2,forward,8718.6,8751.9,274.3,287.4,2262.9,4102.9,4984.9,1387.0,505.0,230.8,1050.4,23,43,0
2026-09-29-urgup,A-distance,A,distance,none,0.5,average,1.0,,0.5,average,1.0,1025,opt-aad24bc2-2,Optimize Rota 2,reverse,8718.6,8751.5,281.1,271.9,2262.9,4357.1,5206.8,1354.7,505.0,204.1,1050.4,23,50,0
2026-09-29-urgup,A-distance,A,distance,none,0.5,average,1.0,,0.5,average,1.0,1025,opt-aad24bc2-3,Optimize Rota 3,forward,10547.6,10598.6,389.6,373.4,2782.8,5809.3,7030.6,1838.0,616.7,390.4,959.0,21,93,0
2026-09-29-urgup,A-distance,A,distance,none,0.5,average,1.0,,0.5,average,1.0,1025,opt-aad24bc2-3,Optimize Rota 3,reverse,10547.6,10597.1,375.0,388.1,2782.8,5466.2,6736.0,1886.4,616.6,413.3,959.0,21,97,0
2026-09-29-urgup,A-distance,A,distance,none,0.5,average,1.0,,0.5,average,1.0,1025,opt-aad24bc2-4,Optimize Rota 4,forward,9995.9,10029.6,312.2,297.9,2910.3,5254.5,6109.8,1324.6,469.3,390.8,959.0,21,41,0
2026-09-29-urgup,A-distance,A,distance,none,0.5,average,1.0,,0.5,average,1.0,1025,opt-aad24bc2-4,Optimize Rota 4,reverse,9995.9,10030.0,292.9,320.8,2910.3,4736.3,5576.0,1308.9,469.3,495.8,959.0,21,47,0
2026-09-29-urgup,A-distance,A,distance,none,0.5,average,1.0,,0.5,average,1.0,1025,opt-aad24bc2-5,Optimize Rota 5,forward,12446.3,12488.4,379.1,373.6,3336.3,6050.0,7136.5,1814.6,728.0,280.7,913.4,20,65,0
2026-09-29-urgup,A-distance,A,distance,none,0.5,average,1.0,,0.5,average,1.0,1025,opt-aad24bc2-5,Optimize Rota 5,reverse,12446.3,12489.0,376.8,379.9,3336.3,5885.6,6999.3,1841.8,728.1,216.2,913.4,20,57,0
2026-09-29-urgup,A-distance,A,distance,none,0.5,average,1.0,,0.5,average,1.0,1025,opt-aad24bc2-6,Optimize Rota 6,forward,25638.0,25745.8,905.9,883.9,6801.4,13788.9,16464.9,4001.5,1325.5,1372.9,639.3,14,137,0
2026-09-29-urgup,A-distance,A,distance,none,0.5,average,1.0,,0.5,average,1.0,1025,opt-aad24bc2-6,Optimize Rota 6,reverse,25638.0,25746.9,873.2,919.1,6801.4,12856.6,15755.1,4224.1,1325.5,1177.0,639.3,14,129,0
2026-09-29-urgup,A-distance,A,distance,none,0.5,average,1.0,,0.5,average,1.0,1025,opt-aad24bc2-7,Optimize Rota 7,forward,3602.8,3619.7,132.1,131.4,948.5,1940.5,2370.7,629.5,199.2,156.3,274.0,6,27,0
2026-09-29-urgup,A-distance,A,distance,none,0.5,average,1.0,,0.5,average,1.0,1025,opt-aad24bc2-7,Optimize Rota 7,reverse,3602.8,3619.2,131.5,130.1,948.5,1946.1,2369.4,622.4,199.2,161.1,274.0,6,30,0
2026-09-29-urgup,A-distance,A,distance,none,0.5,average,1.0,,0.5,average,1.0,1025,opt-aad24bc2-8,Optimize Rota 8,forward,2509.5,2518.1,76.1,72.2,681.0,1278.0,1472.1,316.0,121.9,121.5,274.0,6,15,0
2026-09-29-urgup,A-distance,A,distance,none,0.5,average,1.0,,0.5,average,1.0,1025,opt-aad24bc2-8,Optimize Rota 8,reverse,2509.5,2517.0,64.1,76.6,681.0,1019.6,1234.4,336.6,121.8,81.6,274.0,6,17,0
2026-09-29-urgup,D-noise-025,D,energy,dem,0.5,average,1.0,1025,0.5,average,1.0,1025,opt-803288bf-1,Optimize Rota 1,forward,9151.2,9180.2,247.1,274.5,2341.6,3837.0,4640.3,1371.1,567.9,130.4,1187.4,26,49,0
2026-09-29-urgup,D-noise-025,D,energy,dem,0.5,average,1.0,1025,0.5,average,1.0,1025,opt-803288bf-1,Optimize Rota 1,reverse,9151.2,9181.6,270.1,260.3,2341.6,4312.0,5032.6,1288.6,568.0,162.3,1187.4,26,45,0
2026-09-29-urgup,D-noise-025,D,energy,dem,0.5,average,1.0,1025,0.5,average,1.0,1025,opt-803288bf-2,Optimize Rota 2,forward,8997.7,9029.8,264.6,286.5,2340.3,4018.9,4889.5,1387.3,516.7,201.6,1050.4,23,42,0
2026-09-29-urgup,D-noise-025,D,energy,dem,0.5,average,1.0,1025,0.5,average,1.0,1025,opt-803288bf-2,Optimize Rota 2,reverse,8997.7,9029.1,277.0,264.2,2340.3,4400.9,5198.0,1313.8,516.7,173.6,1050.4,23,44,0
2026-09-29-urgup,D-noise-025,D,energy,dem,0.5,average,1.0,1025,0.5,average,1.0,1025,opt-803288bf-3,Optimize Rota 3,forward,11445.5,11486.2,327.6,352.6,3035.4,5159.3,6187.3,1683.5,655.5,301.6,959.0,21,77,0
2026-09-29-urgup,D-noise-025,D,energy,dem,0.5,average,1.0,1025,0.5,average,1.0,1025,opt-803288bf-3,Optimize Rota 3,reverse,11445.5,11485.6,344.0,333.7,3035.4,5593.1,6491.8,1554.2,655.4,374.2,959.0,21,79,0
2026-09-29-urgup,D-noise-025,D,energy,dem,0.5,average,1.0,1025,0.5,average,1.0,1025,opt-803288bf-4,Optimize Rota 4,forward,10082.3,10115.6,305.2,297.5,2932.3,5162.2,6010.9,1324.5,475.8,376.2,959.0,21,41,0
2026-09-29-urgup,D-noise-025,D,energy,dem,0.5,average,1.0,1025,0.5,average,1.0,1025,opt-803288bf-4,Optimize Rota 4,reverse,10082.3,10115.6,290.7,315.5,2932.3,4762.5,5563.4,1276.7,475.8,496.9,959.0,21,46,0
2026-09-29-urgup,D-noise-025,D,energy,dem,0.5,average,1.0,1025,0.5,average,1.0,1025,opt-803288bf-5,Optimize Rota 5,forward,13534.1,13572.3,345.0,382.1,3618.6,5666.6,6744.6,1870.9,792.9,180.7,913.4,20,62,0
2026-09-29-urgup,D-noise-025,D,energy,dem,0.5,average,1.0,1025,0.5,average,1.0,1025,opt-803288bf-5,Optimize Rota 5,reverse,13534.1,13574.9,384.9,356.5,3618.6,6468.7,7350.5,1674.9,793.1,261.8,913.4,20,60,0
2026-09-29-urgup,D-noise-025,D,energy,dem,0.5,average,1.0,1025,0.5,average,1.0,1025,opt-803288bf-6,Optimize Rota 6,forward,26176.3,26281.3,842.6,911.1,6953.4,12552.9,15395.4,4188.6,1346.2,1107.1,639.3,14,126,0
2026-09-29-urgup,D-noise-025,D,energy,dem,0.5,average,1.0,1025,0.5,average,1.0,1025,opt-803288bf-6,Optimize Rota 6,reverse,26176.3,26280.8,897.3,860.8,6953.4,13965.5,16444.6,3825.3,1346.2,1405.8,639.3,14,126,0
2026-09-29-urgup,D-noise-025,D,energy,dem,0.5,average,1.0,1025,0.5,average,1.0,1025,opt-803288bf-7,Optimize Rota 7,forward,3693.8,3710.4,127.3,133.5,972.1,1872.7,2307.1,640.3,205.9,153.0,274.0,6,26,0
2026-09-29-urgup,D-noise-025,D,energy,dem,0.5,average,1.0,1025,0.5,average,1.0,1025,opt-803288bf-7,Optimize Rota 7,reverse,3693.8,3710.1,130.3,128.8,972.1,1958.4,2372.2,619.7,205.8,152.9,274.0,6,29,0
2026-09-29-urgup,D-noise-025,D,energy,dem,0.5,average,1.0,1025,0.5,average,1.0,1025,opt-803288bf-8,Optimize Rota 8,forward,2552.3,2561.3,74.3,72.8,687.5,1242.7,1438.3,321.8,126.2,108.6,274.0,6,17,0
2026-09-29-urgup,D-noise-025,D,energy,dem,0.5,average,1.0,1025,0.5,average,1.0,1025,opt-803288bf-8,Optimize Rota 8,reverse,2552.3,2560.5,67.8,77.2,687.5,1109.3,1322.3,339.2,126.2,111.2,274.0,6,18,0
2026-09-29-urgup,D-noise-025,D,energy,dem,0.5,average,1.0,1025,0.5,average,1.0,,opt-803288bf-1,Optimize Rota 1,forward,9151.2,9162.5,155.2,156.8,2341.6,3245.3,3391.8,713.3,566.8,15.8,1187.4,26,18,0
2026-09-29-urgup,D-noise-025,D,energy,dem,0.5,average,1.0,1025,0.5,average,1.0,,opt-803288bf-1,Optimize Rota 1,reverse,9151.2,9162.6,157.3,157.2,2341.6,3244.2,3350.9,673.6,566.8,36.9,1187.4,26,20,0
2026-09-29-urgup,D-noise-025,D,energy,dem,0.5,average,1.0,1025,0.5,average,1.0,,opt-803288bf-2,Optimize Rota 2,forward,8997.7,9013.1,182.4,182.9,2340.3,3436.7,3739.6,818.6,515.7,51.7,1050.4,23,10,0
2026-09-29-urgup,D-noise-025,D,energy,dem,0.5,average,1.0,1025,0.5,average,1.0,,opt-803288bf-2,Optimize Rota 2,reverse,8997.7,9012.8,182.9,179.2,2340.3,3486.9,3801.7,830.5,515.7,29.8,1050.4,23,13,0
2026-09-29-urgup,D-noise-025,D,energy,dem,0.5,average,1.0,1025,0.5,average,1.0,,opt-803288bf-3,Optimize Rota 3,forward,11445.5,11467.4,240.9,238.5,3035.4,4557.8,4966.4,1063.0,654.4,116.2,959.0,21,37,0
2026-09-29-urgup,D-noise-025,D,energy,dem,0.5,average,1.0,1025,0.5,average,1.0,,opt-803288bf-3,Optimize Rota 3,reverse,11445.5,11466.8,239.3,241.0,3035.4,4516.9,4984.6,1122.2,654.4,67.1,959.0,21,35,0
2026-09-29-urgup,D-noise-025,D,energy,dem,0.5,average,1.0,1025,0.5,average,1.0,,opt-803288bf-4,Optimize Rota 4,forward,10082.3,10096.9,198.1,196.9,2932.3,4114.1,4430.0,790.9,475.0,135.8,959.0,21,15,0
2026-09-29-urgup,D-noise-025,D,energy,dem,0.5,average,1.0,1025,0.5,average,1.0,,opt-803288bf-4,Optimize Rota 4,reverse,10082.3,10096.8,194.5,198.3,2932.3,3933.8,4197.6,738.7,475.0,100.0,959.0,21,14,0
2026-09-29-urgup,D-noise-025,D,energy,dem,0.5,average,1.0,1025,0.5,average,1.0,,opt-803288bf-5,Optimize Rota 5,forward,13534.1,13552.8,238.8,244.9,3618.6,4945.0,5237.3,1084.1,791.8,29.7,913.4,20,34,0
2026-09-29-urgup,D-noise-025,D,energy,dem,0.5,average,1.0,1025,0.5,average,1.0,,opt-803288bf-5,Optimize Rota 5,reverse,13534.1,13552.9,247.1,243.7,3618.6,5120.7,5406.5,1077.6,791.8,69.1,913.4,20,33,0
2026-09-29-urgup,D-noise-025,D,energy,dem,0.5,average,1.0,1025,0.5,average,1.0,,opt-803288bf-6,Optimize Rota 6,forward,26176.3,26252.9,743.8,759.0,6953.4,11725.4,13867.8,3487.1,1344.7,481.8,639.3,14,74,0
2026-09-29-urgup,D-noise-025,D,energy,dem,0.5,average,1.0,1025,0.5,average,1.0,,opt-803288bf-6,Optimize Rota 6,reverse,26176.3,26252.0,754.3,746.0,6953.4,12370.6,14370.4,3344.5,1344.7,905.7,639.3,14,74,0
2026-09-29-urgup,D-noise-025,D,energy,dem,0.5,average,1.0,1025,0.5,average,1.0,,opt-803288bf-7,Optimize Rota 7,forward,3693.8,3704.7,101.5,100.1,972.1,1650.0,1927.4,482.9,205.6,35.5,274.0,6,16,0
2026-09-29-urgup,D-noise-025,D,energy,dem,0.5,average,1.0,1025,0.5,average,1.0,,opt-803288bf-7,Optimize Rota 7,reverse,3693.8,3704.6,102.0,98.8,972.1,1681.1,1963.1,487.5,205.6,34.8,274.0,6,17,0
2026-09-29-urgup,D-noise-025,D,energy,dem,0.5,average,1.0,1025,0.5,average,1.0,,opt-803288bf-8,Optimize Rota 8,forward,2552.3,2555.2,40.7,39.7,687.5,911.1,939.2,154.0,125.9,10.3,274.0,6,8,0
2026-09-29-urgup,D-noise-025,D,energy,dem,0.5,average,1.0,1025,0.5,average,1.0,,opt-803288bf-8,Optimize Rota 8,reverse,2552.3,2555.2,40.7,41.3,687.5,900.4,938.1,163.6,125.9,11.4,274.0,6,7,0
2026-09-29-urgup,A-distance,A,distance,none,0.5,average,1.0,,0.5,average,1.0,1026,opt-aad24bc2-1,Optimize Rota 1,forward,8379.2,8405.7,246.0,248.0,2139.3,3829.3,4536.1,1229.4,522.7,133.8,1187.4,26,43,0
2026-09-29-urgup,A-distance,A,distance,none,0.5,average,1.0,,0.5,average,1.0,1026,opt-aad24bc2-1,Optimize Rota 1,reverse,8379.2,8406.4,246.6,253.1,2139.3,3777.8,4525.1,1270.0,522.7,99.7,1187.4,26,44,0
2026-09-29-urgup,A-distance,A,distance,none,0.5,average,1.0,,0.5,average,1.0,1026,opt-aad24bc2-2,Optimize Rota 2,forward,8718.6,8749.7,273.7,274.2,2262.9,4168.0,4985.2,1322.0,504.8,198.3,1050.4,23,34,0
2026-09-29-urgup,A-distance,A,distance,none,0.5,average,1.0,,0.5,average,1.0,1026,opt-aad24bc2-2,Optimize Rota 2,reverse,8718.6,8749.6,270.2,268.4,2262.9,4194.8,5003.7,1313.7,504.8,201.9,1050.4,23,41,0
2026-09-29-urgup,A-distance,A,distance,none,0.5,average,1.0,,0.5,average,1.0,1026,opt-aad24bc2-3,Optimize Rota 3,forward,10547.6,10584.1,326.9,304.3,2782.8,5287.5,6150.0,1478.3,615.8,253.9,959.0,21,65,0
2026-09-29-urgup,A-distance,A,distance,none,0.5,average,1.0,,0.5,average,1.0,1026,opt-aad24bc2-3,Optimize Rota 3,reverse,10547.6,10583.2,314.1,316.4,2782.8,4910.7,5818.2,1523.3,615.8,192.3,959.0,21,62,0
2026-09-29-urgup,A-distance,A,distance,none,0.5,average,1.0,,0.5,average,1.0,1026,opt-aad24bc2-4,Optimize Rota 4,forward,9995.9,10034.4,328.4,324.4,2910.3,5321.2,6315.2,1463.6,469.6,427.1,959.0,21,62,0
2026-09-29-urgup,A-distance,A,distance,none,0.5,average,1.0,,0.5,average,1.0,1026,opt-aad24bc2-4,Optimize Rota 4,reverse,9995.9,10034.4,326.0,326.0,2910.3,5272.2,6152.2,1349.6,469.6,561.8,959.0,21,53,0
2026-09-29-urgup,A-distance,A,distance,none,0.5,average,1.0,,0.5,average,1.0,1026,opt-aad24bc2-5,Optimize Rota 5,forward,12446.3,12486.8,376.1,372.0,3336.3,5940.2,7000.6,1788.3,727.9,231.0,913.4,20,65,0
2026-09-29-urgup,A-distance,A,distance,none,0.5,average,1.0,,0.5,average,1.0,1026,opt-aad24bc2-5,Optimize Rota 5,reverse,12446.3,12489.2,390.0,381.3,3336.3,6088.0,7208.2,1848.3,728.1,235.1,913.4,20,61,0
2026-09-29-urgup,A-distance,A,distance,none,0.5,average,1.0,,0.5,average,1.0,1026,opt-aad24bc2-6,Optimize Rota 6,forward,25638.0,25747.7,908.2,918.3,6801.4,13520.3,16338.2,4143.4,1325.5,1390.7,639.3,14,134,0
2026-09-29-urgup,A-distance,A,distance,none,0.5,average,1.0,,0.5,average,1.0,1026,opt-aad24bc2-6,Optimize Rota 6,reverse,25638.0,25746.9,905.6,914.4,6801.4,13441.0,16375.2,4259.7,1325.5,1173.2,639.3,14,129,0
2026-09-29-urgup,A-distance,A,distance,none,0.5,average,1.0,,0.5,average,1.0,1026,opt-aad24bc2-7,Optimize Rota 7,forward,3602.8,3621.1,136.5,130.5,948.5,1996.4,2415.5,618.4,199.3,150.0,274.0,6,35,0
2026-09-29-urgup,A-distance,A,distance,none,0.5,average,1.0,,0.5,average,1.0,1026,opt-aad24bc2-7,Optimize Rota 7,reverse,3602.8,3621.4,130.0,137.5,948.5,1904.4,2347.9,642.8,199.3,215.6,274.0,6,42,0
2026-09-29-urgup,A-distance,A,distance,none,0.5,average,1.0,,0.5,average,1.0,1026,opt-aad24bc2-8,Optimize Rota 8,forward,2509.5,2518.4,80.9,75.1,681.0,1295.2,1499.1,325.8,121.9,99.4,274.0,6,16,0
2026-09-29-urgup,A-distance,A,distance,none,0.5,average,1.0,,0.5,average,1.0,1026,opt-aad24bc2-8,Optimize Rota 8,reverse,2509.5,2518.8,75.9,79.4,681.0,1220.5,1442.9,344.4,121.9,134.2,274.0,6,21,0
2026-09-29-urgup,D-noise-026,D,energy,dem,0.5,average,1.0,1026,0.5,average,1.0,1026,opt-9dae13b9-1,Optimize Rota 1,forward,8492.6,8516.4,222.3,236.1,2168.4,3564.6,4197.7,1163.2,530.2,102.3,1187.4,26,41,0
2026-09-29-urgup,D-noise-026,D,energy,dem,0.5,average,1.0,1026,0.5,average,1.0,1026,opt-9dae13b9-1,Optimize Rota 1,reverse,8492.6,8517.5,239.1,235.1,2168.4,3822.5,4431.6,1139.4,530.2,125.4,1187.4,26,45,0
2026-09-29-urgup,D-noise-026,D,energy,dem,0.5,average,1.0,1026,0.5,average,1.0,1026,opt-9dae13b9-2,Optimize Rota 2,forward,8825.1,8854.8,261.4,266.9,2295.6,4067.1,4839.7,1277.5,504.9,195.7,1050.4,23,29,0
2026-09-29-urgup,D-noise-026,D,energy,dem,0.5,average,1.0,1026,0.5,average,1.0,1026,opt-9dae13b9-2,Optimize Rota 2,reverse,8825.1,8854.6,261.1,256.2,2295.6,4181.5,4921.2,1244.6,504.9,199.8,1050.4,23,35,0
2026-09-29-urgup,D-noise-026,D,energy,dem,0.5,average,1.0,1026,0.5,average,1.0,1026,opt-9dae13b9-3,Optimize Rota 3,forward,10826.6,10859.4,294.2,293.3,2868.5,4925.5,5696.9,1388.4,617.0,240.8,959.0,21,50,0
2026-09-29-urgup,D-noise-026,D,energy,dem,0.5,average,1.0,1026,0.5,average,1.0,1026,opt-9dae13b9-3,Optimize Rota 3,reverse,10826.6,10858.9,302.0,292.9,2868.5,4994.2,5774.6,1397.5,617.0,184.9,959.0,21,46,0
2026-09-29-urgup,D-noise-026,D,energy,dem,0.5,average,1.0,1026,0.5,average,1.0,1026,opt-9dae13b9-4,Optimize Rota 4,forward,10294.3,10328.6,303.4,303.2,2979.4,5134.9,6001.4,1362.6,496.1,363.2,959.0,21,56,0
2026-09-29-urgup,D-noise-026,D,energy,dem,0.5,average,1.0,1026,0.5,average,1.0,1026,opt-9dae13b9-4,Optimize Rota 4,reverse,10294.3,10328.7,304.7,304.8,2979.4,5143.5,5881.4,1234.0,496.1,518.9,959.0,21,50,0
2026-09-29-urgup,D-noise-026,D,energy,dem,0.5,average,1.0,1026,0.5,average,1.0,1026,opt-9dae13b9-5,Optimize Rota 5,forward,12836.1,12874.6,357.2,378.5,3434.7,5668.1,6736.2,1822.0,753.9,195.4,913.4,20,69,0
2026-09-29-urgup,D-noise-026,D,energy,dem,0.5,average,1.0,1026,0.5,average,1.0,1026,opt-9dae13b9-5,Optimize Rota 5,reverse,12836.1,12876.9,388.7,370.6,3434.7,6241.7,7247.4,1759.7,754.1,262.4,913.4,20,68,0
2026-09-29-urgup,D-noise-026,D,energy,dem,0.5,average,1.0,1026,0.5,average,1.0,1026,opt-9dae13b9-6,Optimize Rota 6,forward,26464.4,26573.0,889.1,934.2,6997.3,13188.9,16186.9,4390.8,1392.7,1099.5,639.3,14,135,0
2026-09-29-urgup,D-noise-026,D,energy,dem,0.5,average,1.0,1026,0.5,average,1.0,1026,opt-9dae13b9-6,Optimize Rota 6,reverse,26464.4,26574.0,927.8,901.6,6997.3,14134.4,16791.2,4049.7,1392.8,1395.6,639.3,14,137,0
2026-09-29-urgup,D-noise-026,D,energy,dem,0.5,average,1.0,1026,0.5,average,1.0,1026,opt-9dae13b9-7,Optimize Rota 7,forward,3919.4,3937.5,129.0,143.4,1036.8,1888.5,2359.1,683.4,212.9,166.8,274.0,6,38,0
2026-09-29-urgup,D-noise-026,D,energy,dem,0.5,average,1.0,1026,0.5,average,1.0,1026,opt-9dae13b9-7,Optimize Rota 7,reverse,3919.4,3937.8,139.1,132.8,1036.8,2165.4,2558.0,605.4,212.9,232.9,274.0,6,47,0
2026-09-29-urgup,D-noise-026,D,energy,dem,0.5,average,1.0,1026,0.5,average,1.0,1026,opt-9dae13b9-8,Optimize Rota 8,forward,2635.4,2644.2,75.8,79.2,696.4,1198.6,1427.5,371.6,142.7,69.3,274.0,6,21,0
2026-09-29-urgup,D-noise-026,D,energy,dem,0.5,average,1.0,1026,0.5,average,1.0,1026,opt-9dae13b9-8,Optimize Rota 8,reverse,2635.4,2644.3,77.0,74.7,696.4,1268.2,1464.7,339.2,142.7,93.0,274.0,6,23,0
2026-09-29-urgup,D-noise-026,D,energy,dem,0.5,average,1.0,1026,0.5,average,1.0,,opt-9dae13b9-1,Optimize Rota 1,forward,8492.6,8502.0,137.9,138.0,2168.4,2953.3,3027.7,603.6,529.3,15.4,1187.4,26,17,0
2026-09-29-urgup,D-noise-026,D,energy,dem,0.5,average,1.0,1026,0.5,average,1.0,,opt-9dae13b9-1,Optimize Rota 1,reverse,8492.6,8501.7,138.3,137.7,2168.4,2923.5,2970.3,576.1,529.2,11.2,1187.4,26,15,0
2026-09-29-urgup,D-noise-026,D,energy,dem,0.5,average,1.0,1026,0.5,average,1.0,,opt-9dae13b9-2,Optimize Rota 2,forward,8825.1,8840.7,181.3,180.7,2295.6,3413.2,3728.0,818.9,504.1,56.8,1050.4,23,11,0
2026-09-29-urgup,D-noise-026,D,energy,dem,0.5,average,1.0,1026,0.5,average,1.0,,opt-9dae13b9-2,Optimize Rota 2,reverse,8825.1,8840.4,180.4,176.1,2295.6,3427.2,3728.3,805.1,504.1,37.0,1050.4,23,15,0
2026-09-29-urgup,D-noise-026,D,energy,dem,0.5,average,1.0,1026,0.5,average,1.0,,opt-9dae13b9-3,Optimize Rota 3,forward,10826.6,10847.0,228.7,224.2,2868.5,4364.4,4761.3,1013.2,616.3,121.9,959.0,21,36,0
2026-09-29-urgup,D-noise-026,D,energy,dem,0.5,average,1.0,1026,0.5,average,1.0,,opt-9dae13b9-3,Optimize Rota 3,reverse,10826.6,10846.8,228.2,225.1,2868.5,4293.9,4685.7,1008.1,616.3,83.9,959.0,21,35,0
2026-09-29-urgup,D-noise-026,D,energy,dem,0.5,average,1.0,1026,0.5,average,1.0,,opt-9dae13b9-4,Optimize Rota 4,forward,10294.3,10309.1,199.8,198.1,2979.4,4185.6,4494.4,803.9,495.1,137.1,959.0,21,17,0
2026-09-29-urgup,D-noise-026,D,energy,dem,0.5,average,1.0,1026,0.5,average,1.0,,opt-9dae13b9-4,Optimize Rota 4,reverse,10294.3,10308.9,196.2,198.9,2979.4,4010.4,4264.8,749.5,495.1,101.2,959.0,21,14,0
2026-09-29-urgup,D-noise-026,D,energy,dem,0.5,average,1.0,1026,0.5,average,1.0,,opt-9dae13b9-5,Optimize Rota 5,forward,12836.1,12853.7,226.9,232.5,3434.7,4679.8,4941.5,1014.4,752.7,29.3,913.4,20,35,0
2026-09-29-urgup,D-noise-026,D,energy,dem,0.5,average,1.0,1026,0.5,average,1.0,,opt-9dae13b9-5,Optimize Rota 5,reverse,12836.1,12853.5,235.1,231.1,3434.7,4849.8,5116.6,1019.5,752.7,50.2,913.4,20,28,0
2026-09-29-urgup,D-noise-026,D,energy,dem,0.5,average,1.0,1026,0.5,average,1.0,,opt-9dae13b9-6,Optimize Rota 6,forward,26464.4,26541.2,740.7,765.3,6997.3,11676.5,13825.2,3539.9,1391.1,460.7,639.3,14,82,0
2026-09-29-urgup,D-noise-026,D,energy,dem,0.5,average,1.0,1026,0.5,average,1.0,,opt-9dae13b9-6,Optimize Rota 6,reverse,26464.4,26540.7,762.4,742.7,6997.3,12566.2,14500.0,3324.8,1391.1,915.0,639.3,14,85,0
2026-09-29-urgup,D-noise-026,D,energy,dem,0.5,average,1.0,1026,0.5,average,1.0,,opt-9dae13b9-7,Optimize Rota 7,forward,3919.4,3930.8,99.0,106.6,1036.8,1625.3,1923.9,511.1,212.5,40.9,274.0,6,26,0
2026-09-29-urgup,D-noise-026,D,energy,dem,0.5,average,1.0,1026,0.5,average,1.0,,opt-9dae13b9-7,Optimize Rota 7,reverse,3919.4,3930.9,107.9,99.7,1036.8,1863.4,2111.7,460.9,212.6,104.3,274.0,6,22,0
2026-09-29-urgup,D-noise-026,D,energy,dem,0.5,average,1.0,1026,0.5,average,1.0,,opt-9dae13b9-8,Optimize Rota 8,forward,2635.4,2638.6,45.6,43.8,696.4,975.7,1026.2,192.9,142.4,7.3,274.0,6,10,0
2026-09-29-urgup,D-noise-026,D,energy,dem,0.5,average,1.0,1026,0.5,average,1.0,,opt-9dae13b9-8,Optimize Rota 8,reverse,2635.4,2638.8,44.1,45.3,696.4,927.8,969.2,183.7,142.4,13.1,274.0,6,11,0
2026-09-29-urgup,A-distance,A,distance,none,0.5,average,1.0,,0.5,average,1.0,1027,opt-aad24bc2-1,Optimize Rota 1,forward,8379.2,8400.6,208.4,212.1,2139.3,3488.7,3993.4,1027.2,522.4,82.8,1187.4,26,33,0
2026-09-29-urgup,A-distance,A,distance,none,0.5,average,1.0,,0.5,average,1.0,1027,opt-aad24bc2-1,Optimize Rota 1,reverse,8379.2,8400.7,213.4,206.0,2139.3,3595.8,4083.4,1010.1,522.4,52.4,1187.4,26,35,0
2026-09-29-urgup,A-distance,A,distance,none,0.5,average,1.0,,0.5,average,1.0,1027,opt-aad24bc2-2,Optimize Rota 2,forward,8718.6,8746.8,262.0,253.4,2262.9,4161.9,4872.7,1215.4,504.7,196.0,1050.4,23,28,0
2026-09-29-urgup,A-distance,A,distance,none,0.5,average,1.0,,0.5,average,1.0,1027,opt-aad24bc2-2,Optimize Rota 2,reverse,8718.6,8746.8,256.7,252.6,2262.9,4044.4,4752.4,1212.7,504.7,153.6,1050.4,23,39,0
2026-09-29-urgup,A-distance,A,distance,none,0.5,average,1.0,,0.5,average,1.0,1027,opt-aad24bc2-3,Optimize Rota 3,forward,10547.6,10586.5,332.3,320.2,2782.8,5264.4,6166.2,1517.7,615.9,324.3,959.0,21,69,0
2026-09-29-urgup,A-distance,A,distance,none,0.5,average,1.0,,0.5,average,1.0,1027,opt-aad24bc2-3,Optimize Rota 3,reverse,10547.6,10586.3,330.7,326.9,2782.8,5181.7,6086.0,1520.1,615.9,355.8,959.0,21,72,0
2026-09-29-urgup,A-distance,A,distance,none,0.5,average,1.0,,0.5,average,1.0,1027,opt-aad24bc2-4,Optimize Rota 4,forward,9995.9,10027.1,284.7,277.4,2910.3,5060.2,5793.5,1202.5,469.2,446.6,959.0,21,50,0
2026-09-29-urgup,A-distance,A,distance,none,0.5,average,1.0,,0.5,average,1.0,1027,opt-aad24bc2-4,Optimize Rota 4,reverse,9995.9,10027.2,276.0,283.2,2910.3,4712.9,5320.1,1076.4,469.2,469.3,959.0,21,46,0
2026-09-29-urgup,A-distance,A,distance,none,0.5,average,1.0,,0.5,average,1.0,1027,opt-aad24bc2-5,Optimize Rota 5,forward,12446.3,12478.7,325.0,319.8,3336.3,5481.5,6268.3,1514.3,727.5,122.2,913.4,20,50,0
2026-09-29-urgup,A-distance,A,distance,none,0.5,average,1.0,,0.5,average,1.0,1027,opt-aad24bc2-5,Optimize Rota 5,reverse,12446.3,12478.5,328.9,320.4,3336.3,5560.7,6335.1,1501.9,727.5,162.9,913.4,20,45,0
2026-09-29-urgup,A-distance,A,distance,none,0.5,average,1.0,,0.5,average,1.0,1027,opt-aad24bc2-6,Optimize Rota 6,forward,25638.0,25742.6,896.6,879.4,6801.4,13609.2,16213.8,3929.9,1325.3,1357.4,639.3,14,131,0
2026-09-29-urgup,A-distance,A,distance,none,0.5,average,1.0,,0.5,average,1.0,1027,opt-aad24bc2-6,Optimize Rota 6,reverse,25638.0,25743.8,874.7,906.9,6801.4,12950.0,15829.3,4204.7,1325.3,1104.1,639.3,14,129,0
2026-09-29-urgup,A-distance,A,distance,none,0.5,average,1.0,,0.5,average,1.0,1027,opt-aad24bc2-7,Optimize Rota 7,forward,3602.8,3621.4,140.4,133.5,948.5,2062.0,2508.9,646.1,199.3,165.2,274.0,6,31,0
2026-09-29-urgup,A-distance,A,distance,none,0.5,average,1.0,,0.5,average,1.0,1027,opt-aad24bc2-7,Optimize Rota 7,reverse,3602.8,3621.4,138.9,136.8,948.5,2018.7,2454.6,635.2,199.3,201.3,274.0,6,37,0
2026-09-29-urgup,A-distance,A,distance,none,0.5,average,1.0,,0.5,average,1.0,1027,opt-aad24bc2-8,Optimize Rota 8,forward,2509.5,2517.0,67.7,72.1,681.0,1075.9,1285.1,331.1,121.8,33.2,274.0,6,12,0
2026-09-29-urgup,A-distance,A,distance,none,0.5,average,1.0,,0.5,average,1.0,1027,opt-aad24bc2-8,Optimize Rota 8,reverse,2509.5,2517.1,74.0,68.7,681.0,1251.2,1446.6,317.3,121.8,78.2,274.0,6,15,0
2026-09-29-urgup,D-noise-027,D,energy,dem,0.5,average,1.0,1027,0.5,average,1.0,1027,opt-ab5a9370-1,Optimize Rota 1,forward,8736.9,8758.8,201.8,216.9,2233.0,3420.2,3923.1,1045.8,542.9,66.0,1187.4,26,39,0
2026-09-29-urgup,D-noise-027,D,energy,dem,0.5,average,1.0,1027,0.5,average,1.0,1027,opt-ab5a9370-1,Optimize Rota 1,reverse,8736.9,8758.5,225.8,199.0,2233.0,3962.1,4363.7,944.4,542.9,116.6,1187.4,26,35,0
2026-09-29-urgup,D-noise-027,D,energy,dem,0.5,average,1.0,1027,0.5,average,1.0,1027,opt-ab5a9370-2,Optimize Rota 2,forward,8917.3,8944.2,256.6,246.4,2312.8,4127.9,4804.8,1194.2,517.4,126.5,1050.4,23,31,0
2026-09-29-urgup,D-noise-027,D,energy,dem,0.5,average,1.0,1027,0.5,average,1.0,1027,opt-ab5a9370-2,Optimize Rota 2,reverse,8917.3,8944.3,253.2,249.3,2312.8,4054.4,4723.5,1186.4,517.4,151.7,1050.4,23,38,0
2026-09-29-urgup,D-noise-027,D,energy,dem,0.5,average,1.0,1027,0.5,average,1.0,1027,opt-ab5a9370-3,Optimize Rota 3,forward,11311.5,11349.8,324.4,340.5,2936.4,5077.4,6031.8,1629.7,675.4,262.4,959.0,21,73,0
2026-09-29-urgup,D-noise-027,D,energy,dem,0.5,average,1.0,1027,0.5,average,1.0,1027,opt-ab5a9370-3,Optimize Rota 3,reverse,11311.5,11350.4,345.8,322.0,2936.4,5581.4,6437.9,1531.9,675.4,301.1,959.0,21,74,0
2026-09-29-urgup,D-noise-027,D,energy,dem,0.5,average,1.0,1027,0.5,average,1.0,1027,opt-ab5a9370-4,Optimize Rota 4,forward,10201.5,10233.6,282.4,287.2,2964.5,4995.0,5762.2,1246.8,479.6,448.6,959.0,21,55,0
2026-09-29-urgup,D-noise-027,D,energy,dem,0.5,average,1.0,1027,0.5,average,1.0,1027,opt-ab5a9370-4,Optimize Rota 4,reverse,10201.5,10233.3,285.5,284.5,2964.5,4907.0,5505.3,1077.9,479.6,485.3,959.0,21,49,0
2026-09-29-urgup,D-noise-027,D,energy,dem,0.5,average,1.0,1027,0.5,average,1.0,1027,opt-ab5a9370-5,Optimize Rota 5,forward,12927.1,12961.3,321.8,343.9,3462.2,5358.4,6243.5,1639.6,754.5,113.3,913.4,20,60,0
2026-09-29-urgup,D-noise-027,D,energy,dem,0.5,average,1.0,1027,0.5,average,1.0,1027,opt-ab5a9370-5,Optimize Rota 5,reverse,12927.1,12961.6,352.1,325.9,3462.2,6049.3,6810.5,1515.8,754.6,237.0,913.4,20,51,0
2026-09-29-urgup,D-noise-027,D,energy,dem,0.5,average,1.0,1027,0.5,average,1.0,1027,opt-ab5a9370-6,Optimize Rota 6,forward,25967.3,26072.7,860.4,910.9,6884.8,12760.2,15628.5,4217.7,1349.4,1084.7,639.3,14,132,0
2026-09-29-urgup,D-noise-027,D,energy,dem,0.5,average,1.0,1027,0.5,average,1.0,1027,opt-ab5a9370-6,Optimize Rota 6,reverse,25967.3,26071.2,898.6,864.0,6884.8,13840.1,16333.6,3842.8,1349.3,1360.2,639.3,14,128,0
2026-09-29-urgup,D-noise-027,D,energy,dem,0.5,average,1.0,1027,0.5,average,1.0,1027,opt-ab5a9370-7,Optimize Rota 7,forward,4084.9,4102.7,129.3,142.7,1084.2,1919.6,2377.0,677.7,220.3,146.7,274.0,6,34,0
2026-09-29-urgup,D-noise-027,D,energy,dem,0.5,average,1.0,1027,0.5,average,1.0,1027,opt-ab5a9370-7,Optimize Rota 7,reverse,4084.9,4103.0,143.2,130.7,1084.2,2252.2,2656.9,625.1,220.3,165.5,274.0,6,38,0
2026-09-29-urgup,D-noise-027,D,energy,dem,0.5,average,1.0,1027,0.5,average,1.0,1027,opt-ab5a9370-8,Optimize Rota 8,forward,2552.3,2560.3,67.3,74.9,687.5,1061.8,1275.7,340.1,126.1,45.0,274.0,6,13,0
2026-09-29-urgup,D-noise-027,D,energy,dem,0.5,average,1.0,1027,0.5,average,1.0,1027,opt-ab5a9370-8,Optimize Rota 8,reverse,2552.3,2560.5,78.2,69.1,687.5,1327.0,1525.8,325.0,126.2,80.2,274.0,6,15,0
2026-09-29-urgup,D-noise-027,D,energy,dem,0.5,average,1.0,1027,0.5,average,1.0,,opt-ab5a9370-1,Optimize Rota 1,forward,8736.9,8747.6,150.2,150.1,2233.0,3107.1,3233.9,669.0,542.2,18.2,1187.4,26,20,0
2026-09-29-urgup,D-noise-027,D,energy,dem,0.5,average,1.0,1027,0.5,average,1.0,,opt-ab5a9370-1,Optimize Rota 1,reverse,8736.9,8747.1,151.1,149.4,2233.0,3090.2,3179.0,631.0,542.2,24.5,1187.4,26,20,0
2026-09-29-urgup,D-noise-027,D,energy,dem,0.5,average,1.0,1027,0.5,average,1.0,,opt-ab5a9370-2,Optimize Rota 2,forward,8917.3,8932.7,181.1,179.7,2312.8,3437.5,3750.2,829.3,516.7,40.4,1050.4,23,14,0
2026-09-29-urgup,D-noise-027,D,energy,dem,0.5,average,1.0,1027,0.5,average,1.0,,opt-ab5a9370-2,Optimize Rota 2,reverse,8917.3,8932.8,181.7,174.5,2312.8,3457.6,3718.4,777.5,516.7,42.3,1050.4,23,20,0
2026-09-29-urgup,D-noise-027,D,energy,dem,0.5,average,1.0,1027,0.5,average,1.0,,opt-ab5a9370-3,Optimize Rota 3,forward,11311.5,11336.5,252.9,255.5,2936.4,4557.6,5077.7,1194.8,674.6,119.9,959.0,21,39,0
2026-09-29-urgup,D-noise-027,D,energy,dem,0.5,average,1.0,1027,0.5,average,1.0,,opt-ab5a9370-3,Optimize Rota 3,reverse,11311.5,11336.3,256.3,248.8,2936.4,4657.8,5148.7,1165.5,674.6,110.5,959.0,21,36,0
2026-09-29-urgup,D-noise-027,D,energy,dem,0.5,average,1.0,1027,0.5,average,1.0,,opt-ab5a9370-4,Optimize Rota 4,forward,10201.5,10216.2,200.3,199.2,2964.5,4152.1,4469.8,796.5,478.8,137.6,959.0,21,18,0
2026-09-29-urgup,D-noise-027,D,energy,dem,0.5,average,1.0,1027,0.5,average,1.0,,opt-ab5a9370-4,Optimize Rota 4,reverse,10201.5,10216.0,197.3,200.5,2964.5,3987.5,4260.9,752.2,478.8,96.8,959.0,21,14,0
2026-09-29-urgup,D-noise-027,D,energy,dem,0.5,average,1.0,1027,0.5,average,1.0,,opt-ab5a9370-5,Optimize Rota 5,forward,12927.1,12945.6,234.5,235.1,3462.2,4794.8,5055.4,1014.2,753.6,43.1,913.4,20,37,0
2026-09-29-urgup,D-noise-027,D,energy,dem,0.5,average,1.0,1027,0.5,average,1.0,,opt-ab5a9370-5,Optimize Rota 5,reverse,12927.1,12945.5,239.0,237.5,3462.2,4905.8,5210.4,1058.2,753.6,63.7,913.4,20,32,0
2026-09-29-urgup,D-noise-027,D,energy,dem,0.5,average,1.0,1027,0.5,average,1.0,,opt-ab5a9370-6,Optimize Rota 6,forward,25967.3,26043.4,736.7,753.0,6884.8,11608.4,13723.8,3463.3,1347.9,479.4,639.3,14,75,0
2026-09-29-urgup,D-noise-027,D,energy,dem,0.5,average,1.0,1027,0.5,average,1.0,,opt-ab5a9370-6,Optimize Rota 6,reverse,25967.3,26042.8,750.1,736.8,6884.8,12326.7,14272.5,3293.7,1347.8,921.1,639.3,14,79,0
2026-09-29-urgup,D-noise-027,D,energy,dem,0.5,average,1.0,1027,0.5,average,1.0,,opt-ab5a9370-7,Optimize Rota 7,forward,4084.9,4095.7,94.3,101.9,1084.2,1613.0,1862.4,469.3,220.0,37.6,274.0,6,22,0
2026-09-29-urgup,D-noise-027,D,energy,dem,0.5,average,1.0,1027,0.5,average,1.0,,opt-ab5a9370-7,Optimize Rota 7,reverse,4084.9,4096.0,103.7,94.2,1084.2,1868.9,2092.1,443.2,220.0,71.2,274.0,6,19,0
2026-09-29-urgup,D-noise-027,D,energy,dem,0.5,average,1.0,1027,0.5,average,1.0,,opt-ab5a9370-8,Optimize Rota 8,forward,2552.3,2555.2,40.7,39.7,687.5,911.1,939.2,154.0,125.9,10.3,274.0,6,8,0
2026-09-29-urgup,D-noise-027,D,energy,dem,0.5,average,1.0,1027,0.5,average,1.0,,opt-ab5a9370-8,Optimize Rota 8,reverse,2552.3,2555.2,40.7,41.3,687.5,900.4,938.1,163.6,125.9,11.4,274.0,6,7,0
2026-09-29-urgup,A-distance,A,distance,none,0.5,average,1.0,,0.5,average,1.0,1028,opt-aad24bc2-1,Optimize Rota 1,forward,8379.2,8404.4,238.1,233.0,2139.3,3799.9,4406.5,1129.1,522.6,128.8,1187.4,26,37,0
2026-09-29-urgup,A-distance,A,distance,none,0.5,average,1.0,,0.5,average,1.0,1028,opt-aad24bc2-1,Optimize Rota 1,reverse,8379.2,8404.7,243.5,230.9,2139.3,3911.9,4529.9,1140.7,522.6,117.1,1187.4,26,41,0
2026-09-29-urgup,A-distance,A,distance,none,0.5,average,1.0,,0.5,average,1.0,1028,opt-aad24bc2-2,Optimize Rota 2,forward,8718.6,8748.5,268.7,256.7,2262.9,4226.4,4927.8,1206.1,504.7,219.9,1050.4,23,40,0
2026-09-29-urgup,A-distance,A,distance,none,0.5,average,1.0,,0.5,average,1.0,1028,opt-aad24bc2-2,Optimize Rota 2,reverse,8718.6,8747.6,259.5,256.5,2262.9,4103.0,4820.1,1221.8,504.7,210.2,1050.4,23,47,0
2026-09-29-urgup,A-distance,A,distance,none,0.5,average,1.0,,0.5,average,1.0,1028,opt-aad24bc2-3,Optimize Rota 3,forward,10547.6,10590.8,349.8,338.2,2782.8,5402.8,6413.4,1626.7,616.2,330.3,959.0,21,87,0
2026-09-29-urgup,A-distance,A,distance,none,0.5,average,1.0,,0.5,average,1.0,1028,opt-aad24bc2-3,Optimize Rota 3,reverse,10547.6,10589.3,338.4,333.7,2782.8,5308.2,6236.5,1544.3,616.1,427.3,959.0,21,89,0
2026-09-29-urgup,A-distance,A,distance,none,0.5,average,1.0,,0.5,average,1.0,1028,opt-aad24bc2-4,Optimize Rota 4,forward,9995.9,10029.7,299.1,307.4,2910.3,4959.2,5862.3,1372.5,469.4,367.8,959.0,21,37,0
2026-09-29-urgup,A-distance,A,distance,none,0.5,average,1.0,,0.5,average,1.0,1028,opt-aad24bc2-4,Optimize Rota 4,reverse,9995.9,10031.2,306.8,306.8,2910.3,5152.7,5911.4,1228.2,469.4,592.9,959.0,21,33,0
2026-09-29-urgup,A-distance,A,distance,none,0.5,average,1.0,,0.5,average,1.0,1028,opt-aad24bc2-5,Optimize Rota 5,forward,12446.3,12486.5,370.5,363.4,3336.3,5967.8,6952.2,1712.4,727.9,302.3,913.4,20,56,0
2026-09-29-urgup,A-distance,A,distance,none,0.5,average,1.0,,0.5,average,1.0,1028,opt-aad24bc2-5,Optimize Rota 5,reverse,12446.3,12485.8,369.3,368.5,3336.3,5839.7,6885.2,1773.4,727.9,201.8,913.4,20,51,0
2026-09-29-urgup,A-distance,A,distance,none,0.5,average,1.0,,0.5,average,1.0,1028,opt-aad24bc2-6,Optimize Rota 6,forward,25638.0,25751.0,929.2,918.4,6801.4,13955.8,16744.9,4114.9,1325.7,1536.4,639.3,14,140,0
2026-09-29-urgup,A-distance,A,distance,none,0.5,average,1.0,,0.5,average,1.0,1028,opt-aad24bc2-6,Optimize Rota 6,reverse,25638.0,25752.0,930.4,923.4,6801.4,13699.5,16637.4,4263.6,1325.8,1191.9,639.3,14,139,0
2026-09-29-urgup,A-distance,A,distance,none,0.5,average,1.0,,0.5,average,1.0,1028,opt-aad24bc2-7,Optimize Rota 7,forward,3602.8,3620.4,134.4,131.8,948.5,1973.1,2388.7,614.8,199.2,178.5,274.0,6,35,0
2026-09-29-urgup,A-distance,A,distance,none,0.5,average,1.0,,0.5,average,1.0,1028,opt-aad24bc2-7,Optimize Rota 7,reverse,3602.8,3620.4,133.2,133.8,948.5,1980.5,2386.9,605.7,199.2,235.1,274.0,6,37,0
2026-09-29-urgup,A-distance,A,distance,none,0.5,average,1.0,,0.5,average,1.0,1028,opt-aad24bc2-8,Optimize Rota 8,forward,2509.5,2518.4,78.9,73.5,681.0,1290.0,1474.4,306.3,121.9,122.3,274.0,6,18,0
2026-09-29-urgup,A-distance,A,distance,none,0.5,average,1.0,,0.5,average,1.0,1028,opt-aad24bc2-8,Optimize Rota 8,reverse,2509.5,2518.0,73.2,78.3,681.0,1159.5,1384.2,346.6,121.9,97.5,274.0,6,18,0
2026-09-29-urgup,D-noise-028,D,energy,dem,0.5,average,1.0,1028,0.5,average,1.0,1028,opt-586a5d95-1,Optimize Rota 1,forward,8911.1,8933.8,223.8,229.0,2287.5,3724.8,4261.4,1075.9,539.3,125.3,1187.4,26,36,0
2026-09-29-urgup,D-noise-028,D,energy,dem,0.5,average,1.0,1028,0.5,average,1.0,1028,opt-586a5d95-1,Optimize Rota 1,reverse,8911.1,8934.2,237.1,220.5,2287.5,4026.8,4547.0,1059.5,539.3,128.1,1187.4,26,41,0
2026-09-29-urgup,D-noise-028,D,energy,dem,0.5,average,1.0,1028,0.5,average,1.0,1028,opt-586a5d95-2,Optimize Rota 2,forward,9234.4,9263.4,259.9,266.8,2390.5,4090.8,4807.1,1254.3,538.0,177.2,1050.4,23,45,0
2026-09-29-urgup,D-noise-028,D,energy,dem,0.5,average,1.0,1028,0.5,average,1.0,1028,opt-586a5d95-2,Optimize Rota 2,reverse,9234.4,9262.8,268.5,249.6,2390.5,4420.7,5067.0,1184.2,538.0,213.9,1050.4,23,46,0
2026-09-29-urgup,D-noise-028,D,energy,dem,0.5,average,1.0,1028,0.5,average,1.0,1028,opt-586a5d95-3,Optimize Rota 3,forward,11409.5,11449.3,316.6,351.3,2952.2,4899.3,5930.1,1717.6,686.8,232.9,959.0,21,71,0
2026-09-29-urgup,D-noise-028,D,energy,dem,0.5,average,1.0,1028,0.5,average,1.0,1028,opt-586a5d95-3,Optimize Rota 3,reverse,11409.5,11449.1,345.2,323.3,2952.2,5638.1,6499.1,1547.8,686.8,344.5,959.0,21,79,0
2026-09-29-urgup,D-noise-028,D,energy,dem,0.5,average,1.0,1028,0.5,average,1.0,1028,opt-586a5d95-4,Optimize Rota 4,forward,10009.3,10042.3,293.1,302.6,2920.4,4909.9,5783.8,1337.7,463.8,370.8,959.0,21,37,0
2026-09-29-urgup,D-noise-028,D,energy,dem,0.5,average,1.0,1028,0.5,average,1.0,1028,opt-586a5d95-4,Optimize Rota 4,reverse,10009.3,10043.9,300.7,300.6,2920.4,5106.1,5825.3,1183.1,463.9,592.9,959.0,21,33,0
2026-09-29-urgup,D-noise-028,D,energy,dem,0.5,average,1.0,1028,0.5,average,1.0,1028,opt-586a5d95-5,Optimize Rota 5,forward,12977.0,13014.3,350.6,360.8,3484.6,5808.0,6743.5,1679.4,743.9,291.1,913.4,20,62,0
2026-09-29-urgup,D-noise-028,D,energy,dem,0.5,average,1.0,1028,0.5,average,1.0,1028,opt-586a5d95-5,Optimize Rota 5,reverse,12977.0,13015.3,369.6,363.9,3484.6,6024.6,7004.8,1724.1,744.0,226.0,913.4,20,57,0
2026-09-29-urgup,D-noise-028,D,energy,dem,0.5,average,1.0,1028,0.5,average,1.0,1028,opt-586a5d95-6,Optimize Rota 6,forward,26466.5,26577.1,899.9,921.5,7027.1,13420.4,16262.2,4205.4,1363.6,1182.0,639.3,14,139,0
2026-09-29-urgup,D-noise-028,D,energy,dem,0.5,average,1.0,1028,0.5,average,1.0,1028,opt-586a5d95-6,Optimize Rota 6,reverse,26466.5,26576.1,922.9,896.3,7027.1,14203.8,16835.3,3995.1,1363.6,1486.1,639.3,14,135,0
2026-09-29-urgup,D-noise-028,D,energy,dem,0.5,average,1.0,1028,0.5,average,1.0,1028,opt-586a5d95-7,Optimize Rota 7,forward,4262.0,4279.1,125.1,142.8,1126.1,1860.6,2285.2,657.4,232.8,136.5,274.0,6,32,0
2026-09-29-urgup,D-noise-028,D,energy,dem,0.5,average,1.0,1028,0.5,average,1.0,1028,opt-586a5d95-7,Optimize Rota 7,reverse,4262.0,4278.9,144.9,119.0,1126.1,2459.5,2727.1,500.4,232.8,277.9,274.0,6,32,0
2026-09-29-urgup,D-noise-028,D,energy,dem,0.5,average,1.0,1028,0.5,average,1.0,1028,opt-586a5d95-8,Optimize Rota 8,forward,2585.5,2595.5,82.3,84.8,683.8,1264.1,1518.5,393.8,139.4,100.8,274.0,6,22,0
2026-09-29-urgup,D-noise-028,D,energy,dem,0.5,average,1.0,1028,0.5,average,1.0,1028,opt-586a5d95-8,Optimize Rota 8,reverse,2585.5,2595.1,81.7,85.1,683.8,1237.3,1497.5,399.6,139.3,82.3,274.0,6,20,0
2026-09-29-urgup,D-noise-028,D,energy,dem,0.5,average,1.0,1028,0.5,average,1.0,,opt-586a5d95-1,Optimize Rota 1,forward,8911.1,8920.1,138.0,139.0,2287.5,3021.6,3058.6,575.5,538.5,13.8,1187.4,26,18,0
2026-09-29-urgup,D-noise-028,D,energy,dem,0.5,average,1.0,1028,0.5,average,1.0,,opt-586a5d95-1,Optimize Rota 1,reverse,8911.1,8919.9,138.4,137.9,2287.5,3057.0,3095.5,576.9,538.5,24.5,1187.4,26,18,0
2026-09-29-urgup,D-noise-028,D,energy,dem,0.5,average,1.0,1028,0.5,average,1.0,,opt-586a5d95-2,Optimize Rota 2,forward,9234.4,9249.9,178.9,178.6,2390.5,3485.9,3756.0,807.3,537.2,54.3,1050.4,23,15,0
2026-09-29-urgup,D-noise-028,D,energy,dem,0.5,average,1.0,1028,0.5,average,1.0,,opt-586a5d95-2,Optimize Rota 2,reverse,9234.4,9249.4,180.7,175.6,2390.5,3525.7,3782.4,793.9,537.2,42.6,1050.4,23,12,0
2026-09-29-urgup,D-noise-028,D,energy,dem,0.5,average,1.0,1028,0.5,average,1.0,,opt-586a5d95-3,Optimize Rota 3,forward,11409.5,11434.3,252.2,248.7,2952.2,4648.8,5141.9,1179.0,685.9,125.5,959.0,21,37,0
2026-09-29-urgup,D-noise-028,D,energy,dem,0.5,average,1.0,1028,0.5,average,1.0,,opt-586a5d95-3,Optimize Rota 3,reverse,11409.5,11433.0,244.8,248.3,2952.2,4468.1,4922.6,1140.4,685.9,98.5,959.0,21,33,0
2026-09-29-urgup,D-noise-028,D,energy,dem,0.5,average,1.0,1028,0.5,average,1.0,,opt-586a5d95-4,Optimize Rota 4,forward,10009.3,10023.9,197.1,195.6,2920.4,4099.3,4422.7,786.3,463.0,136.1,959.0,21,16,0
2026-09-29-urgup,D-noise-028,D,energy,dem,0.5,average,1.0,1028,0.5,average,1.0,,opt-586a5d95-4,Optimize Rota 4,reverse,10009.3,10023.7,193.4,197.1,2920.4,3916.5,4187.9,734.4,462.9,100.0,959.0,21,13,0
2026-09-29-urgup,D-noise-028,D,energy,dem,0.5,average,1.0,1028,0.5,average,1.0,,opt-586a5d95-5,Optimize Rota 5,forward,12977.0,12994.5,231.9,228.3,3484.6,4790.6,4999.6,951.9,742.8,35.2,913.4,20,31,0
2026-09-29-urgup,D-noise-028,D,energy,dem,0.5,average,1.0,1028,0.5,average,1.0,,opt-586a5d95-5,Optimize Rota 5,reverse,12977.0,12994.0,230.3,228.8,3484.6,4861.8,5138.6,1019.6,742.8,49.4,913.4,20,29,0
2026-09-29-urgup,D-noise-028,D,energy,dem,0.5,average,1.0,1028,0.5,average,1.0,,opt-586a5d95-6,Optimize Rota 6,forward,26466.5,26542.6,737.9,755.3,7027.1,11719.4,13806.8,3449.3,1361.9,481.9,639.3,14,76,0
2026-09-29-urgup,D-noise-028,D,energy,dem,0.5,average,1.0,1028,0.5,average,1.0,,opt-586a5d95-6,Optimize Rota 6,reverse,26466.5,26541.5,750.7,736.0,7027.1,12475.8,14391.2,3277.3,1361.8,926.0,639.3,14,77,0
2026-09-29-urgup,D-noise-028,D,energy,dem,0.5,average,1.0,1028,0.5,average,1.0,,opt-586a5d95-7,Optimize Rota 7,forward,4262.0,4272.6,96.5,105.7,1126.1,1646.8,1901.1,486.8,232.5,30.1,274.0,6,17,0
2026-09-29-urgup,D-noise-028,D,energy,dem,0.5,average,1.0,1028,0.5,average,1.0,,opt-586a5d95-7,Optimize Rota 7,reverse,4262.0,4272.9,106.7,94.3,1126.1,1974.9,2166.4,424.0,232.5,110.6,274.0,6,16,0
2026-09-29-urgup,D-noise-028,D,energy,dem,0.5,average,1.0,1028,0.5,average,1.0,,opt-586a5d95-8,Optimize Rota 8,forward,2585.5,2588.9,46.1,45.2,683.8,966.9,1028.5,200.6,139.0,11.5,274.0,6,9,0
2026-09-29-urgup,D-noise-028,D,energy,dem,0.5,average,1.0,1028,0.5,average,1.0,,opt-586a5d95-8,Optimize Rota 8,reverse,2585.5,2588.9,46.1,45.8,683.8,941.0,988.9,186.9,139.0,13.1,274.0,6,8,0
2026-09-29-urgup,A-distance,A,distance,none,0.5,average,1.0,,0.5,average,1.0,1029,opt-aad24bc2-1,Optimize Rota 1,forward,8379.2,8407.8,249.1,243.5,2139.3,3923.4,4539.9,1139.3,522.7,219.2,1187.4,26,44,0
2026-09-29-urgup,A-distance,A,distance,none,0.5,average,1.0,,0.5,average,1.0,1029,opt-aad24bc2-1,Optimize Rota 1,reverse,8379.2,8407.6,244.2,247.1,2139.3,3848.5,4503.6,1177.7,522.7,219.7,1187.4,26,43,0
2026-09-29-urgup,A-distance,A,distance,none,0.5,average,1.0,,0.5,average,1.0,1029,opt-aad24bc2-2,Optimize Rota 2,forward,8718.6,8753.0,291.1,290.0,2262.9,4346.5,5241.5,1400.0,505.0,246.8,1050.4,23,40,0
2026-09-29-urgup,A-distance,A,distance,none,0.5,average,1.0,,0.5,average,1.0,1029,opt-aad24bc2-2,Optimize Rota 2,reverse,8718.6,8751.9,290.7,272.4,2262.9,4495.0,5304.9,1314.8,505.0,252.6,1050.4,23,44,0
2026-09-29-urgup,A-distance,A,distance,none,0.5,average,1.0,,0.5,average,1.0,1029,opt-aad24bc2-3,Optimize Rota 3,forward,10547.6,10592.6,365.2,353.1,2782.8,5520.2,6617.7,1713.8,616.3,328.8,959.0,21,85,0
2026-09-29-urgup,A-distance,A,distance,none,0.5,average,1.0,,0.5,average,1.0,1029,opt-aad24bc2-3,Optimize Rota 3,reverse,10547.6,10591.3,357.4,354.8,2782.8,5404.0,6476.6,1688.8,616.2,376.3,959.0,21,82,0
2026-09-29-urgup,A-distance,A,distance,none,0.5,average,1.0,,0.5,average,1.0,1029,opt-aad24bc2-4,Optimize Rota 4,forward,9995.9,10035.8,344.1,344.3,2910.3,5419.4,6526.6,1576.9,469.7,439.2,959.0,21,44,0
2026-09-29-urgup,A-distance,A,distance,none,0.5,average,1.0,,0.5,average,1.0,1029,opt-aad24bc2-4,Optimize Rota 4,reverse,9995.9,10035.9,344.0,343.1,2910.3,5363.9,6351.1,1456.8,469.7,510.7,959.0,21,41,0
2026-09-29-urgup,A-distance,A,distance,none,0.5,average,1.0,,0.5,average,1.0,1029,opt-aad24bc2-5,Optimize Rota 5,forward,12446.3,12489.4,379.3,365.4,3336.3,6081.0,7052.2,1699.2,728.1,329.2,913.4,20,72,0
2026-09-29-urgup,A-distance,A,distance,none,0.5,average,1.0,,0.5,average,1.0,1029,opt-aad24bc2-5,Optimize Rota 5,reverse,12446.3,12489.8,380.2,377.9,3336.3,5987.1,7086.4,1827.4,728.1,252.2,913.4,20,64,0
2026-09-29-urgup,A-distance,A,distance,none,0.5,average,1.0,,0.5,average,1.0,1029,opt-aad24bc2-6,Optimize Rota 6,forward,25638.0,25747.1,913.6,898.7,6801.4,13874.4,16606.7,4057.8,1325.5,1475.4,639.3,14,145,0
2026-09-29-urgup,A-distance,A,distance,none,0.5,average,1.0,,0.5,average,1.0,1029,opt-aad24bc2-6,Optimize Rota 6,reverse,25638.0,25751.3,914.8,933.2,6801.4,13283.2,16246.7,4289.1,1325.7,1125.1,639.3,14,137,0
2026-09-29-urgup,A-distance,A,distance,none,0.5,average,1.0,,0.5,average,1.0,1029,opt-aad24bc2-7,Optimize Rota 7,forward,3602.8,3619.6,132.1,127.2,948.5,1962.2,2390.2,627.2,199.2,124.2,274.0,6,19,0
2026-09-29-urgup,A-distance,A,distance,none,0.5,average,1.0,,0.5,average,1.0,1029,opt-aad24bc2-7,Optimize Rota 7,reverse,3602.8,3618.7,127.1,124.4,948.5,1881.2,2286.0,603.9,199.2,108.5,274.0,6,23,0
2026-09-29-urgup,A-distance,A,distance,none,0.5,average,1.0,,0.5,average,1.0,1029,opt-aad24bc2-8,Optimize Rota 8,forward,2509.5,2517.2,69.6,71.4,681.0,1149.8,1356.8,328.8,121.8,66.2,274.0,6,10,0
2026-09-29-urgup,A-distance,A,distance,none,0.5,average,1.0,,0.5,average,1.0,1029,opt-aad24bc2-8,Optimize Rota 8,reverse,2509.5,2517.0,72.5,68.4,681.0,1226.3,1389.4,284.9,121.8,107.0,274.0,6,14,0
2026-09-29-urgup,D-noise-029,D,energy,dem,0.5,average,1.0,1029,0.5,average,1.0,1029,opt-6dd5a5a5-1,Optimize Rota 1,forward,8803.9,8829.0,228.8,237.1,2243.0,3706.3,4281.5,1129.6,554.3,127.6,1187.4,26,35,0
2026-09-29-urgup,D-noise-029,D,energy,dem,0.5,average,1.0,1029,0.5,average,1.0,1029,opt-6dd5a5a5-1,Optimize Rota 1,reverse,8803.9,8829.6,237.0,236.2,2243.0,3887.1,4471.2,1138.5,554.4,157.7,1187.4,26,35,0
2026-09-29-urgup,D-noise-029,D,energy,dem,0.5,average,1.0,1029,0.5,average,1.0,1029,opt-6dd5a5a5-2,Optimize Rota 2,forward,9109.7,9140.8,269.3,278.1,2349.8,4163.7,4978.9,1355.7,540.4,187.2,1050.4,23,42,0
2026-09-29-urgup,D-noise-029,D,energy,dem,0.5,average,1.0,1029,0.5,average,1.0,1029,opt-6dd5a5a5-2,Optimize Rota 2,reverse,9109.7,9140.0,281.0,257.7,2349.8,4505.2,5203.5,1238.7,540.4,205.9,1050.4,23,37,0
2026-09-29-urgup,D-noise-029,D,energy,dem,0.5,average,1.0,1029,0.5,average,1.0,1029,opt-6dd5a5a5-3,Optimize Rota 3,forward,10926.8,10966.5,329.9,339.2,2882.9,5125.0,6127.1,1636.4,634.2,255.6,959.0,21,77,0
2026-09-29-urgup,D-noise-029,D,energy,dem,0.5,average,1.0,1029,0.5,average,1.0,1029,opt-6dd5a5a5-3,Optimize Rota 3,reverse,10926.8,10965.4,340.3,328.8,2882.9,5382.2,6296.5,1548.4,634.2,313.0,959.0,21,69,0
2026-09-29-urgup,D-noise-029,D,energy,dem,0.5,average,1.0,1029,0.5,average,1.0,1029,opt-6dd5a5a5-4,Optimize Rota 4,forward,10323.5,10361.8,334.2,340.6,2985.8,5286.0,6378.3,1597.3,505.0,312.8,959.0,21,40,0
2026-09-29-urgup,D-noise-029,D,energy,dem,0.5,average,1.0,1029,0.5,average,1.0,1029,opt-6dd5a5a5-4,Optimize Rota 4,reverse,10323.5,10361.6,337.2,332.3,2985.8,5436.7,6314.2,1382.4,505.0,539.8,959.0,21,40,0
2026-09-29-urgup,D-noise-029,D,energy,dem,0.5,average,1.0,1029,0.5,average,1.0,1029,opt-6dd5a5a5-5,Optimize Rota 5,forward,13210.1,13249.6,361.1,366.1,3522.3,5889.1,6815.8,1712.5,785.9,225.5,913.4,20,73,0
2026-09-29-urgup,D-noise-029,D,energy,dem,0.5,average,1.0,1029,0.5,average,1.0,1029,opt-6dd5a5a5-5,Optimize Rota 5,reverse,13210.1,13251.1,374.0,364.6,3522.3,6161.4,7135.1,1759.7,786.0,226.5,913.4,20,68,0
2026-09-29-urgup,D-noise-029,D,energy,dem,0.5,average,1.0,1029,0.5,average,1.0,1029,opt-6dd5a5a5-6,Optimize Rota 6,forward,26539.8,26650.4,888.4,941.5,7007.7,12930.8,15896.1,4375.6,1410.3,984.4,639.3,14,126,0
2026-09-29-urgup,D-noise-029,D,energy,dem,0.5,average,1.0,1029,0.5,average,1.0,1029,opt-6dd5a5a5-6,Optimize Rota 6,reverse,26539.8,26646.8,911.6,893.9,7007.7,14080.3,16727.0,4056.9,1410.2,1441.7,639.3,14,137,0
2026-09-29-urgup,D-noise-029,D,energy,dem,0.5,average,1.0,1029,0.5,average,1.0,1029,opt-6dd5a5a5-7,Optimize Rota 7,forward,4282.4,4299.9,127.9,151.4,1138.0,1878.3,2403.4,754.8,229.6,107.9,274.0,6,27,0
2026-09-29-urgup,D-noise-029,D,energy,dem,0.5,average,1.0,1029,0.5,average,1.0,1029,opt-6dd5a5a5-7,Optimize Rota 7,reverse,4282.4,4299.6,151.7,123.6,1138.0,2461.4,2785.8,554.0,229.6,181.1,274.0,6,33,0
2026-09-29-urgup,D-noise-029,D,energy,dem,0.5,average,1.0,1029,0.5,average,1.0,1029,opt-6dd5a5a5-8,Optimize Rota 8,forward,2564.7,2573.0,69.3,74.3,677.5,1111.3,1314.4,342.8,139.6,61.4,274.0,6,13,0
2026-09-29-urgup,D-noise-029,D,energy,dem,0.5,average,1.0,1029,0.5,average,1.0,1029,opt-6dd5a5a5-8,Optimize Rota 8,reverse,2564.7,2572.9,77.5,68.0,677.5,1320.8,1476.3,295.2,139.6,112.0,274.0,6,14,0
2026-09-29-urgup,D-noise-029,D,energy,dem,0.5,average,1.0,1029,0.5,average,1.0,,opt-6dd5a5a5-1,Optimize Rota 1,forward,8803.9,8813.4,141.2,142.6,2243.0,3015.1,3071.6,609.9,553.4,13.8,1187.4,26,17,0
2026-09-29-urgup,D-noise-029,D,energy,dem,0.5,average,1.0,1029,0.5,average,1.0,,opt-6dd5a5a5-1,Optimize Rota 1,reverse,8803.9,8813.6,143.5,143.3,2243.0,3050.0,3120.8,624.1,553.4,7.7,1187.4,26,15,0
2026-09-29-urgup,D-noise-029,D,energy,dem,0.5,average,1.0,1029,0.5,average,1.0,,opt-6dd5a5a5-2,Optimize Rota 2,forward,9109.7,9125.4,178.7,177.5,2349.8,3453.4,3713.8,799.9,539.5,58.4,1050.4,23,10,0
2026-09-29-urgup,D-noise-029,D,energy,dem,0.5,average,1.0,1029,0.5,average,1.0,,opt-6dd5a5a5-2,Optimize Rota 2,reverse,9109.7,9125.1,178.4,175.2,2349.8,3486.5,3766.9,819.9,539.5,40.1,1050.4,23,12,0
2026-09-29-urgup,D-noise-029,D,energy,dem,0.5,average,1.0,1029,0.5,average,1.0,,opt-6dd5a5a5-3,Optimize Rota 3,forward,10926.8,10948.2,230.4,221.8,2882.9,4443.0,4826.1,1016.3,633.2,121.4,959.0,21,35,0
2026-09-29-urgup,D-noise-029,D,energy,dem,0.5,average,1.0,1029,0.5,average,1.0,,opt-6dd5a5a5-3,Optimize Rota 3,reverse,10926.8,10947.4,223.5,227.6,2882.9,4232.7,4637.9,1038.4,633.1,76.0,959.0,21,33,0
2026-09-29-urgup,D-noise-029,D,energy,dem,0.5,average,1.0,1029,0.5,average,1.0,,opt-6dd5a5a5-4,Optimize Rota 4,forward,10323.5,10340.6,219.4,217.1,2985.8,4324.6,4801.0,980.3,504.0,48.3,959.0,21,20,0
2026-09-29-urgup,D-noise-029,D,energy,dem,0.5,average,1.0,1029,0.5,average,1.0,,opt-6dd5a5a5-4,Optimize Rota 4,reverse,10323.5,10340.6,218.4,218.1,2985.8,4187.0,4527.3,844.3,504.0,105.4,959.0,21,12,0
2026-09-29-urgup,D-noise-029,D,energy,dem,0.5,average,1.0,1029,0.5,average,1.0,,opt-6dd5a5a5-5,Optimize Rota 5,forward,13210.1,13228.2,233.8,237.8,3522.3,4813.4,5058.9,1030.1,784.7,32.8,913.4,20,34,0
2026-09-29-urgup,D-noise-029,D,energy,dem,0.5,average,1.0,1029,0.5,average,1.0,,opt-6dd5a5a5-5,Optimize Rota 5,reverse,13210.1,13228.4,240.5,237.4,3522.3,4986.9,5268.7,1066.4,784.7,52.5,913.4,20,30,0
2026-09-29-urgup,D-noise-029,D,energy,dem,0.5,average,1.0,1029,0.5,average,1.0,,opt-6dd5a5a5-6,Optimize Rota 6,forward,26539.8,26618.2,756.7,768.8,7007.7,11930.2,14072.6,3551.0,1408.6,501.8,639.3,14,73,0
2026-09-29-urgup,D-noise-029,D,energy,dem,0.5,average,1.0,1029,0.5,average,1.0,,opt-6dd5a5a5-6,Optimize Rota 6,reverse,26539.8,26616.6,760.0,757.7,7007.7,12434.4,14442.7,3416.9,1408.5,911.3,639.3,14,78,0
2026-09-29-urgup,D-noise-029,D,energy,dem,0.5,average,1.0,1029,0.5,average,1.0,,opt-6dd5a5a5-7,Optimize Rota 7,forward,4282.4,4292.9,89.6,106.9,1138.0,1576.8,1849.2,501.7,229.3,45.7,274.0,6,28,0
2026-09-29-urgup,D-noise-029,D,energy,dem,0.5,average,1.0,1029,0.5,average,1.0,,opt-6dd5a5a5-7,Optimize Rota 7,reverse,4282.4,4293.0,109.2,87.1,1138.0,2032.2,2176.3,373.4,229.3,83.7,274.0,6,26,0
2026-09-29-urgup,D-noise-029,D,energy,dem,0.5,average,1.0,1029,0.5,average,1.0,,opt-6dd5a5a5-8,Optimize Rota 8,forward,2564.7,2568.4,47.5,46.6,677.5,969.0,1035.0,205.4,139.4,13.5,274.0,6,9,0
2026-09-29-urgup,D-noise-029,D,energy,dem,0.5,average,1.0,1029,0.5,average,1.0,,opt-6dd5a5a5-8,Optimize Rota 8,reverse,2564.7,2568.2,47.4,46.0,677.5,956.8,1010.0,192.6,139.4,10.8,274.0,6,8,0
2026-09-29-urgup,R-dem-rep1,R,energy,dem,0.5,average,1.0,,0.5,average,1.0,,opt-f9333ca0-1,Optimize Rota 1,forward,8519.7,8528.6,136.0,138.1,2178.7,2906.0,2962.7,583.2,526.4,13.4,1187.4,26,16,0
2026-09-29-urgup,R-dem-rep1,R,energy,dem,0.5,average,1.0,,0.5,average,1.0,,opt-f9333ca0-1,Optimize Rota 1,reverse,8519.7,8528.9,137.7,137.3,2178.7,2946.9,3010.1,589.6,526.5,9.7,1187.4,26,16,0
2026-09-29-urgup,R-dem-rep1,R,energy,dem,0.5,average,1.0,,0.5,average,1.0,,opt-f9333ca0-2,Optimize Rota 2,forward,8804.3,8819.4,172.0,169.8,2271.9,3336.6,3577.8,762.6,521.4,52.8,1050.4,23,12,0
2026-09-29-urgup,R-dem-rep1,R,energy,dem,0.5,average,1.0,,0.5,average,1.0,,opt-f9333ca0-2,Optimize Rota 2,reverse,8804.3,8819.3,171.8,167.6,2271.9,3363.1,3616.4,774.7,521.4,37.5,1050.4,23,14,0
2026-09-29-urgup,R-dem-rep1,R,energy,dem,0.5,average,1.0,,0.5,average,1.0,,opt-f9333ca0-3,Optimize Rota 3,forward,10674.5,10694.3,221.4,216.9,2815.9,4255.4,4608.1,976.9,624.2,111.8,959.0,21,34,0
2026-09-29-urgup,R-dem-rep1,R,energy,dem,0.5,average,1.0,,0.5,average,1.0,,opt-f9333ca0-3,Optimize Rota 3,reverse,10674.5,10694.5,220.8,216.7,2815.9,4201.8,4551.8,974.2,624.2,73.9,959.0,21,35,0
2026-09-29-urgup,R-dem-rep1,R,energy,dem,0.5,average,1.0,,0.5,average,1.0,,opt-f9333ca0-4,Optimize Rota 4,forward,10055.0,10069.5,196.4,194.9,2921.4,4081.8,4377.6,771.8,475.9,136.1,959.0,21,16,0
2026-09-29-urgup,R-dem-rep1,R,energy,dem,0.5,average,1.0,,0.5,average,1.0,,opt-f9333ca0-4,Optimize Rota 4,reverse,10055.0,10069.4,192.8,196.6,2921.4,3922.6,4185.1,738.4,475.9,100.0,959.0,21,13,0
2026-09-29-urgup,R-dem-rep1,R,energy,dem,0.5,average,1.0,,0.5,average,1.0,,opt-f9333ca0-5,Optimize Rota 5,forward,12906.1,12922.4,213.6,219.2,3461.3,4578.3,4746.0,913.0,745.3,31.5,913.4,20,33,0
2026-09-29-urgup,R-dem-rep1,R,energy,dem,0.5,average,1.0,,0.5,average,1.0,,opt-f9333ca0-5,Optimize Rota 5,reverse,12906.1,12922.3,223.4,216.6,3461.3,4837.5,5046.6,954.4,745.3,52.4,913.4,20,24,0
2026-09-29-urgup,R-dem-rep1,R,energy,dem,0.5,average,1.0,,0.5,average,1.0,,opt-f9333ca0-6,Optimize Rota 6,forward,26139.8,26214.4,720.2,737.8,6940.8,11506.1,13516.8,3354.5,1343.8,478.4,639.3,14,72,0
2026-09-29-urgup,R-dem-rep1,R,energy,dem,0.5,average,1.0,,0.5,average,1.0,,opt-f9333ca0-6,Optimize Rota 6,reverse,26139.8,26213.9,735.6,721.4,6940.8,12289.8,14153.7,3207.8,1343.8,923.8,639.3,14,75,0
2026-09-29-urgup,R-dem-rep1,R,energy,dem,0.5,average,1.0,,0.5,average,1.0,,opt-f9333ca0-7,Optimize Rota 7,forward,4191.5,4201.8,88.8,106.5,1104.0,1531.7,1803.2,504.4,232.9,38.3,274.0,6,22,0
2026-09-29-urgup,R-dem-rep1,R,energy,dem,0.5,average,1.0,,0.5,average,1.0,,opt-f9333ca0-7,Optimize Rota 7,reverse,4191.5,4202.0,108.2,85.9,1104.0,2018.4,2155.7,370.1,232.9,102.3,274.0,6,20,0
2026-09-29-urgup,R-dem-rep1,R,energy,dem,0.5,average,1.0,,0.5,average,1.0,,opt-f9333ca0-8,Optimize Rota 8,forward,2509.5,2511.6,35.5,33.9,681.0,867.5,864.0,118.1,121.6,10.4,274.0,6,8,0
2026-09-29-urgup,R-dem-rep1,R,energy,dem,0.5,average,1.0,,0.5,average,1.0,,opt-f9333ca0-8,Optimize Rota 8,reverse,2509.5,2511.7,35.0,35.9,681.0,847.2,859.4,133.7,121.6,7.5,274.0,6,8,0
2026-09-29-urgup,A-distance,A,distance,none,0.5,average,1.0,,0.5,average,1.0,,opt-aad24bc2-1,Optimize Rota 1,forward,8379.2,8388.9,142.6,142.7,2139.3,2954.2,3063.6,631.1,521.7,11.5,1187.4,26,19,0
2026-09-29-urgup,A-distance,A,distance,none,0.5,average,1.0,,0.5,average,1.0,,opt-aad24bc2-1,Optimize Rota 1,reverse,8379.2,8388.8,143.0,142.8,2139.3,2937.1,3026.1,610.7,521.6,13.8,1187.4,26,21,0
2026-09-29-urgup,A-distance,A,distance,none,0.5,average,1.0,,0.5,average,1.0,,opt-aad24bc2-2,Optimize Rota 2,forward,8718.6,8733.7,176.4,174.8,2262.9,3341.3,3623.1,785.8,503.9,47.2,1050.4,23,11,0
2026-09-29-urgup,A-distance,A,distance,none,0.5,average,1.0,,0.5,average,1.0,,opt-aad24bc2-2,Optimize Rota 2,reverse,8718.6,8733.6,176.1,171.7,2262.9,3370.8,3652.7,785.8,503.9,37.0,1050.4,23,15,0
2026-09-29-urgup,A-distance,A,distance,none,0.5,average,1.0,,0.5,average,1.0,,opt-aad24bc2-3,Optimize Rota 3,forward,10547.6,10568.3,225.1,213.5,2782.8,4323.7,4686.0,977.2,614.9,111.0,959.0,21,35,0
2026-09-29-urgup,A-distance,A,distance,none,0.5,average,1.0,,0.5,average,1.0,,opt-aad24bc2-3,Optimize Rota 3,reverse,10547.6,10567.7,216.0,219.8,2782.8,4078.7,4459.3,995.5,614.9,72.1,959.0,21,35,0
2026-09-29-urgup,A-distance,A,distance,none,0.5,average,1.0,,0.5,average,1.0,,opt-aad24bc2-4,Optimize Rota 4,forward,9995.9,10010.4,198.3,195.5,2910.3,4103.4,4416.0,781.0,468.4,136.8,959.0,21,17,0
2026-09-29-urgup,A-distance,A,distance,none,0.5,average,1.0,,0.5,average,1.0,,opt-aad24bc2-4,Optimize Rota 4,reverse,9995.9,10010.4,194.4,198.5,2910.3,3915.1,4191.9,745.2,468.4,100.0,959.0,21,14,0
2026-09-29-urgup,A-distance,A,distance,none,0.5,average,1.0,,0.5,average,1.0,,opt-aad24bc2-5,Optimize Rota 5,forward,12446.3,12463.4,228.4,228.1,3336.3,4637.1,4903.1,992.6,726.6,28.0,913.4,20,31,0
2026-09-29-urgup,A-distance,A,distance,none,0.5,average,1.0,,0.5,average,1.0,,opt-aad24bc2-5,Optimize Rota 5,reverse,12446.3,12463.4,232.9,225.2,3336.3,4765.3,5037.4,998.8,726.6,38.0,913.4,20,25,0
2026-09-29-urgup,A-distance,A,distance,none,0.5,average,1.0,,0.5,average,1.0,,opt-aad24bc2-6,Optimize Rota 6,forward,25638.0,25711.6,737.4,730.5,6801.4,12065.3,14013.3,3271.6,1323.6,871.4,639.3,14,75,0
2026-09-29-urgup,A-distance,A,distance,none,0.5,average,1.0,,0.5,average,1.0,,opt-aad24bc2-6,Optimize Rota 6,reverse,25638.0,25712.2,732.8,740.2,6801.4,11574.6,13654.8,3403.9,1323.7,474.5,639.3,14,69,0
2026-09-29-urgup,A-distance,A,distance,none,0.5,average,1.0,,0.5,average,1.0,,opt-aad24bc2-7,Optimize Rota 7,forward,3602.8,3613.7,102.2,98.3,948.5,1647.5,1916.6,468.1,198.9,38.7,274.0,6,15,0
2026-09-29-urgup,A-distance,A,distance,none,0.5,average,1.0,,0.5,average,1.0,,opt-aad24bc2-7,Optimize Rota 7,reverse,3602.8,3613.6,101.2,98.5,948.5,1660.2,1953.3,492.0,198.9,39.5,274.0,6,17,0
2026-09-29-urgup,A-distance,A,distance,none,0.5,average,1.0,,0.5,average,1.0,,opt-aad24bc2-8,Optimize Rota 8,forward,2509.5,2511.6,35.5,33.9,681.0,867.5,864.0,118.1,121.6,10.4,274.0,6,8,0
2026-09-29-urgup,A-distance,A,distance,none,0.5,average,1.0,,0.5,average,1.0,,opt-aad24bc2-8,Optimize Rota 8,reverse,2509.5,2511.7,35.0,35.9,681.0,847.2,859.4,133.7,121.6,7.5,274.0,6,8,0
2026-09-29-urgup,R-dem-rep2,R,energy,dem,0.5,average,1.0,,0.5,average,1.0,,opt-99395963-1,Optimize Rota 1,forward,8519.7,8528.6,136.0,138.1,2178.7,2906.0,2962.7,583.2,526.4,13.4,1187.4,26,16,0
2026-09-29-urgup,R-dem-rep2,R,energy,dem,0.5,average,1.0,,0.5,average,1.0,,opt-99395963-1,Optimize Rota 1,reverse,8519.7,8528.9,137.7,137.3,2178.7,2946.9,3010.1,589.6,526.5,9.7,1187.4,26,16,0
2026-09-29-urgup,R-dem-rep2,R,energy,dem,0.5,average,1.0,,0.5,average,1.0,,opt-99395963-2,Optimize Rota 2,forward,8804.3,8819.4,172.0,169.8,2271.9,3336.6,3577.8,762.6,521.4,52.8,1050.4,23,12,0
2026-09-29-urgup,R-dem-rep2,R,energy,dem,0.5,average,1.0,,0.5,average,1.0,,opt-99395963-2,Optimize Rota 2,reverse,8804.3,8819.3,171.8,167.6,2271.9,3363.1,3616.4,774.7,521.4,37.5,1050.4,23,14,0
2026-09-29-urgup,R-dem-rep2,R,energy,dem,0.5,average,1.0,,0.5,average,1.0,,opt-99395963-3,Optimize Rota 3,forward,10674.5,10694.3,221.4,216.9,2815.9,4255.4,4608.1,976.9,624.2,111.8,959.0,21,34,0
2026-09-29-urgup,R-dem-rep2,R,energy,dem,0.5,average,1.0,,0.5,average,1.0,,opt-99395963-3,Optimize Rota 3,reverse,10674.5,10694.5,220.8,216.7,2815.9,4201.8,4551.8,974.2,624.2,73.9,959.0,21,35,0
2026-09-29-urgup,R-dem-rep2,R,energy,dem,0.5,average,1.0,,0.5,average,1.0,,opt-99395963-4,Optimize Rota 4,forward,10055.0,10069.5,196.4,194.9,2921.4,4081.8,4377.6,771.8,475.9,136.1,959.0,21,16,0
2026-09-29-urgup,R-dem-rep2,R,energy,dem,0.5,average,1.0,,0.5,average,1.0,,opt-99395963-4,Optimize Rota 4,reverse,10055.0,10069.4,192.8,196.6,2921.4,3922.6,4185.1,738.4,475.9,100.0,959.0,21,13,0
2026-09-29-urgup,R-dem-rep2,R,energy,dem,0.5,average,1.0,,0.5,average,1.0,,opt-99395963-5,Optimize Rota 5,forward,12906.1,12922.4,213.6,219.2,3461.3,4578.3,4746.0,913.0,745.3,31.5,913.4,20,33,0
2026-09-29-urgup,R-dem-rep2,R,energy,dem,0.5,average,1.0,,0.5,average,1.0,,opt-99395963-5,Optimize Rota 5,reverse,12906.1,12922.3,223.4,216.6,3461.3,4837.5,5046.6,954.4,745.3,52.4,913.4,20,24,0
2026-09-29-urgup,R-dem-rep2,R,energy,dem,0.5,average,1.0,,0.5,average,1.0,,opt-99395963-6,Optimize Rota 6,forward,26139.8,26214.4,720.2,737.8,6940.8,11506.1,13516.8,3354.5,1343.8,478.4,639.3,14,72,0
2026-09-29-urgup,R-dem-rep2,R,energy,dem,0.5,average,1.0,,0.5,average,1.0,,opt-99395963-6,Optimize Rota 6,reverse,26139.8,26213.9,735.6,721.4,6940.8,12289.8,14153.7,3207.8,1343.8,923.8,639.3,14,75,0
2026-09-29-urgup,R-dem-rep2,R,energy,dem,0.5,average,1.0,,0.5,average,1.0,,opt-99395963-7,Optimize Rota 7,forward,4191.5,4201.8,88.8,106.5,1104.0,1531.7,1803.2,504.4,232.9,38.3,274.0,6,22,0
2026-09-29-urgup,R-dem-rep2,R,energy,dem,0.5,average,1.0,,0.5,average,1.0,,opt-99395963-7,Optimize Rota 7,reverse,4191.5,4202.0,108.2,85.9,1104.0,2018.4,2155.7,370.1,232.9,102.3,274.0,6,20,0
2026-09-29-urgup,R-dem-rep2,R,energy,dem,0.5,average,1.0,,0.5,average,1.0,,opt-99395963-8,Optimize Rota 8,forward,2509.5,2511.6,35.5,33.9,681.0,867.5,864.0,118.1,121.6,10.4,274.0,6,8,0
2026-09-29-urgup,R-dem-rep2,R,energy,dem,0.5,average,1.0,,0.5,average,1.0,,opt-99395963-8,Optimize Rota 8,reverse,2509.5,2511.7,35.0,35.9,681.0,847.2,859.4,133.7,121.6,7.5,274.0,6,8,0
2026-09-29-urgup,A-distance,A,distance,none,0.5,average,1.0,,0.5,average,1.0,,opt-aad24bc2-1,Optimize Rota 1,forward,8379.2,8388.9,142.6,142.7,2139.3,2954.2,3063.6,631.1,521.7,11.5,1187.4,26,19,0
2026-09-29-urgup,A-distance,A,distance,none,0.5,average,1.0,,0.5,average,1.0,,opt-aad24bc2-1,Optimize Rota 1,reverse,8379.2,8388.8,143.0,142.8,2139.3,2937.1,3026.1,610.7,521.6,13.8,1187.4,26,21,0
2026-09-29-urgup,A-distance,A,distance,none,0.5,average,1.0,,0.5,average,1.0,,opt-aad24bc2-2,Optimize Rota 2,forward,8718.6,8733.7,176.4,174.8,2262.9,3341.3,3623.1,785.8,503.9,47.2,1050.4,23,11,0
2026-09-29-urgup,A-distance,A,distance,none,0.5,average,1.0,,0.5,average,1.0,,opt-aad24bc2-2,Optimize Rota 2,reverse,8718.6,8733.6,176.1,171.7,2262.9,3370.8,3652.7,785.8,503.9,37.0,1050.4,23,15,0
2026-09-29-urgup,A-distance,A,distance,none,0.5,average,1.0,,0.5,average,1.0,,opt-aad24bc2-3,Optimize Rota 3,forward,10547.6,10568.3,225.1,213.5,2782.8,4323.7,4686.0,977.2,614.9,111.0,959.0,21,35,0
2026-09-29-urgup,A-distance,A,distance,none,0.5,average,1.0,,0.5,average,1.0,,opt-aad24bc2-3,Optimize Rota 3,reverse,10547.6,10567.7,216.0,219.8,2782.8,4078.7,4459.3,995.5,614.9,72.1,959.0,21,35,0
2026-09-29-urgup,A-distance,A,distance,none,0.5,average,1.0,,0.5,average,1.0,,opt-aad24bc2-4,Optimize Rota 4,forward,9995.9,10010.4,198.3,195.5,2910.3,4103.4,4416.0,781.0,468.4,136.8,959.0,21,17,0
2026-09-29-urgup,A-distance,A,distance,none,0.5,average,1.0,,0.5,average,1.0,,opt-aad24bc2-4,Optimize Rota 4,reverse,9995.9,10010.4,194.4,198.5,2910.3,3915.1,4191.9,745.2,468.4,100.0,959.0,21,14,0
2026-09-29-urgup,A-distance,A,distance,none,0.5,average,1.0,,0.5,average,1.0,,opt-aad24bc2-5,Optimize Rota 5,forward,12446.3,12463.4,228.4,228.1,3336.3,4637.1,4903.1,992.6,726.6,28.0,913.4,20,31,0
2026-09-29-urgup,A-distance,A,distance,none,0.5,average,1.0,,0.5,average,1.0,,opt-aad24bc2-5,Optimize Rota 5,reverse,12446.3,12463.4,232.9,225.2,3336.3,4765.3,5037.4,998.8,726.6,38.0,913.4,20,25,0
2026-09-29-urgup,A-distance,A,distance,none,0.5,average,1.0,,0.5,average,1.0,,opt-aad24bc2-6,Optimize Rota 6,forward,25638.0,25711.6,737.4,730.5,6801.4,12065.3,14013.3,3271.6,1323.6,871.4,639.3,14,75,0
2026-09-29-urgup,A-distance,A,distance,none,0.5,average,1.0,,0.5,average,1.0,,opt-aad24bc2-6,Optimize Rota 6,reverse,25638.0,25712.2,732.8,740.2,6801.4,11574.6,13654.8,3403.9,1323.7,474.5,639.3,14,69,0
2026-09-29-urgup,A-distance,A,distance,none,0.5,average,1.0,,0.5,average,1.0,,opt-aad24bc2-7,Optimize Rota 7,forward,3602.8,3613.7,102.2,98.3,948.5,1647.5,1916.6,468.1,198.9,38.7,274.0,6,15,0
2026-09-29-urgup,A-distance,A,distance,none,0.5,average,1.0,,0.5,average,1.0,,opt-aad24bc2-7,Optimize Rota 7,reverse,3602.8,3613.6,101.2,98.5,948.5,1660.2,1953.3,492.0,198.9,39.5,274.0,6,17,0
2026-09-29-urgup,A-distance,A,distance,none,0.5,average,1.0,,0.5,average,1.0,,opt-aad24bc2-8,Optimize Rota 8,forward,2509.5,2511.6,35.5,33.9,681.0,867.5,864.0,118.1,121.6,10.4,274.0,6,8,0
2026-09-29-urgup,A-distance,A,distance,none,0.5,average,1.0,,0.5,average,1.0,,opt-aad24bc2-8,Optimize Rota 8,reverse,2509.5,2511.7,35.0,35.9,681.0,847.2,859.4,133.7,121.6,7.5,274.0,6,8,0
2026-09-29-urgup,R-dem-rep3,R,energy,dem,0.5,average,1.0,,0.5,average,1.0,,opt-f80325a8-1,Optimize Rota 1,forward,8519.7,8528.6,136.0,138.1,2178.7,2906.0,2962.7,583.2,526.4,13.4,1187.4,26,16,0
2026-09-29-urgup,R-dem-rep3,R,energy,dem,0.5,average,1.0,,0.5,average,1.0,,opt-f80325a8-1,Optimize Rota 1,reverse,8519.7,8528.9,137.7,137.3,2178.7,2946.9,3010.1,589.6,526.5,9.7,1187.4,26,16,0
2026-09-29-urgup,R-dem-rep3,R,energy,dem,0.5,average,1.0,,0.5,average,1.0,,opt-f80325a8-2,Optimize Rota 2,forward,8804.3,8819.4,172.0,169.8,2271.9,3336.6,3577.8,762.6,521.4,52.8,1050.4,23,12,0
2026-09-29-urgup,R-dem-rep3,R,energy,dem,0.5,average,1.0,,0.5,average,1.0,,opt-f80325a8-2,Optimize Rota 2,reverse,8804.3,8819.3,171.8,167.6,2271.9,3363.1,3616.4,774.7,521.4,37.5,1050.4,23,14,0
2026-09-29-urgup,R-dem-rep3,R,energy,dem,0.5,average,1.0,,0.5,average,1.0,,opt-f80325a8-3,Optimize Rota 3,forward,10674.5,10694.3,221.4,216.9,2815.9,4255.4,4608.1,976.9,624.2,111.8,959.0,21,34,0
2026-09-29-urgup,R-dem-rep3,R,energy,dem,0.5,average,1.0,,0.5,average,1.0,,opt-f80325a8-3,Optimize Rota 3,reverse,10674.5,10694.5,220.8,216.7,2815.9,4201.8,4551.8,974.2,624.2,73.9,959.0,21,35,0
2026-09-29-urgup,R-dem-rep3,R,energy,dem,0.5,average,1.0,,0.5,average,1.0,,opt-f80325a8-4,Optimize Rota 4,forward,10055.0,10069.5,196.4,194.9,2921.4,4081.8,4377.6,771.8,475.9,136.1,959.0,21,16,0
2026-09-29-urgup,R-dem-rep3,R,energy,dem,0.5,average,1.0,,0.5,average,1.0,,opt-f80325a8-4,Optimize Rota 4,reverse,10055.0,10069.4,192.8,196.6,2921.4,3922.6,4185.1,738.4,475.9,100.0,959.0,21,13,0
2026-09-29-urgup,R-dem-rep3,R,energy,dem,0.5,average,1.0,,0.5,average,1.0,,opt-f80325a8-5,Optimize Rota 5,forward,12906.1,12922.4,213.6,219.2,3461.3,4578.3,4746.0,913.0,745.3,31.5,913.4,20,33,0
2026-09-29-urgup,R-dem-rep3,R,energy,dem,0.5,average,1.0,,0.5,average,1.0,,opt-f80325a8-5,Optimize Rota 5,reverse,12906.1,12922.3,223.4,216.6,3461.3,4837.5,5046.6,954.4,745.3,52.4,913.4,20,24,0
2026-09-29-urgup,R-dem-rep3,R,energy,dem,0.5,average,1.0,,0.5,average,1.0,,opt-f80325a8-6,Optimize Rota 6,forward,26139.8,26214.4,720.2,737.8,6940.8,11506.1,13516.8,3354.5,1343.8,478.4,639.3,14,72,0
2026-09-29-urgup,R-dem-rep3,R,energy,dem,0.5,average,1.0,,0.5,average,1.0,,opt-f80325a8-6,Optimize Rota 6,reverse,26139.8,26213.9,735.6,721.4,6940.8,12289.8,14153.7,3207.8,1343.8,923.8,639.3,14,75,0
2026-09-29-urgup,R-dem-rep3,R,energy,dem,0.5,average,1.0,,0.5,average,1.0,,opt-f80325a8-7,Optimize Rota 7,forward,4191.5,4201.8,88.8,106.5,1104.0,1531.7,1803.2,504.4,232.9,38.3,274.0,6,22,0
2026-09-29-urgup,R-dem-rep3,R,energy,dem,0.5,average,1.0,,0.5,average,1.0,,opt-f80325a8-7,Optimize Rota 7,reverse,4191.5,4202.0,108.2,85.9,1104.0,2018.4,2155.7,370.1,232.9,102.3,274.0,6,20,0
2026-09-29-urgup,R-dem-rep3,R,energy,dem,0.5,average,1.0,,0.5,average,1.0,,opt-f80325a8-8,Optimize Rota 8,forward,2509.5,2511.6,35.5,33.9,681.0,867.5,864.0,118.1,121.6,10.4,274.0,6,8,0
2026-09-29-urgup,R-dem-rep3,R,energy,dem,0.5,average,1.0,,0.5,average,1.0,,opt-f80325a8-8,Optimize Rota 8,reverse,2509.5,2511.7,35.0,35.9,681.0,847.2,859.4,133.7,121.6,7.5,274.0,6,8,0
2026-09-29-urgup,A-distance,A,distance,none,0.5,average,1.0,,0.5,average,1.0,,opt-aad24bc2-1,Optimize Rota 1,forward,8379.2,8388.9,142.6,142.7,2139.3,2954.2,3063.6,631.1,521.7,11.5,1187.4,26,19,0
2026-09-29-urgup,A-distance,A,distance,none,0.5,average,1.0,,0.5,average,1.0,,opt-aad24bc2-1,Optimize Rota 1,reverse,8379.2,8388.8,143.0,142.8,2139.3,2937.1,3026.1,610.7,521.6,13.8,1187.4,26,21,0
2026-09-29-urgup,A-distance,A,distance,none,0.5,average,1.0,,0.5,average,1.0,,opt-aad24bc2-2,Optimize Rota 2,forward,8718.6,8733.7,176.4,174.8,2262.9,3341.3,3623.1,785.8,503.9,47.2,1050.4,23,11,0
2026-09-29-urgup,A-distance,A,distance,none,0.5,average,1.0,,0.5,average,1.0,,opt-aad24bc2-2,Optimize Rota 2,reverse,8718.6,8733.6,176.1,171.7,2262.9,3370.8,3652.7,785.8,503.9,37.0,1050.4,23,15,0
2026-09-29-urgup,A-distance,A,distance,none,0.5,average,1.0,,0.5,average,1.0,,opt-aad24bc2-3,Optimize Rota 3,forward,10547.6,10568.3,225.1,213.5,2782.8,4323.7,4686.0,977.2,614.9,111.0,959.0,21,35,0
2026-09-29-urgup,A-distance,A,distance,none,0.5,average,1.0,,0.5,average,1.0,,opt-aad24bc2-3,Optimize Rota 3,reverse,10547.6,10567.7,216.0,219.8,2782.8,4078.7,4459.3,995.5,614.9,72.1,959.0,21,35,0
2026-09-29-urgup,A-distance,A,distance,none,0.5,average,1.0,,0.5,average,1.0,,opt-aad24bc2-4,Optimize Rota 4,forward,9995.9,10010.4,198.3,195.5,2910.3,4103.4,4416.0,781.0,468.4,136.8,959.0,21,17,0
2026-09-29-urgup,A-distance,A,distance,none,0.5,average,1.0,,0.5,average,1.0,,opt-aad24bc2-4,Optimize Rota 4,reverse,9995.9,10010.4,194.4,198.5,2910.3,3915.1,4191.9,745.2,468.4,100.0,959.0,21,14,0
2026-09-29-urgup,A-distance,A,distance,none,0.5,average,1.0,,0.5,average,1.0,,opt-aad24bc2-5,Optimize Rota 5,forward,12446.3,12463.4,228.4,228.1,3336.3,4637.1,4903.1,992.6,726.6,28.0,913.4,20,31,0
2026-09-29-urgup,A-distance,A,distance,none,0.5,average,1.0,,0.5,average,1.0,,opt-aad24bc2-5,Optimize Rota 5,reverse,12446.3,12463.4,232.9,225.2,3336.3,4765.3,5037.4,998.8,726.6,38.0,913.4,20,25,0
2026-09-29-urgup,A-distance,A,distance,none,0.5,average,1.0,,0.5,average,1.0,,opt-aad24bc2-6,Optimize Rota 6,forward,25638.0,25711.6,737.4,730.5,6801.4,12065.3,14013.3,3271.6,1323.6,871.4,639.3,14,75,0
2026-09-29-urgup,A-distance,A,distance,none,0.5,average,1.0,,0.5,average,1.0,,opt-aad24bc2-6,Optimize Rota 6,reverse,25638.0,25712.2,732.8,740.2,6801.4,11574.6,13654.8,3403.9,1323.7,474.5,639.3,14,69,0
2026-09-29-urgup,A-distance,A,distance,none,0.5,average,1.0,,0.5,average,1.0,,opt-aad24bc2-7,Optimize Rota 7,forward,3602.8,3613.7,102.2,98.3,948.5,1647.5,1916.6,468.1,198.9,38.7,274.0,6,15,0
2026-09-29-urgup,A-distance,A,distance,none,0.5,average,1.0,,0.5,average,1.0,,opt-aad24bc2-7,Optimize Rota 7,reverse,3602.8,3613.6,101.2,98.5,948.5,1660.2,1953.3,492.0,198.9,39.5,274.0,6,17,0
2026-09-29-urgup,A-distance,A,distance,none,0.5,average,1.0,,0.5,average,1.0,,opt-aad24bc2-8,Optimize Rota 8,forward,2509.5,2511.6,35.5,33.9,681.0,867.5,864.0,118.1,121.6,10.4,274.0,6,8,0
2026-09-29-urgup,A-distance,A,distance,none,0.5,average,1.0,,0.5,average,1.0,,opt-aad24bc2-8,Optimize Rota 8,reverse,2509.5,2511.7,35.0,35.9,681.0,847.2,859.4,133.7,121.6,7.5,274.0,6,8,0
2026-09-29-urgup,R-balance0-distance,R,distance,none,0.5,average,1.0,,0.5,average,1.0,,opt-d6965276-1,Optimize Rota 1,forward,8379.2,8388.9,142.6,142.7,2139.3,2954.2,3063.6,631.1,521.7,11.5,1187.4,26,19,0
2026-09-29-urgup,R-balance0-distance,R,distance,none,0.5,average,1.0,,0.5,average,1.0,,opt-d6965276-1,Optimize Rota 1,reverse,8379.2,8388.8,143.0,142.8,2139.3,2937.1,3026.1,610.7,521.6,13.8,1187.4,26,21,0
2026-09-29-urgup,R-balance0-distance,R,distance,none,0.5,average,1.0,,0.5,average,1.0,,opt-d6965276-2,Optimize Rota 2,forward,8718.6,8733.7,176.4,174.8,2262.9,3341.3,3623.1,785.8,503.9,47.2,1050.4,23,11,0
2026-09-29-urgup,R-balance0-distance,R,distance,none,0.5,average,1.0,,0.5,average,1.0,,opt-d6965276-2,Optimize Rota 2,reverse,8718.6,8733.6,176.1,171.7,2262.9,3370.8,3652.7,785.8,503.9,37.0,1050.4,23,15,0
2026-09-29-urgup,R-balance0-distance,R,distance,none,0.5,average,1.0,,0.5,average,1.0,,opt-d6965276-3,Optimize Rota 3,forward,10547.6,10568.3,225.1,213.5,2782.8,4323.7,4686.0,977.2,614.9,111.0,959.0,21,35,0
2026-09-29-urgup,R-balance0-distance,R,distance,none,0.5,average,1.0,,0.5,average,1.0,,opt-d6965276-3,Optimize Rota 3,reverse,10547.6,10567.7,216.0,219.8,2782.8,4078.7,4459.3,995.5,614.9,72.1,959.0,21,35,0
2026-09-29-urgup,R-balance0-distance,R,distance,none,0.5,average,1.0,,0.5,average,1.0,,opt-d6965276-4,Optimize Rota 4,forward,9995.9,10010.4,198.3,195.5,2910.3,4103.4,4416.0,781.0,468.4,136.8,959.0,21,17,0
2026-09-29-urgup,R-balance0-distance,R,distance,none,0.5,average,1.0,,0.5,average,1.0,,opt-d6965276-4,Optimize Rota 4,reverse,9995.9,10010.4,194.4,198.5,2910.3,3915.1,4191.9,745.2,468.4,100.0,959.0,21,14,0
2026-09-29-urgup,R-balance0-distance,R,distance,none,0.5,average,1.0,,0.5,average,1.0,,opt-d6965276-5,Optimize Rota 5,forward,12446.3,12463.4,228.4,228.1,3336.3,4637.1,4903.1,992.6,726.6,28.0,913.4,20,31,0
2026-09-29-urgup,R-balance0-distance,R,distance,none,0.5,average,1.0,,0.5,average,1.0,,opt-d6965276-5,Optimize Rota 5,reverse,12446.3,12463.4,232.9,225.2,3336.3,4765.3,5037.4,998.8,726.6,38.0,913.4,20,25,0
2026-09-29-urgup,R-balance0-distance,R,distance,none,0.5,average,1.0,,0.5,average,1.0,,opt-d6965276-6,Optimize Rota 6,forward,25638.0,25711.6,737.4,730.5,6801.4,12065.3,14013.3,3271.6,1323.6,871.4,639.3,14,75,0
2026-09-29-urgup,R-balance0-distance,R,distance,none,0.5,average,1.0,,0.5,average,1.0,,opt-d6965276-6,Optimize Rota 6,reverse,25638.0,25712.2,732.8,740.2,6801.4,11574.6,13654.8,3403.9,1323.7,474.5,639.3,14,69,0
2026-09-29-urgup,R-balance0-distance,R,distance,none,0.5,average,1.0,,0.5,average,1.0,,opt-d6965276-7,Optimize Rota 7,forward,3602.8,3613.7,102.2,98.3,948.5,1647.5,1916.6,468.1,198.9,38.7,274.0,6,15,0
2026-09-29-urgup,R-balance0-distance,R,distance,none,0.5,average,1.0,,0.5,average,1.0,,opt-d6965276-7,Optimize Rota 7,reverse,3602.8,3613.6,101.2,98.5,948.5,1660.2,1953.3,492.0,198.9,39.5,274.0,6,17,0
2026-09-29-urgup,R-balance0-distance,R,distance,none,0.5,average,1.0,,0.5,average,1.0,,opt-d6965276-8,Optimize Rota 8,forward,2509.5,2511.6,35.5,33.9,681.0,867.5,864.0,118.1,121.6,10.4,274.0,6,8,0
2026-09-29-urgup,R-balance0-distance,R,distance,none,0.5,average,1.0,,0.5,average,1.0,,opt-d6965276-8,Optimize Rota 8,reverse,2509.5,2511.7,35.0,35.9,681.0,847.2,859.4,133.7,121.6,7.5,274.0,6,8,0
2026-09-29-urgup,A-distance,A,distance,none,0.5,average,1.0,,0.5,average,1.0,,opt-aad24bc2-1,Optimize Rota 1,forward,8379.2,8388.9,142.6,142.7,2139.3,2954.2,3063.6,631.1,521.7,11.5,1187.4,26,19,0
2026-09-29-urgup,A-distance,A,distance,none,0.5,average,1.0,,0.5,average,1.0,,opt-aad24bc2-1,Optimize Rota 1,reverse,8379.2,8388.8,143.0,142.8,2139.3,2937.1,3026.1,610.7,521.6,13.8,1187.4,26,21,0
2026-09-29-urgup,A-distance,A,distance,none,0.5,average,1.0,,0.5,average,1.0,,opt-aad24bc2-2,Optimize Rota 2,forward,8718.6,8733.7,176.4,174.8,2262.9,3341.3,3623.1,785.8,503.9,47.2,1050.4,23,11,0
2026-09-29-urgup,A-distance,A,distance,none,0.5,average,1.0,,0.5,average,1.0,,opt-aad24bc2-2,Optimize Rota 2,reverse,8718.6,8733.6,176.1,171.7,2262.9,3370.8,3652.7,785.8,503.9,37.0,1050.4,23,15,0
2026-09-29-urgup,A-distance,A,distance,none,0.5,average,1.0,,0.5,average,1.0,,opt-aad24bc2-3,Optimize Rota 3,forward,10547.6,10568.3,225.1,213.5,2782.8,4323.7,4686.0,977.2,614.9,111.0,959.0,21,35,0
2026-09-29-urgup,A-distance,A,distance,none,0.5,average,1.0,,0.5,average,1.0,,opt-aad24bc2-3,Optimize Rota 3,reverse,10547.6,10567.7,216.0,219.8,2782.8,4078.7,4459.3,995.5,614.9,72.1,959.0,21,35,0
2026-09-29-urgup,A-distance,A,distance,none,0.5,average,1.0,,0.5,average,1.0,,opt-aad24bc2-4,Optimize Rota 4,forward,9995.9,10010.4,198.3,195.5,2910.3,4103.4,4416.0,781.0,468.4,136.8,959.0,21,17,0
2026-09-29-urgup,A-distance,A,distance,none,0.5,average,1.0,,0.5,average,1.0,,opt-aad24bc2-4,Optimize Rota 4,reverse,9995.9,10010.4,194.4,198.5,2910.3,3915.1,4191.9,745.2,468.4,100.0,959.0,21,14,0
2026-09-29-urgup,A-distance,A,distance,none,0.5,average,1.0,,0.5,average,1.0,,opt-aad24bc2-5,Optimize Rota 5,forward,12446.3,12463.4,228.4,228.1,3336.3,4637.1,4903.1,992.6,726.6,28.0,913.4,20,31,0
2026-09-29-urgup,A-distance,A,distance,none,0.5,average,1.0,,0.5,average,1.0,,opt-aad24bc2-5,Optimize Rota 5,reverse,12446.3,12463.4,232.9,225.2,3336.3,4765.3,5037.4,998.8,726.6,38.0,913.4,20,25,0
2026-09-29-urgup,A-distance,A,distance,none,0.5,average,1.0,,0.5,average,1.0,,opt-aad24bc2-6,Optimize Rota 6,forward,25638.0,25711.6,737.4,730.5,6801.4,12065.3,14013.3,3271.6,1323.6,871.4,639.3,14,75,0
2026-09-29-urgup,A-distance,A,distance,none,0.5,average,1.0,,0.5,average,1.0,,opt-aad24bc2-6,Optimize Rota 6,reverse,25638.0,25712.2,732.8,740.2,6801.4,11574.6,13654.8,3403.9,1323.7,474.5,639.3,14,69,0
2026-09-29-urgup,A-distance,A,distance,none,0.5,average,1.0,,0.5,average,1.0,,opt-aad24bc2-7,Optimize Rota 7,forward,3602.8,3613.7,102.2,98.3,948.5,1647.5,1916.6,468.1,198.9,38.7,274.0,6,15,0
2026-09-29-urgup,A-distance,A,distance,none,0.5,average,1.0,,0.5,average,1.0,,opt-aad24bc2-7,Optimize Rota 7,reverse,3602.8,3613.6,101.2,98.5,948.5,1660.2,1953.3,492.0,198.9,39.5,274.0,6,17,0
2026-09-29-urgup,A-distance,A,distance,none,0.5,average,1.0,,0.5,average,1.0,,opt-aad24bc2-8,Optimize Rota 8,forward,2509.5,2511.6,35.5,33.9,681.0,867.5,864.0,118.1,121.6,10.4,274.0,6,8,0
2026-09-29-urgup,A-distance,A,distance,none,0.5,average,1.0,,0.5,average,1.0,,opt-aad24bc2-8,Optimize Rota 8,reverse,2509.5,2511.7,35.0,35.9,681.0,847.2,859.4,133.7,121.6,7.5,274.0,6,8,0
2026-09-29-urgup,R-balance0-dem,R,energy,dem,0.5,average,1.0,,0.5,average,1.0,,opt-9f2d1209-1,Optimize Rota 1,forward,8519.7,8528.6,136.0,138.1,2178.7,2906.0,2962.7,583.2,526.4,13.4,1187.4,26,16,0
2026-09-29-urgup,R-balance0-dem,R,energy,dem,0.5,average,1.0,,0.5,average,1.0,,opt-9f2d1209-1,Optimize Rota 1,reverse,8519.7,8528.9,137.7,137.3,2178.7,2946.9,3010.1,589.6,526.5,9.7,1187.4,26,16,0
2026-09-29-urgup,R-balance0-dem,R,energy,dem,0.5,average,1.0,,0.5,average,1.0,,opt-9f2d1209-2,Optimize Rota 2,forward,8804.3,8819.4,172.0,169.8,2271.9,3336.6,3577.8,762.6,521.4,52.8,1050.4,23,12,0
2026-09-29-urgup,R-balance0-dem,R,energy,dem,0.5,average,1.0,,0.5,average,1.0,,opt-9f2d1209-2,Optimize Rota 2,reverse,8804.3,8819.3,171.8,167.6,2271.9,3363.1,3616.4,774.7,521.4,37.5,1050.4,23,14,0
2026-09-29-urgup,R-balance0-dem,R,energy,dem,0.5,average,1.0,,0.5,average,1.0,,opt-9f2d1209-3,Optimize Rota 3,forward,10674.5,10694.3,221.4,216.9,2815.9,4255.4,4608.1,976.9,624.2,111.8,959.0,21,34,0
2026-09-29-urgup,R-balance0-dem,R,energy,dem,0.5,average,1.0,,0.5,average,1.0,,opt-9f2d1209-3,Optimize Rota 3,reverse,10674.5,10694.5,220.8,216.7,2815.9,4201.8,4551.8,974.2,624.2,73.9,959.0,21,35,0
2026-09-29-urgup,R-balance0-dem,R,energy,dem,0.5,average,1.0,,0.5,average,1.0,,opt-9f2d1209-4,Optimize Rota 4,forward,10055.0,10069.5,196.4,194.9,2921.4,4081.8,4377.6,771.8,475.9,136.1,959.0,21,16,0
2026-09-29-urgup,R-balance0-dem,R,energy,dem,0.5,average,1.0,,0.5,average,1.0,,opt-9f2d1209-4,Optimize Rota 4,reverse,10055.0,10069.4,192.8,196.6,2921.4,3922.6,4185.1,738.4,475.9,100.0,959.0,21,13,0
2026-09-29-urgup,R-balance0-dem,R,energy,dem,0.5,average,1.0,,0.5,average,1.0,,opt-9f2d1209-5,Optimize Rota 5,forward,12906.1,12922.4,213.6,219.2,3461.3,4578.3,4746.0,913.0,745.3,31.5,913.4,20,33,0
2026-09-29-urgup,R-balance0-dem,R,energy,dem,0.5,average,1.0,,0.5,average,1.0,,opt-9f2d1209-5,Optimize Rota 5,reverse,12906.1,12922.3,223.4,216.6,3461.3,4837.5,5046.6,954.4,745.3,52.4,913.4,20,24,0
2026-09-29-urgup,R-balance0-dem,R,energy,dem,0.5,average,1.0,,0.5,average,1.0,,opt-9f2d1209-6,Optimize Rota 6,forward,26139.8,26214.4,720.2,737.8,6940.8,11506.1,13516.8,3354.5,1343.8,478.4,639.3,14,72,0
2026-09-29-urgup,R-balance0-dem,R,energy,dem,0.5,average,1.0,,0.5,average,1.0,,opt-9f2d1209-6,Optimize Rota 6,reverse,26139.8,26213.9,735.6,721.4,6940.8,12289.8,14153.7,3207.8,1343.8,923.8,639.3,14,75,0
2026-09-29-urgup,R-balance0-dem,R,energy,dem,0.5,average,1.0,,0.5,average,1.0,,opt-9f2d1209-7,Optimize Rota 7,forward,4191.5,4201.8,88.8,106.5,1104.0,1531.7,1803.2,504.4,232.9,38.3,274.0,6,22,0
2026-09-29-urgup,R-balance0-dem,R,energy,dem,0.5,average,1.0,,0.5,average,1.0,,opt-9f2d1209-7,Optimize Rota 7,reverse,4191.5,4202.0,108.2,85.9,1104.0,2018.4,2155.7,370.1,232.9,102.3,274.0,6,20,0
2026-09-29-urgup,R-balance0-dem,R,energy,dem,0.5,average,1.0,,0.5,average,1.0,,opt-9f2d1209-8,Optimize Rota 8,forward,2509.5,2511.6,35.5,33.9,681.0,867.5,864.0,118.1,121.6,10.4,274.0,6,8,0
2026-09-29-urgup,R-balance0-dem,R,energy,dem,0.5,average,1.0,,0.5,average,1.0,,opt-9f2d1209-8,Optimize Rota 8,reverse,2509.5,2511.7,35.0,35.9,681.0,847.2,859.4,133.7,121.6,7.5,274.0,6,8,0
2026-09-29-urgup,A-distance,A,distance,none,0.5,average,1.0,,0.5,average,1.0,,opt-aad24bc2-1,Optimize Rota 1,forward,8379.2,8388.9,142.6,142.7,2139.3,2954.2,3063.6,631.1,521.7,11.5,1187.4,26,19,0
2026-09-29-urgup,A-distance,A,distance,none,0.5,average,1.0,,0.5,average,1.0,,opt-aad24bc2-1,Optimize Rota 1,reverse,8379.2,8388.8,143.0,142.8,2139.3,2937.1,3026.1,610.7,521.6,13.8,1187.4,26,21,0
2026-09-29-urgup,A-distance,A,distance,none,0.5,average,1.0,,0.5,average,1.0,,opt-aad24bc2-2,Optimize Rota 2,forward,8718.6,8733.7,176.4,174.8,2262.9,3341.3,3623.1,785.8,503.9,47.2,1050.4,23,11,0
2026-09-29-urgup,A-distance,A,distance,none,0.5,average,1.0,,0.5,average,1.0,,opt-aad24bc2-2,Optimize Rota 2,reverse,8718.6,8733.6,176.1,171.7,2262.9,3370.8,3652.7,785.8,503.9,37.0,1050.4,23,15,0
2026-09-29-urgup,A-distance,A,distance,none,0.5,average,1.0,,0.5,average,1.0,,opt-aad24bc2-3,Optimize Rota 3,forward,10547.6,10568.3,225.1,213.5,2782.8,4323.7,4686.0,977.2,614.9,111.0,959.0,21,35,0
2026-09-29-urgup,A-distance,A,distance,none,0.5,average,1.0,,0.5,average,1.0,,opt-aad24bc2-3,Optimize Rota 3,reverse,10547.6,10567.7,216.0,219.8,2782.8,4078.7,4459.3,995.5,614.9,72.1,959.0,21,35,0
2026-09-29-urgup,A-distance,A,distance,none,0.5,average,1.0,,0.5,average,1.0,,opt-aad24bc2-4,Optimize Rota 4,forward,9995.9,10010.4,198.3,195.5,2910.3,4103.4,4416.0,781.0,468.4,136.8,959.0,21,17,0
2026-09-29-urgup,A-distance,A,distance,none,0.5,average,1.0,,0.5,average,1.0,,opt-aad24bc2-4,Optimize Rota 4,reverse,9995.9,10010.4,194.4,198.5,2910.3,3915.1,4191.9,745.2,468.4,100.0,959.0,21,14,0
2026-09-29-urgup,A-distance,A,distance,none,0.5,average,1.0,,0.5,average,1.0,,opt-aad24bc2-5,Optimize Rota 5,forward,12446.3,12463.4,228.4,228.1,3336.3,4637.1,4903.1,992.6,726.6,28.0,913.4,20,31,0
2026-09-29-urgup,A-distance,A,distance,none,0.5,average,1.0,,0.5,average,1.0,,opt-aad24bc2-5,Optimize Rota 5,reverse,12446.3,12463.4,232.9,225.2,3336.3,4765.3,5037.4,998.8,726.6,38.0,913.4,20,25,0
2026-09-29-urgup,A-distance,A,distance,none,0.5,average,1.0,,0.5,average,1.0,,opt-aad24bc2-6,Optimize Rota 6,forward,25638.0,25711.6,737.4,730.5,6801.4,12065.3,14013.3,3271.6,1323.6,871.4,639.3,14,75,0
2026-09-29-urgup,A-distance,A,distance,none,0.5,average,1.0,,0.5,average,1.0,,opt-aad24bc2-6,Optimize Rota 6,reverse,25638.0,25712.2,732.8,740.2,6801.4,11574.6,13654.8,3403.9,1323.7,474.5,639.3,14,69,0
2026-09-29-urgup,A-distance,A,distance,none,0.5,average,1.0,,0.5,average,1.0,,opt-aad24bc2-7,Optimize Rota 7,forward,3602.8,3613.7,102.2,98.3,948.5,1647.5,1916.6,468.1,198.9,38.7,274.0,6,15,0
2026-09-29-urgup,A-distance,A,distance,none,0.5,average,1.0,,0.5,average,1.0,,opt-aad24bc2-7,Optimize Rota 7,reverse,3602.8,3613.6,101.2,98.5,948.5,1660.2,1953.3,492.0,198.9,39.5,274.0,6,17,0
2026-09-29-urgup,A-distance,A,distance,none,0.5,average,1.0,,0.5,average,1.0,,opt-aad24bc2-8,Optimize Rota 8,forward,2509.5,2511.6,35.5,33.9,681.0,867.5,864.0,118.1,121.6,10.4,274.0,6,8,0
2026-09-29-urgup,A-distance,A,distance,none,0.5,average,1.0,,0.5,average,1.0,,opt-aad24bc2-8,Optimize Rota 8,reverse,2509.5,2511.7,35.0,35.9,681.0,847.2,859.4,133.7,121.6,7.5,274.0,6,8,0
2026-09-29-urgup,R-cap0.15-dem,R,energy,dem,0.5,average,1.0,,0.5,average,1.0,,opt-98545500-1,Optimize Rota 1,forward,8762.5,8770.7,128.1,130.9,2246.0,2889.4,2890.0,534.7,534.1,2.1,1187.4,26,23,0
2026-09-29-urgup,R-cap0.15-dem,R,energy,dem,0.5,average,1.0,,0.5,average,1.0,,opt-98545500-1,Optimize Rota 1,reverse,8762.5,8770.4,131.0,127.9,2246.0,2989.7,3002.4,546.7,534.0,1.5,1187.4,26,25,0
2026-09-29-urgup,R-cap0.15-dem,R,energy,dem,0.5,average,1.0,,0.5,average,1.0,,opt-98545500-2,Optimize Rota 2,forward,8804.3,8818.0,167.8,165.3,2271.9,3286.1,3516.9,752.1,521.3,16.7,1050.4,23,29,0
2026-09-29-urgup,R-cap0.15-dem,R,energy,dem,0.5,average,1.0,,0.5,average,1.0,,opt-98545500-2,Optimize Rota 2,reverse,8804.3,8817.8,167.7,163.4,2271.9,3315.1,3556.3,762.4,521.3,7.6,1050.4,23,28,0
2026-09-29-urgup,R-cap0.15-dem,R,energy,dem,0.5,average,1.0,,0.5,average,1.0,,opt-98545500-3,Optimize Rota 3,forward,10757.6,10774.6,214.5,207.1,2836.7,4194.5,4520.5,955.5,629.6,28.5,959.0,21,58,0
2026-09-29-urgup,R-cap0.15-dem,R,energy,dem,0.5,average,1.0,,0.5,average,1.0,,opt-98545500-3,Optimize Rota 3,reverse,10757.6,10775.4,213.1,211.7,2836.7,4116.3,4449.5,962.8,629.6,27.2,959.0,21,63,0
2026-09-29-urgup,R-cap0.15-dem,R,energy,dem,0.5,average,1.0,,0.5,average,1.0,,opt-98545500-4,Optimize Rota 4,forward,10055.0,10068.0,193.6,189.3,2921.4,4042.2,4336.2,769.8,475.8,67.5,959.0,21,24,0
2026-09-29-urgup,R-cap0.15-dem,R,energy,dem,0.5,average,1.0,,0.5,average,1.0,,opt-98545500-4,Optimize Rota 4,reverse,10055.0,10068.2,187.1,195.5,2921.4,3839.0,4101.3,738.1,475.8,86.8,959.0,21,20,0
2026-09-29-urgup,R-cap0.15-dem,R,energy,dem,0.5,average,1.0,,0.5,average,1.0,,opt-98545500-5,Optimize Rota 5,forward,12906.1,12920.8,208.3,215.5,3461.3,4510.3,4668.9,903.8,745.2,2.1,913.4,20,42,0
2026-09-29-urgup,R-cap0.15-dem,R,energy,dem,0.5,average,1.0,,0.5,average,1.0,,opt-98545500-5,Optimize Rota 5,reverse,12906.1,12920.9,220.8,210.7,3461.3,4815.1,5007.4,937.5,745.2,10.8,913.4,20,35,0
2026-09-29-urgup,R-cap0.15-dem,R,energy,dem,0.5,average,1.0,,0.5,average,1.0,,opt-98545500-6,Optimize Rota 6,forward,26187.1,26252.2,684.0,722.5,6948.8,10945.9,12977.2,3382.9,1351.6,216.7,639.3,14,135,0
2026-09-29-urgup,R-cap0.15-dem,R,energy,dem,0.5,average,1.0,,0.5,average,1.0,,opt-98545500-6,Optimize Rota 6,reverse,26187.1,26250.7,715.6,684.8,6948.8,12004.1,13863.2,3210.6,1351.5,449.4,639.3,14,140,0
2026-09-29-urgup,R-cap0.15-dem,R,energy,dem,0.5,average,1.0,,0.5,average,1.0,,opt-98545500-7,Optimize Rota 7,forward,4093.8,4102.6,82.6,100.8,1073.2,1419.7,1665.7,477.8,231.9,2.7,274.0,6,31,0
2026-09-29-urgup,R-cap0.15-dem,R,energy,dem,0.5,average,1.0,,0.5,average,1.0,,opt-98545500-7,Optimize Rota 7,reverse,4093.8,4102.9,102.1,82.6,1073.2,1908.8,2089.4,412.4,231.9,21.2,274.0,6,33,0
2026-09-29-urgup,R-cap0.15-dem,R,energy,dem,0.5,average,1.0,,0.5,average,1.0,,opt-98545500-8,Optimize Rota 8,forward,2509.5,2511.4,35.3,33.0,681.0,865.8,860.4,116.2,121.6,3.2,274.0,6,8,0
2026-09-29-urgup,R-cap0.15-dem,R,energy,dem,0.5,average,1.0,,0.5,average,1.0,,opt-98545500-8,Optimize Rota 8,reverse,2509.5,2511.5,34.2,35.4,681.0,836.6,848.2,133.1,121.6,3.5,274.0,6,11,0
2026-09-29-urgup,A-distance,A,distance,none,0.5,average,1.0,,0.5,average,1.0,,opt-aad24bc2-1,Optimize Rota 1,forward,8379.2,8388.4,141.0,141.1,2139.3,2936.0,3040.1,625.7,521.6,0.6,1187.4,26,28,0
2026-09-29-urgup,A-distance,A,distance,none,0.5,average,1.0,,0.5,average,1.0,,opt-aad24bc2-1,Optimize Rota 1,reverse,8379.2,8388.1,141.0,140.8,2139.3,2914.1,2997.3,604.8,521.6,1.0,1187.4,26,29,0
2026-09-29-urgup,A-distance,A,distance,none,0.5,average,1.0,,0.5,average,1.0,,opt-aad24bc2-2,Optimize Rota 2,forward,8718.6,8732.3,172.2,170.7,2262.9,3290.0,3561.5,775.3,503.8,15.2,1050.4,23,28,0
2026-09-29-urgup,A-distance,A,distance,none,0.5,average,1.0,,0.5,average,1.0,,opt-aad24bc2-2,Optimize Rota 2,reverse,8718.6,8732.2,172.0,167.5,2262.9,3323.5,3593.2,773.5,503.8,7.1,1050.4,23,27,0
2026-09-29-urgup,A-distance,A,distance,none,0.5,average,1.0,,0.5,average,1.0,,opt-aad24bc2-3,Optimize Rota 3,forward,10547.6,10565.2,219.5,201.1,2782.8,4275.5,4604.2,943.4,614.7,17.8,959.0,21,61,0
2026-09-29-urgup,A-distance,A,distance,none,0.5,average,1.0,,0.5,average,1.0,,opt-aad24bc2-3,Optimize Rota 3,reverse,10547.6,10565.1,206.4,214.4,2782.8,3950.5,4318.8,983.0,614.7,27.2,959.0,21,59,0
2026-09-29-urgup,A-distance,A,distance,none,0.5,average,1.0,,0.5,average,1.0,,opt-aad24bc2-4,Optimize Rota 4,forward,9995.9,10009.0,195.5,189.8,2910.3,4064.0,4374.5,778.9,468.3,67.5,959.0,21,25,0
2026-09-29-urgup,A-distance,A,distance,none,0.5,average,1.0,,0.5,average,1.0,,opt-aad24bc2-4,Optimize Rota 4,reverse,9995.9,10009.2,188.7,197.4,2910.3,3831.2,4107.8,744.9,468.3,86.8,959.0,21,21,0
2026-09-29-urgup,A-distance,A,distance,none,0.5,average,1.0,,0.5,average,1.0,,opt-aad24bc2-5,Optimize Rota 5,forward,12446.3,12462.1,224.5,224.4,3336.3,4590.5,4846.3,982.3,726.5,0.6,913.4,20,41,0
2026-09-29-urgup,A-distance,A,distance,none,0.5,average,1.0,,0.5,average,1.0,,opt-aad24bc2-5,Optimize Rota 5,reverse,12446.3,12462.0,228.1,221.2,3336.3,4707.6,4968.2,987.1,726.5,10.4,913.4,20,38,0
2026-09-29-urgup,A-distance,A,distance,none,0.5,average,1.0,,0.5,average,1.0,,opt-aad24bc2-6,Optimize Rota 6,forward,25638.0,25701.3,712.1,694.8,6801.4,11705.7,13643.7,3261.1,1323.1,432.9,639.3,14,136,0
2026-09-29-urgup,A-distance,A,distance,none,0.5,average,1.0,,0.5,average,1.0,,opt-aad24bc2-6,Optimize Rota 6,reverse,25638.0,25703.1,699.8,719.1,6801.4,11095.5,13170.7,3398.4,1323.2,215.2,639.3,14,131,0
2026-09-29-urgup,A-distance,A,distance,none,0.5,average,1.0,,0.5,average,1.0,,opt-aad24bc2-7,Optimize Rota 7,forward,3602.8,3612.2,97.7,93.8,948.5,1592.4,1849.9,456.4,198.8,5.2,274.0,6,31,0
2026-09-29-urgup,A-distance,A,distance,none,0.5,average,1.0,,0.5,average,1.0,,opt-aad24bc2-7,Optimize Rota 7,reverse,3602.8,3612.0,96.4,93.7,948.5,1603.5,1883.4,478.8,198.8,4.1,274.0,6,32,0
2026-09-29-urgup,A-distance,A,distance,none,0.5,average,1.0,,0.5,average,1.0,,opt-aad24bc2-8,Optimize Rota 8,forward,2509.5,2511.4,35.3,33.0,681.0,865.8,860.4,116.2,121.6,3.2,274.0,6,8,0
2026-09-29-urgup,A-distance,A,distance,none,0.5,average,1.0,,0.5,average,1.0,,opt-aad24bc2-8,Optimize Rota 8,reverse,2509.5,2511.5,34.2,35.4,681.0,836.6,848.2,133.1,121.6,3.5,274.0,6,11,0
2026-09-29-urgup,R-cap0.3-dem,R,energy,dem,0.5,average,1.0,,0.5,average,1.0,,opt-9d655f45-1,Optimize Rota 1,forward,8519.7,8529.4,137.2,139.9,2178.7,2923.5,2980.7,583.6,526.5,35.5,1187.4,26,12,0
2026-09-29-urgup,R-cap0.3-dem,R,energy,dem,0.5,average,1.0,,0.5,average,1.0,,opt-9d655f45-1,Optimize Rota 1,reverse,8519.7,8529.6,139.6,138.2,2178.7,2974.1,3037.4,589.8,526.5,20.2,1187.4,26,9,0
2026-09-29-urgup,R-cap0.3-dem,R,energy,dem,0.5,average,1.0,,0.5,average,1.0,,opt-9d655f45-2,Optimize Rota 2,forward,8804.3,8820.8,175.6,172.2,2271.9,3389.7,3631.3,763.1,521.5,82.5,1050.4,23,6,0
2026-09-29-urgup,R-cap0.3-dem,R,energy,dem,0.5,average,1.0,,0.5,average,1.0,,opt-9d655f45-2,Optimize Rota 2,reverse,8804.3,8820.7,175.4,170.4,2271.9,3415.7,3669.6,775.4,521.5,72.3,1050.4,23,9,0
2026-09-29-urgup,R-cap0.3-dem,R,energy,dem,0.5,average,1.0,,0.5,average,1.0,,opt-9d655f45-3,Optimize Rota 3,forward,10674.5,10697.0,226.0,223.8,2815.9,4321.4,4675.5,978.4,624.4,198.1,959.0,21,17,0
2026-09-29-urgup,R-cap0.3-dem,R,energy,dem,0.5,average,1.0,,0.5,average,1.0,,opt-9d655f45-3,Optimize Rota 3,reverse,10674.5,10696.4,224.8,220.7,2815.9,4260.2,4611.0,975.1,624.3,124.1,959.0,21,21,0
2026-09-29-urgup,R-cap0.3-dem,R,energy,dem,0.5,average,1.0,,0.5,average,1.0,,opt-9d655f45-4,Optimize Rota 4,forward,10055.0,10070.1,197.1,197.2,2921.4,4092.0,4388.2,772.1,475.9,164.5,959.0,21,6,0
2026-09-29-urgup,R-cap0.3-dem,R,energy,dem,0.5,average,1.0,,0.5,average,1.0,,opt-9d655f45-4,Optimize Rota 4,reverse,10055.0,10070.5,197.7,197.0,2921.4,3994.3,4256.8,738.5,475.9,105.2,959.0,21,7,0
2026-09-29-urgup,R-cap0.3-dem,R,energy,dem,0.5,average,1.0,,0.5,average,1.0,,opt-9d655f45-5,Optimize Rota 5,forward,12717.3,12734.8,220.9,222.4,3414.0,4642.8,4835.0,924.9,732.8,62.3,913.4,20,14,0
2026-09-29-urgup,R-cap0.3-dem,R,energy,dem,0.5,average,1.0,,0.5,average,1.0,,opt-9d655f45-5,Optimize Rota 5,reverse,12717.3,12734.7,225.0,218.4,3414.0,4814.2,5033.4,952.0,732.8,79.9,913.4,20,17,0
2026-09-29-urgup,R-cap0.3-dem,R,energy,dem,0.5,average,1.0,,0.5,average,1.0,,opt-9d655f45-6,Optimize Rota 6,forward,25902.7,25983.7,745.2,744.4,6875.9,11856.6,13867.3,3341.6,1330.9,621.5,639.3,14,37,0
2026-09-29-urgup,R-cap0.3-dem,R,energy,dem,0.5,average,1.0,,0.5,average,1.0,,opt-9d655f45-6,Optimize Rota 6,reverse,25902.7,25982.9,744.8,738.8,6875.9,12322.3,14225.3,3233.8,1330.8,1085.2,639.3,14,36,0
2026-09-29-urgup,R-cap0.3-dem,R,energy,dem,0.5,average,1.0,,0.5,average,1.0,,opt-9d655f45-7,Optimize Rota 7,forward,3654.2,3666.1,102.2,101.9,960.9,1650.1,1923.9,476.8,203.0,67.4,274.0,6,8,0
2026-09-29-urgup,R-cap0.3-dem,R,energy,dem,0.5,average,1.0,,0.5,average,1.0,,opt-9d655f45-7,Optimize Rota 7,reverse,3654.2,3665.9,102.5,99.6,960.9,1699.2,1980.2,483.9,203.0,69.2,274.0,6,9,0
2026-09-29-urgup,R-cap0.3-dem,R,energy,dem,0.5,average,1.0,,0.5,average,1.0,,opt-9d655f45-8,Optimize Rota 8,forward,2509.5,2511.8,35.7,34.3,681.0,869.3,865.9,118.2,121.6,16.0,274.0,6,6,0
2026-09-29-urgup,R-cap0.3-dem,R,energy,dem,0.5,average,1.0,,0.5,average,1.0,,opt-9d655f45-8,Optimize Rota 8,reverse,2509.5,2511.8,35.2,35.9,681.0,850.2,862.3,133.7,121.6,8.7,274.0,6,5,0
2026-09-29-urgup,A-distance,A,distance,none,0.5,average,1.0,,0.5,average,1.0,,opt-aad24bc2-1,Optimize Rota 1,forward,8379.2,8389.7,144.2,144.1,2139.3,2978.2,3087.9,631.4,521.7,28.3,1187.4,26,14,0
2026-09-29-urgup,A-distance,A,distance,none,0.5,average,1.0,,0.5,average,1.0,,opt-aad24bc2-1,Optimize Rota 1,reverse,8379.2,8389.6,144.9,144.5,2139.3,2963.6,3053.0,611.1,521.7,34.9,1187.4,26,14,0
2026-09-29-urgup,A-distance,A,distance,none,0.5,average,1.0,,0.5,average,1.0,,opt-aad24bc2-2,Optimize Rota 2,forward,8718.6,8735.1,180.4,177.1,2262.9,3398.7,3681.0,786.3,504.0,75.3,1050.4,23,7,0
2026-09-29-urgup,A-distance,A,distance,none,0.5,average,1.0,,0.5,average,1.0,,opt-aad24bc2-2,Optimize Rota 2,reverse,8718.6,8735.1,179.7,174.7,2262.9,3423.4,3705.8,786.5,504.0,74.5,1050.4,23,9,0
2026-09-29-urgup,A-distance,A,distance,none,0.5,average,1.0,,0.5,average,1.0,,opt-aad24bc2-3,Optimize Rota 3,forward,10547.6,10571.0,228.6,221.7,2782.8,4373.8,4737.8,979.0,615.1,211.8,959.0,21,20,0
2026-09-29-urgup,A-distance,A,distance,none,0.5,average,1.0,,0.5,average,1.0,,opt-aad24bc2-3,Optimize Rota 3,reverse,10547.6,10570.1,223.1,223.2,2782.8,4181.5,4562.7,996.2,615.0,113.7,959.0,21,21,0
2026-09-29-urgup,A-distance,A,distance,none,0.5,average,1.0,,0.5,average,1.0,,opt-aad24bc2-4,Optimize Rota 4,forward,9995.9,10011.1,199.0,197.9,2910.3,4113.6,4426.6,781.4,468.4,167.2,959.0,21,7,0
2026-09-29-urgup,A-distance,A,distance,none,0.5,average,1.0,,0.5,average,1.0,,opt-aad24bc2-4,Optimize Rota 4,reverse,9995.9,10011.6,199.4,198.9,2910.3,3987.4,4264.3,745.3,468.5,105.2,959.0,21,8,0
2026-09-29-urgup,A-distance,A,distance,none,0.5,average,1.0,,0.5,average,1.0,,opt-aad24bc2-5,Optimize Rota 5,forward,12446.3,12464.8,231.5,231.0,3336.3,4681.9,4948.5,993.3,726.7,63.7,913.4,20,17,0
2026-09-29-urgup,A-distance,A,distance,none,0.5,average,1.0,,0.5,average,1.0,,opt-aad24bc2-5,Optimize Rota 5,reverse,12446.3,12464.7,234.6,228.7,3336.3,4789.5,5062.5,999.6,726.7,82.2,913.4,20,19,0
2026-09-29-urgup,A-distance,A,distance,none,0.5,average,1.0,,0.5,average,1.0,,opt-aad24bc2-6,Optimize Rota 6,forward,25638.0,25718.9,752.5,747.3,6801.4,12284.2,14234.5,3274.4,1324.0,1081.8,639.3,14,38,0
2026-09-29-urgup,A-distance,A,distance,none,0.5,average,1.0,,0.5,average,1.0,,opt-aad24bc2-6,Optimize Rota 6,reverse,25638.0,25719.8,753.9,752.0,6801.4,11881.3,13963.3,3406.0,1324.0,622.5,639.3,14,40,0
2026-09-29-urgup,A-distance,A,distance,none,0.5,average,1.0,,0.5,average,1.0,,opt-aad24bc2-7,Optimize Rota 7,forward,3602.8,3614.7,104.1,101.0,948.5,1673.6,1943.3,468.7,199.0,72.6,274.0,6,7,0
2026-09-29-urgup,A-distance,A,distance,none,0.5,average,1.0,,0.5,average,1.0,,opt-aad24bc2-7,Optimize Rota 7,reverse,3602.8,3614.7,103.4,101.0,948.5,1691.9,1985.4,492.5,199.0,70.8,274.0,6,7,0
2026-09-29-urgup,A-distance,A,distance,none,0.5,average,1.0,,0.5,average,1.0,,opt-aad24bc2-8,Optimize Rota 8,forward,2509.5,2511.8,35.7,34.3,681.0,869.3,865.9,118.2,121.6,16.0,274.0,6,6,0
2026-09-29-urgup,A-distance,A,distance,none,0.5,average,1.0,,0.5,average,1.0,,opt-aad24bc2-8,Optimize Rota 8,reverse,2509.5,2511.8,35.2,35.9,681.0,850.2,862.3,133.7,121.6,8.7,274.0,6,5,0
